,P_WOM_U,P_MARKETING_U,P_EXPERIENCE_U,P_SHARE,V_WOM_U,V_MARKETING_U,V_EXPERIENCE_U,V_SHARE,yw,ym,yp,yi,yr,yprof,yc
0,0.010000000000000163,0.0116464763519823,0.010000000000000163,0.0,0.010000000000000007,0.011646476351981946,0.010000000000000007,0.0,,,,,,,
1,0.010000342578739772,0.01355919249080628,0.010000000000000163,0.008,0.010000244699099724,0.013413970788892053,0.010000000000000007,0.0,,,,,,,
2,0.010000997989794156,0.015555833313582821,0.010055672063492626,0.0135,0.010000651883629705,0.015423501395658479,0.010000000000000007,0.02,9.925041448184315,2.121030380214075,8.681977873380346,164.16330278262063,77.1348233579547,49.24206561993541,27.89275773801925
3,0.010002199900036604,0.017781620522225556,0.010152306188293466,0.031,0.010002075603502828,0.018151260757023113,0.010068983840548527,0.03,9.651699546714655,2.000067061202533,8.4710462780392,167.49478628969342,76.38217411329497,48.98495586593776,27.39721824735716
4,0.010003808933536229,0.020665915418499468,0.010308849815369628,0.0375,0.010003815257948483,0.021710387202943385,0.010380781263912724,0.03,9.378357645244996,1.879103742190991,8.260114682698054,170.82626979676618,75.62952486863523,48.72784611194012,26.901678756695066
5,0.010006727237170486,0.023784366729659032,0.010611079710560927,0.051,0.010007481576172997,0.02455128489426547,0.01055302766677352,0.055,9.105015743775336,1.758140423179449,8.049183087356909,174.15775330383894,74.8768756239755,48.47073635794248,26.406139266032977
6,0.0100105460535836,0.027200848579958456,0.01067984225152771,0.059,0.010010433989203505,0.02767517259404819,0.011075711227462712,0.03,8.831673842305678,1.637177104167907,7.838251492015763,177.48923681091173,74.12422637931576,48.21362660394483,25.910599775370887
7,0.010014405347499247,0.03104189717145825,0.010905940184936182,0.0645,0.01001712853057648,0.03151728904842914,0.011553949469358392,0.055,8.558331940836018,1.5162137851563648,7.627319896674617,180.82072031798452,73.37157713465602,47.956516849947185,25.415060284708794
8,0.010019489657146424,0.03521882884185767,0.011219608270539687,0.065,0.010022271391457322,0.036077634257408286,0.012031627434542608,0.055,8.28499003936636,1.395250466144823,7.4163883013334715,184.15220382505728,72.61892788999629,47.69940709594954,24.919520794046704
9,0.010025903563131182,0.039818085345548836,0.011784274180604164,0.063,0.010031726432549078,0.03957245596694621,0.01200603997993833,0.105,8.0116481378967,1.2742871471332808,7.205456705992326,187.48368733213005,71.86627864533655,47.44229734195189,24.423981303384615
10,0.010034351349036599,0.044677221376778285,0.012400659848036092,0.0735,0.010041240598852313,0.0439708292523929,0.012636339932959395,0.08,7.738306236427039,1.153323828121739,6.994525110651184,190.81517083920292,71.11362940067681,47.18518758795427,23.92844181272253
11,0.010044332608866073,0.05000065576288274,0.012955432420884778,0.0815,0.01004986898330847,0.049241523460999546,0.013095357912719405,0.075,7.587825446163589,1.1673417735417635,6.839181368215938,189.71040504399596,72.04306469479445,47.9696187971046,24.07344589768985
12,0.010055155255550743,0.05554668612006058,0.013282746189720555,0.078,0.010062177095846548,0.055989928827804826,0.014264258439970678,0.05,7.527754567717334,1.105059710811548,6.791538287314939,188.18112399824432,72.76684822420623,48.4812650716144,24.285583152591816
13,0.010068327565150486,0.06201160196480214,0.014032995521397485,0.0745,0.010073874714542718,0.06191484686502522,0.014278473307922314,0.105,7.5703293025292915,1.1210132091507743,6.8284163740460615,187.5148541569745,72.84798940067681,48.463747284499554,24.38424211617725
14,0.010084301977511886,0.06848353787045579,0.014736039797368441,0.0835,0.010089258734268323,0.06826078775892866,0.014683258394073551,0.08,7.534004811948746,1.120167380623285,6.792937711993005,188.65210014627934,72.4811811653827,48.26054065348352,24.220640511899177
15,0.010101456768316914,0.07528250483822976,0.01559866022342475,0.0825,0.01010695901016972,0.07614046245949183,0.015296242822862733,0.085,7.403265094971932,0.8448881783100651,6.76260819947395,190.96791713974335,71.59253881244152,47.7171630064247,23.87537580601682
16,0.010121695153892307,0.08212250502768699,0.016623054377948702,0.079,0.010122886958630443,0.0838427966162678,0.015424414734720657,0.105,7.255609452687659,0.7733499953214116,6.647863389785369,193.98993139999294,70.65812534908827,47.23118065348352,23.42694469560474
17,0.01014668615307628,0.0894719106972584,0.017299304112975557,0.079,0.010145601581701089,0.09124542581168683,0.016031845113030435,0.085,7.185433484864632,0.7138896299786931,6.623333574214162,193.6219278349305,70.9290263116551,47.455881081291004,23.4731452303641
18,0.010170087078210314,0.09651530421867213,0.018708285882120472,0.08,0.010162625877676308,0.09887307641366784,0.015827190289247638,0.115,7.526931708944884,0.8813199186770869,6.835133612991058,184.8311015043983,73.9731288326635,49.22872659949829,24.74440223316522
19,0.010200575962591232,0.10464069565163917,0.019725874242456018,0.083,0.010185927951188369,0.10652013831983226,0.01628327902599937,0.09,7.4074061209319,0.8675843234288867,6.72943274678599,185.91118171830206,73.91992295031056,49.33808839762663,24.58183455268394
20,0.010232063820442096,0.11376631449367668,0.02056882495060807,0.085,0.010202551098373324,0.11633822256404588,0.017033926298280593,0.075,7.483080755867961,0.9521120235311026,6.740901959735762,183.8713311113926,74.84901236207527,49.96442991023167,24.884582451843603
21,0.010264337956926665,0.12262879848374877,0.021282217401822564,0.0915,0.010230588151955631,0.12468332256431963,0.0185103159895135,0.07,7.2184694233900775,0.7486149913466252,6.631383058080355,189.74821090678904,72.7773541523566,48.74740149590943,24.029952656447183
22,0.01030501223097457,0.13162465406488766,0.022773208201854085,0.085,0.010262468954571356,0.13558097807513825,0.018538643146044864,0.1,7.305501702657803,0.7720428080691693,6.694901983054804,186.08024483147003,74.17093566496165,49.62177432504107,24.549161339920573
23,0.010346064136233983,0.14112253993585788,0.023681813408405833,0.0835,0.010297041730730214,0.14406698980731966,0.019227260868754325,0.075,7.2845648815385555,0.7720905031384978,6.673823537078744,185.9999107241429,74.33324425629293,49.77346614005655,24.55977811623636
24,0.010388545796961345,0.15070362607456197,0.025043302726133896,0.085,0.010332612663805035,0.15317022033726177,0.01960250745857918,0.085,7.119628609604663,0.73130024764236,6.54059460338413,190.5486559017271,72.61912407970301,48.71072378234267,23.908400297360334
25,0.010441749531925537,0.16088432359646204,0.026375280322365875,0.09,0.010382775785731178,0.1646163495447547,0.021405470850008487,0.075,7.390272636987335,0.8715926894053899,6.700653978848089,183.8636968200552,74.82187800951023,49.94162979651305,24.880248212997174
26,0.010492906846619167,0.1713601228274278,0.027685242041417965,0.0995,0.010436153387158203,0.1733508071453731,0.024007066001263,0.07,7.454300341416567,0.9001550779474906,6.739428533255839,180.5645074057274,75.93364409947563,50.58323056544808,25.350413534027552
27,0.010555666772127029,0.18179576835831668,0.03023073934495584,0.099,0.010495295020831723,0.18378921127064735,0.02558166623995249,0.11,7.770989066906763,1.0476158622612162,6.946608307339385,173.54448751371262,78.14912522479531,51.78291842563563,26.366206799159688
28,0.010621524556397104,0.1932667459762192,0.03198292377905273,0.0895,0.010556675999012569,0.1951008858600631,0.02773126145025278,0.07,7.677470093612766,1.011666181183966,6.880057300488182,174.68120428931175,77.85722875420709,51.659933392955885,26.19729536125119
29,0.010687160277767307,0.2036383454557296,0.03534184215760419,0.1005,0.010611278257249218,0.204249001175829,0.02834913158887313,0.115,7.366139336039359,0.9591632976776221,6.618400787112008,180.18764582889054,76.52350796989336,51.13223330580992,25.391274664083436
30,0.01075532782912056,0.21469189694362448,0.038063955293723424,0.0965,0.01067197339916774,0.21463952124850977,0.02964663869666003,0.09,7.177976365933284,0.7988268281318951,6.533216470533829,182.56649736950678,75.7725600707337,50.74063064474549,25.0319294259882
31,0.010851465282945354,0.2259144345911711,0.04068563721637915,0.1005,0.010771107842081734,0.226612809166842,0.030766419306847426,0.095,7.2342864474880315,0.8130945706271233,6.575454020421041,179.77590913421267,76.71407654132193,51.286279468274905,25.427797073047024
32,0.010932739971107688,0.23679452570660303,0.0436424301876497,0.0865,0.01083764112706489,0.23809440899885773,0.029114186502553267,0.145,7.020243043068798,0.7587218660878016,6.405456441142415,182.18482476106948,76.40380659479786,51.339793389843535,25.064013204954325
33,0.01103393946275993,0.2476701589466382,0.0453376247456878,0.117,0.010912192848067674,0.2498582154377388,0.030931293184367843,0.085,6.8945149897559705,0.7497310933081015,6.288779137541237,183.01628643664878,76.57035160895326,51.635688042249946,24.934663566703303
34,0.01115415012784881,0.25976907927810844,0.04805898915458554,0.1135,0.010999956392943863,0.2608192261439583,0.034251828269832,0.09,6.98684511677533,0.9446143505942444,6.246349425156321,181.09014264579915,77.61117513836501,52.395903728524466,25.215271409840557
35,0.011287868307780993,0.27111279742175093,0.049982158757782974,0.1,0.0110851539150959,0.27270078864103225,0.03754698122656616,0.075,6.921311786074834,0.9182414565136165,6.194736382633867,181.27785478948013,77.79910563762354,52.61538081700691,25.183724820616636
36,0.011401288819092904,0.28245057067472423,0.053905627420957405,0.1075,0.011195871689305066,0.28383243495844,0.038201865094091784,0.125,6.896294516294293,0.9182315535625372,6.169755463929849,181.90022555596852,77.56958294854792,52.477146802492015,25.092436146055903
37,0.011532395958256517,0.29361575701597886,0.05835347430684981,0.1115,0.011296601256559386,0.29602412134775585,0.04036835609944899,0.135,6.8522823807138025,0.9035276664210883,6.136749865768934,182.1796373206744,77.50886194014456,52.463428595209095,25.045433344935454
38,0.011683026402964862,0.30501647934621984,0.06194448487737991,0.111,0.01140669486037603,0.3071279244449876,0.04298831702820765,0.105,7.090611661909634,1.0274017725120514,6.266265167162132,176.58649333539154,79.34459977834618,53.48648942439203,25.858110353954167
39,0.011827163956164557,0.31624283514380847,0.06600367024372027,0.113,0.011519632183261122,0.31688253771040464,0.046124105774573015,0.1,6.964312301469626,1.0039739557895073,6.163504801936682,179.2755060111689,78.54485967139432,53.07552828357207,25.46933138782226
40,0.012005074111212589,0.3276753327899818,0.07067009574912889,0.114,0.011662110339723385,0.3293802247224062,0.051035681250855836,0.11,6.989844717399674,1.016109042531635,6.176916186926137,178.87758031457446,78.5827031388866,53.05732345385069,25.525379685035876
41,0.012188833797630168,0.3385650670930621,0.07528223684923331,0.1125,0.011825569070904398,0.34192183660755754,0.05389102484334288,0.11,7.034303950032998,1.016261547978258,6.221206704674661,174.8771588586358,80.32203328087442,54.23975991767762,26.0822733631968
42,0.012381210936114233,0.350434294234846,0.0765116043904207,0.1325,0.011941474477762237,0.35268160869888987,0.061458080084449945,0.075,6.716959283533918,0.8759691062152279,6.014417642874143,180.73107218867366,78.66848405694955,53.44888914160248,25.21959491534707
43,0.01258543522097167,0.36130389465930735,0.07932481916522628,0.1235,0.012132339918218518,0.3640257387938341,0.06866446956262796,0.085,6.5397648573263965,0.8362169370332456,5.8712774794605345,184.31246652418562,77.8044793510672,53.1086033899685,24.695875961098704
44,0.012787479556397873,0.37249952763790267,0.08546841365816087,0.123,0.012387261588833015,0.37594429347769315,0.07018084068284396,0.14,6.433846510860084,0.7396907321587725,5.825277239690713,184.2972639098066,78.0421527628319,53.35077876251751,24.69137400031439
45,0.013046276855396902,0.3836012870675966,0.08886844793684653,0.14,0.012543524717986174,0.386841059674988,0.08136316081457975,0.105,6.370313251198233,0.7396907321587726,5.761712019203467,184.35580857211596,78.27754335106721,53.60119173637372,24.676351614693477
46,0.0133195588057547,0.3951851178419338,0.09205555606930708,0.13,0.012790191439562464,0.3974144669811419,0.08982752632063506,0.095,6.430724912707712,0.7397376970525145,5.821999134237446,182.40369914038027,78.87242325302797,53.924080046558906,24.948343206469076
47,0.013586269500472141,0.4066096859015483,0.0989530989100876,0.1455,0.013038431326503817,0.40739618794506044,0.09239422776032835,0.165,6.348032311857848,0.7470433992561759,5.732152320351016,183.23589889528225,78.93021232865824,54.10682929375779,24.823383034900445
48,0.013896795607971501,0.41771050451917974,0.1033508908491911,0.1395,0.013294605002741995,0.4195582106825534,0.0981230521477968,0.125,6.14668363218669,0.7327756567609476,5.545035711228563,186.43754545134058,78.37985703454059,54.025898961932754,24.35395807260784
49,0.014149550018861402,0.42849319314139694,0.1103956457448661,0.1575,0.013583676813633478,0.42897283894893457,0.106358813150379,0.15,6.137442894424281,0.7083647520481855,5.556248115382144,185.11367438776364,78.90300569764219,54.366692455693894,24.536313241948303
50,0.014470102719942838,0.43945600860780343,0.11782167428070094,0.16,0.014013198062963974,0.43891569797062424,0.11080665697397887,0.175,6.331051176426132,0.8170824837451809,5.658354052201315,180.61071169798547,80.35090239688616,55.15655439557956,25.194348001306594
51,0.014788655896017749,0.45022718086096686,0.12353729912257366,0.1565,0.014299407987024148,0.45035062920856517,0.11859611309562414,0.15,5.9822483928335926,0.5690728648032644,5.4903289125460075,187.0864388221685,78.1481576910038,53.90627782695212,24.24187986405169
52,0.015243253569245371,0.46075603182731906,0.12735526156104915,0.1605,0.014822616864501396,0.4592155603130976,0.13007584991987273,0.125,5.781580619977089,0.43465651856464904,5.398804713627141,190.94013594489678,76.88690595622404,53.215957075058355,23.67094888116569
53,0.015602421672962125,0.471280504118155,0.13685755273725986,0.1665,0.015075102841726336,0.46932754491756884,0.13631713099363985,0.18,5.74295487699697,0.43465651856464904,5.360233797455793,190.31890208549936,77.3554076983843,53.60510277602167,23.750304922362652
54,0.01604966352054854,0.48168331393309743,0.14453995383877227,0.167,0.0155741418578075,0.47911592823627436,0.14343815843085445,0.16,5.482975183448907,0.3319324289287947,5.186519408008273,194.9476135700932,76.09752030342634,53.029358238206534,23.0681620652198
55,0.016469010132055605,0.49182202648124707,0.1519755674280114,0.1715,0.01598563674075745,0.49114220525427343,0.15278306381158224,0.16,5.112332538161572,0.2070681755351295,4.92571195571017,201.4860179351987,74.32785364115112,52.22175599856488,22.106097642586246
56,0.017023878386166556,0.5014931088377993,0.16228415443315158,0.1905,0.016555649123497634,0.5005249649423039,0.16167481306936288,0.195,5.1172187266641584,0.20709523519126372,4.930603530393319,199.91306041885883,75.07158572671263,52.747448868440095,22.324136858272517
57,0.01761483243723147,0.5109528719518924,0.1705231628812396,0.1925,0.01712439951939064,0.511111537602329,0.17557486611413517,0.165,4.976140654084438,0.1885036486981492,4.808187611828194,201.25375603043682,75.05237967629246,52.93366620737567,22.118713468916777
58,0.018147092685888943,0.5204147133270738,0.1739849989454847,0.2085,0.017861155085180366,0.5218846912053418,0.19187839173548024,0.145,4.866017489144266,0.18835114325152613,4.698448263659083,204.20607897054182,74.08617230888647,52.38615355228086,21.70001875660562
59,0.018770258146637697,0.5301860139050331,0.18376016456189626,0.1975,0.018483136661561955,0.531872037912452,0.19603974083612055,0.2,4.824890654607635,0.1883511432515261,4.657490994307681,203.6080308151094,74.5636423750406,52.78731287286014,21.776329502180445
60,0.019450950538573007,0.539392647057513,0.1905822537927289,0.199,0.019507656369363885,0.5400140019290636,0.20171565404383374,0.185,4.769963981257261,0.17583156673082195,4.6149618709951925,203.33668668325376,74.87956370496387,53.07490491889594,21.804658786067918
61,0.020155911173784607,0.5489957465083483,0.20145050597344794,0.21,0.020245006585949493,0.5494726713855276,0.21008471299134768,0.205,4.504075519953737,0.12489698729156964,4.398770539906682,208.73945317166732,73.44283489212964,52.4309290472382,21.011905844891444
62,0.021007252872516344,0.557633235055632,0.21093137844117268,0.2095,0.021542118522039518,0.5571158987459848,0.21619345671548118,0.21,4.474734675013487,0.12489698729156964,4.369455026116112,208.80562865196043,73.49119360870718,52.49684933541407,20.99434427329311
63,0.021870304503804363,0.5664834725111612,0.22348609327297372,0.2235,0.022361443984183427,0.5662966519074576,0.2250717374761285,0.235,4.385336195439247,0.12485002239782772,4.280151217990266,209.43669425036964,73.66938836453404,52.771289495652695,20.89809886888134
64,0.022842230676648232,0.575063477434932,0.2334454960814196,0.2355,0.02316124741849452,0.5757810466413088,0.23976749999805624,0.22,4.2630573041461535,0.1158750038189676,4.166913141604697,211.3487669412881,73.28379548527708,52.66614666154537,20.617648823731702
65,0.02386269787660692,0.5827445445755263,0.24245092584361116,0.2375,0.024585341012858256,0.5843659504720091,0.2525221372762656,0.21,4.253419347880129,0.1158750038189676,4.157246365411751,211.28202750597282,73.33613480416253,52.71322897479456,20.622905829367966
66,0.025120673950404855,0.5911821034448672,0.25376521609638775,0.2435,0.025361366009010587,0.5936530128624107,0.2504321877472187,0.305,4.211344744800899,0.11671219262707512,4.114292370739316,211.64319460684578,73.38333328215512,52.817081521757395,20.56625176039772
67,0.026187464997555886,0.5992952434573341,0.2637956468599794,0.2485,0.026850623521368546,0.6017204181116305,0.26231107056882874,0.235,3.859236394716261,0.007994460930079692,3.853867432013826,218.82718861824344,71.32851316045127,51.81185593786868,19.516657222582594
68,0.027596770173497296,0.607238126538022,0.27271210974302734,0.263,0.027922167127292535,0.6087344434553541,0.2729735567746996,0.23,3.823352062169521,0.007994460930079692,3.8180538553689725,219.47425794597456,71.17485820246807,51.75117051770061,19.423687684767472
69,0.029073557921381186,0.6150367073640769,0.28168982922466673,0.2675,0.029697405425191878,0.6165619133292575,0.280573576081178,0.275,3.6695762373440366,0.001353412550929035,3.671240755177215,221.93490495662155,70.6734975434133,51.61153969677273,19.061957846640574
70,0.030485634384150518,0.6226062483423375,0.29159001628339215,0.2765,0.031244869505911547,0.625708773424579,0.28906337460684045,0.275,3.6494621487608234,0.001353412550929035,3.6513050722656897,222.14766647185746,70.67376203729968,51.64297016851731,19.030791868782376
71,0.03206331302892904,0.63047078268611,0.30135147328468687,0.281,0.03225200638478026,0.6344882140326051,0.2994487034631427,0.265,3.5825046128716576,0.001353412550929035,3.584446282270581,222.61161902257467,70.76146883638293,51.80510496607269,18.956363870310255
72,0.033799697507991805,0.6381207187956618,0.311565748673438,0.282,0.033446750180597104,0.641425568865543,0.309019814362506,0.285,3.592191826938734,0.001353412550929035,3.5942951249424255,222.22533165423187,70.91705590240726,51.90625802211878,19.010797880288482
73,0.035719016722468695,0.644963386797498,0.32095396992628905,0.2925,0.03585653714509554,0.6479453891837963,0.31436368016822114,0.285,3.518433345352295,0.0013263528947948192,3.5206164279413437,223.40628085209278,70.69331837757915,51.85617500454811,18.837143373031036
74,0.03790136671787309,0.6518157776880635,0.3287211446065747,0.3115,0.037466234844044356,0.6536954077387174,0.33170772169895174,0.26,3.437727789473954,0.0008371888081075125,3.4404323765022276,223.49086971496035,71.12923709916613,52.31399521623934,18.8152418829268
75,0.040225235711581334,0.6584948719701733,0.34041746061581507,0.32,0.038709192074770624,0.661035242401138,0.33645221772722583,0.35,3.4805116879988987,0.0008397620158683072,3.4831490730910204,220.02946803224722,72.7112017774965,53.415996974975634,19.295204802520864
76,0.04252851705768222,0.6655253350171769,0.35130909216554246,0.331,0.04112346274190592,0.6690173468111622,0.34150623453390333,0.35,3.430658561455621,0.0008397620158683072,3.433352835323495,221.13279561652428,72.40295192859999,53.264908097109995,19.138043831490002
77,0.04494029564482947,0.6719075355766249,0.36061354388278216,0.325,0.043755640151706715,0.6737899324658541,0.3448523605854531,0.33,3.333435717945593,0.0008397620158683073,3.3363300464867947,223.37634914690727,71.7739017230252,52.95826833700122,18.815633386023983
78,0.04777261692756093,0.677968294796261,0.3702495229926816,0.3415,0.046106989087843726,0.6784393658451807,0.35753669760828066,0.335,3.270974782421794,0.0008397620158683073,3.274065965118911,224.13987586414808,71.68891427867749,52.985139305786205,18.703774972891285
79,0.051052995210046595,0.6842043617739179,0.38023928164116333,0.3465,0.0485767135937043,0.6849906953983192,0.3668147872888733,0.33,3.2138831428811483,0.0008397620158683073,3.2170547860349634,224.84140003076354,71.62334298603504,53.022295347337625,18.601047638697416
80,0.0541033739138711,0.6903976473700366,0.3897377339922699,0.3615,0.051041278902037523,0.68925093250422,0.37810445275471755,0.365,3.1797286433674974,0.0008397620158683073,3.1830596428076685,225.64074836750675,71.38800317351081,52.900857023119556,18.487146150391254
81,0.05705005806699686,0.6962486356323164,0.39884383937603024,0.362,0.05500653426455798,0.6952320928823608,0.39174798040998193,0.35,3.1436983584555453,0.0008397620158683073,3.147244664791754,226.03488024893446,71.35822262477588,52.93065780600984,18.427564818766044
82,0.06075625620955871,0.7025156707647078,0.4067408240459475,0.373,0.05733190891016217,0.7004053268769713,0.40490041479087596,0.305,3.1177694544384074,0.0008397620158683073,3.1214025387290394,225.59864959877967,71.73943448236102,53.254273398115096,18.485161084245924
83,0.06434834180153735,0.7090647074383531,0.41499877374619404,0.381,0.06008412806151387,0.7043096257543618,0.4193366036133373,0.315,2.978207395389325,2.5732077607946062e-06,2.9829820099215114,228.98938586735795,70.73521801482327,52.73850445587097,17.99671355895231
84,0.06819209137460634,0.7143889664332512,0.4256019768754876,0.398,0.06450061548197138,0.7095113670150583,0.42457605909467994,0.41,2.9643705624178813,2.5732077607946062e-06,2.9692061601660606,228.62026204578632,71.02594226529766,52.97824422545621,18.04769803984144
85,0.07247075666161981,0.7197129118078958,0.436150985026288,0.3945,0.06887450470615311,0.7171852683569662,0.4344697833543087,0.395,2.944401979199799,2.5732077607946062e-06,2.9493122536585683,227.73499346776688,71.6192712025196,53.452032258081026,18.167238944438573
86,0.07656989950763084,0.7246551403710062,0.446994678528333,0.4075,0.07323405144584974,0.7217595375340262,0.44451250366107076,0.43,2.923394450851555,2.5732077607946067e-06,2.9282074476280124,227.76743945315403,71.71497559224753,53.55512991630516,18.159845675942364
87,0.08116772378209289,0.7296610493543286,0.45614998853439725,0.4265,0.07795240788457852,0.7278266209196633,0.4514896301786562,0.435,2.8836899127441344,2.5732077607946067e-06,2.888450029629249,228.54120591496263,71.50921538892975,53.4607650505411,18.048450338388644
88,0.08605150922575414,0.7351854096247887,0.46491423137766,0.415,0.08428693002997185,0.7315496875195189,0.45620866446282415,0.415,2.8459254497889255,2.5732077607946067e-06,2.850732377799488,229.3991613026785,71.24918539830182,53.32322979960848,17.92595559869333
89,0.0911044667623368,0.7400573412308993,0.4746001143970982,0.434,0.08964109620810655,0.7363837366574437,0.4606804813984239,0.435,2.79935037592966,2.5732077607946067e-06,2.8041746392899145,230.20464182913565,71.0528648954815,53.23896833304925,17.808365268314603
90,0.09644907868468776,0.7443237515296914,0.4823644147218831,0.444,0.09580727361303545,0.7402566367061526,0.47600129484505943,0.4,2.7924440225800007,2.5732077607946067e-06,2.797256150495234,230.17335740525374,71.10030522028559,53.284035770496146,17.810738155671793
91,0.10210700604479991,0.7494583940194097,0.491880028424278,0.4385,0.10109643788442002,0.7461945974982899,0.4856091228419359,0.445,2.7579333651646505,2.5732077607946067e-06,2.762867892697972,231.45273647804532,70.6304569341455,52.995784530029766,17.629141109998084
92,0.10816217084416709,0.7540657887912136,0.5003920883800823,0.447,0.10679970250903706,0.7504666605948427,0.4948801034167438,0.465,2.682345830496408,0.0,2.687428146778035,233.49248015329314,70.00480459320912,52.65882766728467,17.34044563180681
93,0.11407336196671518,0.7584396691835585,0.5073510050892491,0.4615,0.11249544656670608,0.7532210297580264,0.5071910033736197,0.425,2.6580265986668308,0.0,2.6630807985295633,233.78018984317288,69.98250126024367,52.677931946613654,17.29903801951236
94,0.12047612006132369,0.7624228803119808,0.5149348089960692,0.4595,0.11648055974120332,0.7580609389248825,0.5186525185330996,0.455,2.643033218139152,0.0,2.6481931913316834,234.22118367562348,69.82005881514048,52.57747604248463,17.237051478538195
95,0.12713763303580797,0.7663967342347785,0.5223538844093266,0.4605,0.12228289452764528,0.7633004755037193,0.5313261858259754,0.475,2.634581618777694,0.0,2.6398161443698833,234.23280223467495,69.84781318996947,52.60955876888682,17.232723126965006
96,0.13429154213307076,0.7705034465345609,0.5305150805310515,0.478,0.129060180404925,0.7683546123939032,0.539093068835077,0.485,2.61964788075266,0.0,2.625067932125378,234.19703110340748,69.95664663173915,52.71425056408245,17.236864773539054
97,0.14103385567980908,0.7744699690320105,0.537079033891196,0.4725,0.13889139109094553,0.7735362269130996,0.5403406107558358,0.5,2.573264876946382,0.0,2.578873557283666,235.4120253424897,69.51882675035603,52.448989462711026,17.06430599352737
98,0.14807558300571552,0.7783578840035181,0.5427007755040714,0.471,0.14418756141923134,0.7770679892194748,0.5472132537405511,0.445,2.5681137462108,0.0,2.5735729729520815,235.88534974343008,69.2851457261083,52.28046349922217,16.999150932768487
99,0.15524322468417612,0.7821852131817995,0.5487254810437074,0.4915,0.15280148744200223,0.7820178638769303,0.560540892938433,0.44,2.533766072137875,0.0,2.5392957024965472,237.277088772375,68.71874749081418,51.90997606574878,16.80324013094776
100,0.1629537865873912,0.7821852131817995,0.5494024402984051,0.505,0.16181006054186148,0.7820178638769303,0.5734112683715665,0.49,2.525404068833995,0.0,2.5310802228706963,238.10631428941593,68.29172970990143,51.596400969246204,16.68979744653758
101,0.1711096315325797,0.7821852131817995,0.5498493165365584,0.495,0.17005495188167477,0.7820178638769303,0.5761378321083087,0.52,2.5156698857070614,0.0,2.521463367115439,238.39184419635745,68.17045646860137,51.51728264673519,16.64764252774852
102,0.1789896561502985,0.7821852131817995,0.5501218410838363,0.507,0.17646358156470968,0.7820178638769303,0.58314292053569,0.53,2.5036960592024293,0.0,2.5095645181432147,239.22678130845725,67.77180282549705,51.23530226116921,16.530969270210207
103,0.18699894596024463,0.7821852131817995,0.550593917008606,0.488,0.18616528625209228,0.7820178638769303,0.5930728025616132,0.5,2.4801550683252653,0.0,2.486227322072165,239.89158789999018,67.42567174430204,51.00743084102923,16.41270960915515
104,0.19484048407741852,0.7821852131817995,0.551008827090374,0.528,0.19346253749138412,0.7820178638769303,0.6002786374099596,0.53,2.464845846279946,0.0,2.471080743277554,240.63759321737135,67.08182389416822,50.768010799574654,16.30828180047593
105,0.20308219692918475,0.7821852131817995,0.5520993558863122,0.5135,0.20054642662235744,0.7820178638769303,0.5954741850242934,0.57,2.462890881812348,0.0,2.4692726019832745,241.0477341345165,66.86053959082304,50.60290599895839,16.252102297746998
106,0.211432297721087,0.7821852131817995,0.5522852899458394,0.509,0.20619163513758626,0.7820178638769303,0.599600172585205,0.545,2.4391268981674052,0.0,2.4455185629321825,242.17154973098408,66.3338498593457,50.233188513552015,16.09594432738328
107,0.21970235081601674,0.7821852131817995,0.5523999699527444,0.5125,0.21430186811434662,0.7820178638769303,0.6008645093215957,0.525,2.410244398148618,0.0,2.416932213165879,243.3602521663184,65.84142806358157,49.906090913987185,15.930620131183971
108,0.22816059599239286,0.7821852131817995,0.5529454133914191,0.519,0.222871526106413,0.7820178638769303,0.6013785297577061,0.595,2.385505773366728,0.0,2.392332376350854,244.41390121334982,65.40744702697111,49.61971657215254,15.783013436408158
109,0.2359769566430694,0.7821852131817995,0.5532063644935845,0.521,0.23315459956569573,0.7820178638769303,0.6043980484397116,0.545,2.391862396627825,0.0,2.3987362969777726,245.05844248118433,64.99820498254275,49.29929925230425,15.694188711828062
110,0.2437591800273091,0.7821852131817995,0.5534076470982101,0.5235,0.24199842943148855,0.7820178638769303,0.6159394442437521,0.525,2.3842782622214944,0.0,2.391335268978511,245.98944586268587,64.49494996867615,48.926145136116844,15.564087814148891
111,0.25221973923055824,0.7821852131817995,0.5537585320311456,0.5275,0.2504992928360684,0.7820178638769303,0.6215368418745064,0.575,2.369610757046969,0.0,2.3768757467442136,247.07409666220897,63.94905540707792,48.53082222770819,15.413516160959311
112,0.26077779328266687,0.7821852131817995,0.5541088819227848,0.527,0.25844722808978654,0.7820178638769303,0.6275234568247472,0.59,2.359130583647919,0.0,2.3663920017890367,247.77003568659921,63.6075891574366,48.28583468442746,15.317037454598722
113,0.2693638173726688,0.7821852131817995,0.5542960732334372,0.517,0.2669968804728795,0.7820178638769303,0.6326434343687805,0.555,2.3576316712343535,0.0,2.364972044035364,248.28042840500737,63.31826955223604,48.06772615917775,15.245826374647873
114,0.27824726572251307,0.7821852131817995,0.554925856629354,0.5345,0.2755733385324317,0.7820178638769303,0.628684374078772,0.655,2.365242188632171,0.0,2.3727001359374786,248.37030585237434,63.2206404344589,47.982540628742655,15.233382787305816
115,0.28684906113776054,0.7821852131817995,0.5549685342483729,0.5235,0.28531983452093035,0.7820178638769303,0.6292312581182685,0.565,2.3490490509708417,0.0,2.3567716198689137,248.89403065519173,63.00402099860669,47.83958257039737,15.159721409798893
116,0.29439754015506886,0.7821852131817995,0.5549200581689034,0.525,0.298209847926645,0.7820178638769303,0.6363911450211706,0.52,2.31479604405875,0.0,2.3227337600917703,250.05023122143973,62.52187602706968,47.51965624438309,14.997502764276167
117,0.3034004457251669,0.7821852131817995,0.5549435427219906,0.536,0.3052325703987237,0.7820178638769303,0.6412985730649587,0.565,2.319326896065672,0.0,2.3272243191932134,250.258892852987,62.37807406590218,47.40417451144367,14.969182536048077
118,0.31048229543229267,0.7821852131817995,0.5550878585736403,0.5295,0.31629239007099275,0.7820178638769303,0.6363358253738912,0.62,2.296175279885948,0.0,2.3041111334638367,251.17878033422403,61.967536923651686,47.12237335779828,14.840446547442978
119,0.3185824646499109,0.7821852131817995,0.5553458167404709,0.524,0.32743580160772984,0.7820178638769303,0.6377890292094942,0.63,2.2707900719277605,0.0,2.278883720838221,252.1577250081388,61.54320075501474,46.835742751047114,14.702740985557206
120,0.32574134070414534,0.7821852131817995,0.5557026100492779,0.549,0.33695154667804383,0.7820178638769303,0.6413586156382779,0.615,2.256400333604365,0.0,2.2645300921136697,252.55573135142777,61.490730392190166,46.81143334881901,14.669892487572898
121,0.3326737903734259,0.7821852131817995,0.5556711546525509,0.527,0.34624975637783456,0.7820178638769303,0.6410408040732137,0.56,2.2541264310138236,0.0,2.2622828269573674,252.72269725479293,61.40758484174474,46.75126260379601,14.646917682150455
122,0.3399025298416805,0.7821852131817995,0.55565768182387,0.5305,0.35480344599356123,0.7820178638769303,0.6414331091145533,0.595,2.2359683782062083,0.0,2.2439650775319837,253.26107011120655,61.1956224166981,46.61481083182951,14.571407029070325
123,0.34767975791645056,0.7821852131817995,0.5559983112986753,0.545,0.36333470794952694,0.7820178638769303,0.6373111067144789,0.615,2.2276945897474003,0.0,2.235926935431169,253.2463662483213,61.24080203052836,46.66326578689041,14.572848706250102
124,0.3540435398710367,0.7821852131817995,0.5566684667926585,0.534,0.3718865528971456,0.7820178638769303,0.6375886981388388,0.62,2.2184081890236165,0.0,2.226599295535044,253.26395654527704,61.271463444516485,46.699010182023606,14.567765725105044
125,0.3611922068698883,0.7821852131817995,0.5570562496622123,0.542,0.37984747289201437,0.7820178638769303,0.6303338808696765,0.645,2.199477136698956,0.0,2.2078696559054256,254.5668143416454,60.630370957933295,46.23876714210638,14.38691627843908
126,0.36685763704645286,0.7821852131817995,0.5575769938229855,0.524,0.3869403740257469,0.7820178638769303,0.6249042319863638,0.61,2.2036119449339497,0.0,2.211966608895281,254.51791702104495,60.63075354961507,46.23273259293121,14.393333419296031
127,0.37297509509748644,0.7821852131817995,0.5581721651035384,0.533,0.3971627728749923,0.7820178638769303,0.6300890869855534,0.59,2.2099144343792294,0.0,2.2181991479770415,254.15808510308477,60.800244488116334,46.35301615982703,14.442540790901468
128,0.3803205863262608,0.7821852131817995,0.5583890699886082,0.5405,0.4023483410172932,0.7820178638769303,0.6317504327171285,0.59,2.2027482172487405,0.0,2.2110088112893918,253.6533231983228,61.02986465618356,46.53750094040592,14.487676178389798
129,0.38676728952011025,0.7821852131817995,0.5585797977785224,0.5405,0.4099395815921806,0.7820178638769303,0.629554172913034,0.62,2.2044270301498297,0.0,2.212757014423805,253.43799783295552,61.14234384301332,46.62069626135365,14.516960044271823
130,0.39346924918667214,0.7821852131817995,0.5588168760418417,0.555,0.4174510409620887,0.7820178638769303,0.6302668112976975,0.635,2.1974719431889826,0.0,2.2058543870360925,253.6366927209107,61.07354291192088,46.57495427605953,14.489476063179389
131,0.4003683876843477,0.7821852131817995,0.5589949849504734,0.5275,0.424990895404177,0.7820178638769303,0.6247644181342517,0.63,2.185348214285105,0.0,2.1937140626829166,253.84328056744636,60.91820884277852,46.47224438434549,14.436851885751064
132,0.40676888063096994,0.7821852131817995,0.5593284094734026,0.5615,0.4295700891526382,0.7820178638769303,0.6250935892402802,0.59,2.1796105925783062,0.0,2.188005846937969,254.38371371464115,60.63250868242742,46.25810538386725,14.361223597850538
133,0.4127983780559897,0.7821852131817995,0.5596446777872688,0.554,0.43607558465553475,0.7820178638769303,0.6239172805105526,0.645,2.1831077378151944,0.0,2.1915560010212096,254.35043174218725,60.63529551442956,46.25567979143973,14.366436022280176
134,0.41852333320670093,0.7821852131817995,0.5596458371042685,0.5555,0.44056310805229815,0.7820178638769303,0.6309989157216094,0.58,2.1651406147918286,0.0,2.1736816178857588,254.54181828437734,60.61095624478951,46.259511767574764,14.338264776505104
135,0.4240788351035386,0.7821852131817995,0.5601158333128041,0.551,0.4489809637695146,0.7820178638769303,0.6376294511568424,0.61,2.158231830464484,0.0,2.166841591560556,254.876307383778,60.446212135651166,46.141561028026295,14.291471406915223
136,0.42883773928301533,0.7821852131817995,0.5606026207442011,0.5595,0.45430587897127617,0.7820178638769303,0.6365843424224966,0.63,2.1546760746940645,0.0,2.163388206102139,255.13000137991457,60.31992513727129,46.0496841781073,14.257061258454355
137,0.43562167628089793,0.7821852131817995,0.560569080556939,0.546,0.4588070363312246,0.7820178638769303,0.6466708038286282,0.59,2.1678864363422963,0.0,2.1765967774560386,255.51213402239114,60.031475667498796,45.81560820677886,14.207375297398128
138,0.4419061113563647,0.7821852131817995,0.5606617744144994,0.5675,0.469845414544921,0.7820178638769303,0.6488059606937226,0.625,2.1676528824175123,0.0,2.1763226017172377,255.45327260556638,60.06329499501303,45.839963805640345,14.21483902605088
139,0.4456250096582651,0.7821852131817995,0.5610519679879328,0.549,0.4790990646741617,0.7820178638769303,0.6439184047513254,0.64,2.1694839868783746,0.0,2.1783676335373556,255.42938809113068,60.0638052312335,45.837506232689904,14.217806835221793
140,0.4504894047754388,0.7821852131817995,0.5613158751909999,0.558,0.4860447401328052,0.7820178638769303,0.6431555914373405,0.68,2.194725947581881,0.0,2.203369447656781,254.6047615738571,60.42016657577132,46.077638585631085,14.33403582681843
141,0.45540944418531515,0.7821852131817995,0.5614912709611057,0.5545,0.49051247953404986,0.7820178638769303,0.642824418893739,0.645,2.199403655983712,0.0,2.2080524064465323,254.8490265303105,60.26275822938191,45.95195551974936,14.302310546310748
142,0.45986145900072245,0.7821852131817995,0.562042565582777,0.5475,0.49708994958691116,0.7820178638769303,0.6432489913826985,0.655,2.194432113568139,0.0,2.202980643104138,254.92563391745142,60.240094090237875,45.941044686578884,14.290557240337197
143,0.4640577887841137,0.7821852131817995,0.5625514469493316,0.5605,0.5045194108917871,0.7820178638769303,0.637237775647054,0.68,2.1760180860490053,0.0,2.184644936984507,255.4837267875249,60.0232477380819,45.80231683210005,14.212438742660039
144,0.4681666455728353,0.7821852131817995,0.5629034152730096,0.5545,0.5074165583408727,0.7820178638769303,0.6351972774271746,0.64,2.179757664519415,0.0,2.188500855259056,254.79915821597655,60.39717129013422,46.08083655412428,14.30784257268813
145,0.47235551807691245,0.7821852131817995,0.5630716574051471,0.558,0.510746716366943,0.7820178638769303,0.6323176163230618,0.66,2.178076784961589,0.0,2.186755261480672,255.04254047844228,60.359001464064264,46.05385701424632,14.296652286496132
146,0.4760914174387105,0.7821852131817995,0.5630165263665561,0.5535,0.5127208064717886,0.7820178638769303,0.6306334928781575,0.625,2.1883582878811367,0.0,2.1970242141378504,254.79394569804512,60.44747746416313,46.106806051844266,14.33217924899706
147,0.48005485452706576,0.7821852131817995,0.5632912045604572,0.561,0.5180364093646195,0.7820178638769303,0.6280170095987372,0.635,2.1735805089901077,0.0,2.1822466713066535,255.128679337751,60.325750664163124,46.03703277978544,14.284650756350002
148,0.48349248461616506,0.7821852131817995,0.5633186074120505,0.575,0.5244130013194934,0.7820178638769303,0.6318177012514606,0.63,2.183957821218379,0.0,2.19260548797641,254.69350197793517,60.623161967068434,46.250455504408826,14.368639334631926
149,0.48825489453925836,0.7821852131817995,0.5634828017225018,0.567,0.5293678156210523,0.7820178638769303,0.6324493573135453,0.63,2.170736542689804,0.0,2.179326581898859,254.5597497107508,60.761716751928056,46.373311162244484,14.384183227761696
150,0.4918493054097745,0.7821852131817995,0.5636447053001971,0.542,0.5351831916613675,0.7820178638769303,0.6309876691481624,0.63,2.1679974129836497,0.0,2.1765171835256574,254.4504953138182,60.83132441707963,46.43013907915018,14.39696297600758
151,0.4962993172212756,0.7821852131817995,0.5635506897723599,0.558,0.5396165794958823,0.7820178638769303,0.6321015829908125,0.62,2.1716730549733168,0.0,2.180176733103491,254.0698047360604,61.035047040002844,46.58174345162436,14.449081226456617
152,0.4989848664239253,0.7821852131817995,0.5634601984411713,0.5645,0.5429460448069569,0.7820178638769303,0.6349717535164885,0.575,2.178453879793183,0.0,2.186863541726335,253.3364663277559,61.433892435158555,46.87948157169357,14.550188501543122
153,0.5028696096805381,0.7821852131817995,0.5635657102959439,0.5715,0.5465665064389136,0.7820178638769303,0.6331050108815778,0.645,2.184152166125088,0.0,2.1925424367759248,252.97130311025114,61.61222217306178,47.00800547319973,14.59999433794018
154,0.5073272843000932,0.7821852131817995,0.5637822284323482,0.571,0.5494019192026565,0.7820178638769303,0.6375088011929009,0.605,2.176069754990948,0.0,2.1843407124354837,252.04027335569194,62.191405472115676,47.46122640537213,14.725956704821666
155,0.5100983099892628,0.7821852131817995,0.5641178259811434,0.569,0.554069182925734,0.7820178638769303,0.63892022062658,0.64,2.1582792784775777,0.0,2.1665936977568343,252.2499620013828,62.158104135863965,47.4592159218336,14.694665852108486
156,0.5128147506759364,0.7821852131817995,0.5642038047843122,0.567,0.5600959226052125,0.7820178638769303,0.6393031276794473,0.615,2.1586760833803997,0.0,2.1669081968770447,251.5657449042806,62.55107120874253,47.758998670072735,14.787850176747924
157,0.5161406003603894,0.7821852131817995,0.5644033328132372,0.568,0.5626978157525573,0.7820178638769303,0.6358568947256924,0.655,2.154313486167601,0.0,2.1626926671869082,251.98120699189337,62.32428596714588,47.59127640262408,14.728787202599932
158,0.5183256002643031,0.7821852131817995,0.5647624980717357,0.556,0.5669857534816558,0.7820178638769303,0.6363542902159238,0.62,2.142705864184162,0.0,2.1512662698127984,252.02390851694787,62.360344790675306,47.63424699085938,14.721875437894052
159,0.5205905410233875,0.7821852131817995,0.5647890778151744,0.5685,0.5706095622615619,0.7820178638769303,0.6359529191982197,0.64,2.148764367990339,0.0,2.1573531024647044,251.8572570501596,62.42952001053068,47.679284043820104,14.746013604788716
160,0.521973459670666,0.7821852131817995,0.5650697466448551,0.573,0.5750063467649176,0.7820178638769303,0.6359071041378608,0.625,2.1395605571708667,0.0,2.14824847273764,252.12588705359605,62.31835045174451,47.6064093572119,14.707718732610738
161,0.5240917640583502,0.7821852131817995,0.5653612859545888,0.5695,0.5785967747999493,0.7820178638769303,0.6388506584666961,0.62,2.1186008196838886,0.0,2.127463149932243,253.05991255095068,61.892349556799076,47.31108334171045,14.57704385316676
162,0.5278527363706768,0.7821852131817995,0.5654354952529904,0.578,0.5839722681691516,0.7820178638769303,0.6420247429501831,0.585,2.1178160739358924,0.0,2.1267861394210277,253.06217370824606,61.8989283550733,47.31373793078758,14.576713220734893
163,0.5294797647429698,0.7821852131817995,0.5657864015347326,0.5705,0.5864636481765129,0.7820178638769303,0.6388595383702361,0.645,2.0950486671787787,0.0,2.1040813783267627,253.43472933942417,61.807434241315406,47.27578093905204,14.523176098712534
164,0.5310844987251238,0.7821852131817995,0.5655426670444267,0.5695,0.5870009666673583,0.7820178638769303,0.6467755388047682,0.58,2.1004271455491494,0.0,2.109485475275717,253.4282183511669,61.78639328433559,47.24927373701078,14.524514512342908
165,0.5326016641631848,0.7821852131817995,0.5656290158232494,0.5635,0.590738725713728,0.7820178638769303,0.6486557451218989,0.64,2.095830355058262,0.0,2.1048922105006715,253.64057095608084,61.687268194665585,47.17646112268151,14.49388071347275
166,0.5347411397184002,0.7821852131817995,0.5660074536970939,0.572,0.5943049985397737,0.7820178638769303,0.6543068520842559,0.63,2.1008074894573427,0.0,2.1098945638787283,253.56746942137295,61.7106387629813,47.19133003362074,14.50660473277111
167,0.537129867765837,0.7821852131817995,0.5661837303670552,0.561,0.5986667598380415,0.7820178638769303,0.6508615602192438,0.645,2.100400242102888,0.0,2.1096442302090126,253.6385567547531,61.680215119717545,47.168509516015845,14.499001607112243
168,0.5394138516468319,0.7821852131817995,0.5664036383040784,0.559,0.6005333758802952,0.7820178638769303,0.6534330293183694,0.635,2.0978477552059576,0.0,2.1071448802220796,253.66096612547813,61.681004133055424,47.17245096038428,14.495849176081691
169,0.5414783932357389,0.7821852131817995,0.5665502862758864,0.5795,0.60219617551002,0.7820178638769303,0.6527858968757989,0.655,2.1036718263480694,0.0,2.112933567492332,253.82201838266008,61.55910175713205,47.071321397958386,14.475076362584199
170,0.5436558836024413,0.7821852131817995,0.5667863131013374,0.571,0.6067483519157991,0.7820178638769303,0.6543892922359846,0.65,2.0992284671214057,0.0,2.108523258463489,253.81424526438053,61.587612732464116,47.099213255643406,14.47569548023126
171,0.546326683958419,0.7821852131817995,0.5669954818899663,0.575,0.6076112470352942,0.7820178638769303,0.6587376269167737,0.625,2.0999524776368492,0.0,2.109376206337323,254.41127856585928,61.243925232895876,46.83553320160573,14.395688034700688
172,0.54841741506554,0.7821852131817995,0.5672389634172207,0.5875,0.6111561727827381,0.7820178638769303,0.6563400587595599,0.67,2.1227221552931876,0.0,2.132301218366675,254.20994335154097,61.24944064414758,46.80974368845309,14.426992959105041
173,0.5481828300819426,0.7821852131817995,0.567363387836735,0.576,0.6130464984281379,0.7820178638769303,0.6615943452268236,0.64,2.1198993339171577,0.0,2.129549196119609,254.8896689243181,60.871597697861404,46.524763821460226,14.334129879811734
174,0.5483309796576485,0.7821852131817995,0.5676375622587251,0.5705,0.6160569318818124,0.7820178638769303,0.6628931704722649,0.665,2.10126221432338,0.0,2.110974479695585,254.8267629806907,61.00788483021435,46.654121955651405,14.341058877973495
175,0.5512655073714695,0.7821852131817995,0.5678735178159172,0.585,0.6216667897391518,0.7820178638769303,0.6626195487074267,0.675,2.091470138478144,0.0,2.1011570440560816,255.41949260985578,60.71059144002245,46.43943871150797,14.258448731925025
176,0.5528438357134975,0.7821852131817995,0.568187493118955,0.572,0.6199452190626283,0.7820178638769303,0.6646422989223026,0.645,2.0840495659710663,0.0,2.0937525243159216,255.64699518107608,60.61794878472574,46.37477751779606,14.225956836677707
177,0.5522687514134536,0.7821852131817995,0.568350079574506,0.568,0.6218959797783448,0.7820178638769303,0.6646415262337958,0.645,2.091835926587371,0.0,2.1015879899097447,255.63948705190026,60.58640726104888,46.34058367593402,14.228609154862898
178,0.5538426040841229,0.7821852131817995,0.5684051555214185,0.578,0.6199864492648188,0.7820178638769303,0.6660131094364294,0.625,2.0840470295240023,0.0,2.0937331491058075,256.18316063544745,60.30532662296092,46.1351942233301,14.152917969378844
179,0.5545079300290116,0.7821852131817995,0.5687065633719565,0.5825,0.6198105953607678,0.7820178638769303,0.6687740961777138,0.655,2.0893891608235773,0.0,2.099099512472306,256.16263216065425,60.29261138643274,46.121940002159114,14.157711795650611
180,0.5560765712857374,0.7821852131817995,0.5687428307309598,0.56,0.6249645508429134,0.7820178638769303,0.6709783407750607,0.64,2.0987775938894275,0.0,2.1085144614643525,256.56039549255644,60.01511745083807,45.897333606281066,14.104824255933996
181,0.5585285475725756,0.7821852131817995,0.5689387412104352,0.581,0.6251936998812869,0.7820178638769303,0.6703614276244728,0.655,2.1053064018665193,0.0,2.1149510644743508,256.4420714191649,60.044026638621645,45.913892715316045,14.121302166113676
182,0.5602254666212689,0.7821852131817995,0.56935037421317,0.581,0.6295216650898975,0.7820178638769303,0.6678767154612533,0.64,2.0967793143124043,0.0,2.1065233957929483,256.8563920436282,59.84809747911113,45.77859745648715,14.064989588961467
183,0.5609497788104606,0.7821852131817995,0.5696507720159816,0.5635,0.6335174912712506,0.7820178638769303,0.6639707180209481,0.67,2.096854598210666,0.0,2.106521195151029,256.9006547932625,59.82007133274975,45.7570722542281,14.058488644859127
184,0.5623791944902321,0.7821852131817995,0.5698344273649449,0.5775,0.6337237862375231,0.7820178638769303,0.665420414173792,0.685,2.093195596515905,0.0,2.102898095272808,256.9010225228459,59.834377001198945,45.77274764935586,14.057118918180576
185,0.5634599627160093,0.7821852131817995,0.5699285800752969,0.5665,0.6318405072544977,0.7820178638769303,0.6663171619745875,0.655,2.1084892258425527,0.0,2.1181162613095084,256.7501082501601,59.83900473559861,45.755796057928585,14.078698244007509
186,0.5655705568617748,0.7821852131817995,0.5701991466246831,0.563,0.6368955459878562,0.7820178638769303,0.658718286788023,0.685,2.1088173714378806,0.0,2.1184877444278403,256.43398932631146,60.015367911522006,45.89001230270743,14.120845175152061
187,0.5674809425194071,0.7821852131817995,0.5702468442591251,0.574,0.6387529177751371,0.7820178638769303,0.6593726422398376,0.66,2.12431021104235,0.0,2.13392433237917,256.8275707134932,59.71315255770286,45.636092998054224,14.068421294555044
188,0.5695495365486771,0.7821852131817995,0.5703578745219605,0.5815,0.640274472292913,0.7820178638769303,0.6513541336537,0.685,2.120028651017291,0.0,2.1295889488757336,256.86945899954287,59.711982655848985,45.641008097095046,14.062336293660351
189,0.5693616459791786,0.7821852131817995,0.5704036014660427,0.588,0.6415060638645582,0.7820178638769303,0.6549180974373617,0.655,2.0976524947164474,0.0,2.107091056006011,256.9271740173682,59.79678925678483,45.73563724565788,14.052513746033346
190,0.5703424665589106,0.7821852131817995,0.5705484179378735,0.5815,0.6433024351515693,0.7820178638769303,0.6525192926708661,0.685,2.0914792993817226,0.0,2.1009007633337546,257.1354032689218,59.613398315309006,45.60313581673007,14.001624233485325
191,0.5712554104269125,0.7821852131817995,0.5706526267348603,0.556,0.643149553605988,0.7820178638769303,0.6475762313913838,0.65,2.1036646713905918,0.0,2.1131454824249607,257.0035635017649,59.629001072661936,45.59851224136242,14.021850566205913
192,0.5718815186241248,0.7821852131817995,0.5708454390851099,0.5815,0.6443840810253352,0.7820178638769303,0.6486896912321211,0.66,2.0996032243511564,0.0,2.108941198059456,256.6442634944486,59.86011234625719,45.781429546838716,14.07004453432488
193,0.5720040597473992,0.7821852131817995,0.5708586981747726,0.583,0.6459410336918782,0.7820178638769303,0.6479938257745378,0.65,2.0921210066434646,0.0,2.1013745114808446,256.11995923097516,60.202008353127106,46.05679668478879,14.141083836907226
194,0.5724177211009095,0.7821852131817995,0.5709321847156292,0.5855,0.6457705267086693,0.7820178638769303,0.6480187195677248,0.625,2.0931782799408913,0.0,2.1022958005432058,255.6542224103775,60.46521707722743,46.25621505814322,14.204874187653122
195,0.5733090088586847,0.7821852131817995,0.5708148281669772,0.5665,0.6489497462051906,0.7820178638769303,0.6454638857802827,0.67,2.098528124452788,0.0,2.1075274476038155,255.11478103440223,60.75679248610365,46.4731331326192,14.279531522053373
196,0.574109344205588,0.7821852131817995,0.5708574222508461,0.5895,0.6496027624579852,0.7820178638769303,0.6473448922031838,0.665,2.0919835121973165,0.0,2.100924526116792,255.07378954784545,60.80633795736033,46.519477184813944,14.282732941115317
197,0.5750052135813692,0.7821852131817995,0.5710913625359728,0.5845,0.6514690652205128,0.7820178638769303,0.6459877013555652,0.66,2.0950606193457277,0.0,2.1040419801437222,254.7845055119137,60.94939572065302,46.62400668583327,14.321261203388673
198,0.5765965045075225,0.7821852131817995,0.571219837496996,0.571,0.6522097647148459,0.7820178638769303,0.641620691631499,0.675,2.119367035552188,0.0,2.1283275319567245,254.01419551986004,61.269172898744515,46.833650604700395,14.431394462613046
199,0.5762399697367786,0.7821852131817995,0.5711578337754721,0.5785,0.653601354016465,0.7820178638769303,0.6414261641680047,0.64,2.140349161437205,0.0,2.1491612902198822,253.06262715049965,61.70860575883363,47.14059257128,14.563885356122539
200,0.5762931382728441,0.7821852131817995,0.5712313400211314,0.5755,0.650024129676118,0.7820178638769303,0.6435150204596951,0.64,2.147586377973766,0.0,2.1564986057938422,252.83384578480647,61.80706348816312,47.206534737740995,14.59640091899104
201,0.5774133946821829,0.7821852131817995,0.5712231116770436,0.587,0.6526801906658092,0.7820178638769303,0.6446458710435311,0.63,2.153031797200798,0.0,2.161789098750809,252.59710654365546,61.917938660050055,47.2845012006898,14.629309627929162
202,0.5792123675525405,0.7821852131817995,0.5712227237320002,0.584,0.6571986432270426,0.7820178638769303,0.6485853223130111,0.63,2.154696551602074,0.0,2.163410534941388,252.31090361804078,62.07642059928729,47.40318801674957,14.66910475110664
203,0.5796795852046388,0.7821852131817995,0.571387513897654,0.585,0.6601176268593525,0.7820178638769303,0.6466098070239954,0.66,2.1563922460226963,0.0,2.1651558462347573,252.5000719484032,61.868442400356805,47.241937206410874,14.62237736251484
204,0.5801829160641216,0.7821852131817995,0.5714154162461781,0.576,0.657972236805811,0.7820178638769303,0.6499637969711698,0.64,2.1596388330981964,0.0,2.1683337508275815,251.47368072406627,62.434142723268664,47.670043474174754,14.764099249093906
205,0.5794266796129445,0.7821852131817995,0.5716074562003837,0.572,0.6584207396621328,0.7820178638769303,0.6488938567373203,0.635,2.158971410112882,0.0,2.1677293486514997,251.69411938656978,62.305214590821656,47.57198535862689,14.733229232194766
206,0.5809756604088384,0.7821852131817995,0.5716161217017298,0.587,0.6600628493422803,0.7820178638769303,0.6471371497626377,0.615,2.1603711906575915,0.0,2.169159059102457,251.945137788583,62.14720990381317,47.448916382533774,14.698293521279384
207,0.5829862521631055,0.7821852131817995,0.571640737184761,0.5825,0.6592661111501121,0.7820178638769303,0.6528803736434844,0.61,2.1686521714647973,0.0,2.177498035223038,252.0725364705544,62.12182329567737,47.415557732645965,14.702137731600331
208,0.5829512958677919,0.7821852131817995,0.5716231906643439,0.578,0.6605471370015134,0.7820178638769303,0.652847106192661,0.66,2.176216021985237,0.0,2.1849508920604346,251.92744609065247,62.16417954567737,47.43763365176362,14.722418062482681
209,0.5835834785772542,0.7821852131817995,0.5719516300873234,0.571,0.6624229177767808,0.7820178638769303,0.6548745984942015,0.63,2.1917222280877184,0.0,2.200589931487384,251.62915249291035,62.167409408645284,47.41921641412993,14.744065163084288
210,0.5844323762141411,0.7821852131817995,0.5718579168005812,0.5855,0.6652492250847815,0.7820178638769303,0.6597782311609183,0.63,2.183483248225473,0.0,2.192525274619526,252.1517035003368,61.90665947305061,47.22966142731769,14.672870214301854
211,0.5847004419012789,0.7821852131817995,0.5717588491550734,0.579,0.6673478198061654,0.7820178638769303,0.6584595380848384,0.66,2.1720136461496207,0.0,2.1811997520850457,252.58585586213624,61.70919234958584,47.09397886896101,14.61108564919376
212,0.5849210990058809,0.7821852131817995,0.5715324939954656,0.5795,0.6673644247179245,0.7820178638769303,0.6609978256540178,0.59,2.1659351227902977,0.0,2.175234796458603,252.7214134795749,61.663042441372895,47.06647679776618,14.592437812175643
213,0.5855675529590639,0.7821852131817995,0.5715365970082517,0.579,0.668431419826409,0.7820178638769303,0.6619674873178408,0.67,2.178448622767914,0.0,2.1877305762583465,252.6105729582702,61.662718812979215,47.049405202036546,14.609185779511614
214,0.5852536106094604,0.7821852131817995,0.571678315539824,0.583,0.6725476164353261,0.7820178638769303,0.660835236442125,0.68,2.170065114324966,0.0,2.1793409523504943,252.65224645823304,61.599572553908665,47.01274319493449,14.58270152754311
215,0.5848259371633137,0.7821852131817995,0.5717089545113712,0.5655,0.6688382676039066,0.7820178638769303,0.6557762395676383,0.67,2.1265971344559405,0.0,2.1361974438742264,253.85817308619835,61.123937814828786,46.708533410561415,14.411276572836286
216,0.5850915667171162,0.7821852131817995,0.5717346403396404,0.5875,0.66740390390629,0.7820178638769303,0.6544372117934807,0.64,2.1100215661305133,0.0,2.119717128531355,254.579135969613,60.79621733617532,46.48146728157629,14.310622223167952
217,0.5863943952101865,0.7821852131817995,0.5716640310809838,0.588,0.6661017685706857,0.7820178638769303,0.6559684357770164,0.66,2.10586336489145,0.0,2.115626978601993,254.82940021335764,60.66802307592576,46.388531042717105,14.275364201777577
218,0.5866797443773655,0.7821852131817995,0.5717457362756394,0.588,0.6680344552462587,0.7820178638769303,0.6546092315058667,0.685,2.1116566336359845,0.0,2.1214984034740314,254.4892368899638,60.836986372212024,46.50973308934221,14.323125451438731
219,0.5873681920983178,0.7821852131817995,0.5717695190985138,0.581,0.6679988892597835,0.7820178638769303,0.6545064715608356,0.65,2.1171703835874993,0.0,2.1269019701929563,254.13766455162673,61.002591672793805,46.627599576449875,14.37086426491284
220,0.588106881716258,0.7821852131817995,0.5720265850343095,0.583,0.6717430154654755,0.7820178638769303,0.6566917440109734,0.67,2.106698474616657,0.0,2.116424134844655,254.45643412484677,60.96226041148544,46.61040335025605,14.347729229798315
221,0.5889635550659968,0.7821852131817995,0.5720153418758032,0.584,0.6708920680397693,0.7820178638769303,0.6555177320647166,0.65,2.0786207000033143,0.0,2.088482190640465,255.3236141094408,60.61412708124361,46.3841385230323,14.225860726780237
222,0.5895700458929526,0.7821852131817995,0.5721354302816294,0.5845,0.6687328950273003,0.7820178638769303,0.6506584634326024,0.675,2.08842598441463,0.0,2.098210201509891,254.80362057318507,60.86631918510596,46.56392221676833,14.298269136906539
223,0.5901508308584816,0.7821852131817995,0.5722100968323126,0.5885,0.6673334967399848,0.7820178638769303,0.6456028105807348,0.685,2.0959292449145606,0.0,2.1056611601030992,254.01000614449134,61.28877058593194,46.8769501328304,14.407692621670463
224,0.5902258767818274,0.7821852131817995,0.572267952020579,0.579,0.6672675209808605,0.7820178638769303,0.6431169598641466,0.66,2.086901090555652,0.0,2.096621286651382,253.68669689886428,61.52676503720499,47.074409587142554,14.452355450062441
225,0.5896343747713156,0.7821852131817995,0.572289592937101,0.5755,0.667670793540447,0.7820178638769303,0.644828079885092,0.675,2.0752281305761393,0.0,2.085014298767236,253.87183351107498,61.48360259110813,47.05736799810562,14.42623459300251
226,0.5896478353464635,0.7821852131817995,0.5722875982678967,0.584,0.6677152465726169,0.7820178638769303,0.648125673792534,0.62,2.062679991165336,0.0,2.0723927191276283,254.14407608726344,61.48557868205805,47.07577472341892,14.409803958639118
227,0.5903461297934874,0.7821852131817995,0.5723183241436531,0.5735,0.6664863576027202,0.7820178638769303,0.6480665686105027,0.585,2.0652349637716627,0.0,2.07492373153259,254.49405333174525,61.261603860987464,46.90029609980858,14.361307761178884
228,0.5904965692246749,0.7821852131817995,0.5724490379623901,0.579,0.6644790078942624,0.7820178638769303,0.6413205693093978,0.665,2.0722432953191285,0.0,2.0817897428203205,254.14941471451175,61.42484184376369,47.0157512041729,14.409090639590792
229,0.5896113074666229,0.7821852131817995,0.572448042481767,0.579,0.6618441651584918,0.7820178638769303,0.6414854653088301,0.645,2.079486006973268,0.0,2.0889902865357266,253.83851158310995,61.56191627817985,47.11104288178485,14.450873396395007
230,0.5915521745081285,0.7821852131817995,0.5723561640327293,0.5855,0.6602581354381577,0.7820178638769303,0.6424671368915059,0.635,2.079461885552845,0.0,2.088993912990733,253.46768171395152,61.77783304233391,47.27560264891871,14.502230393415205
231,0.5905717800110811,0.7821852131817995,0.5723512354222341,0.594,0.6607201191965837,0.7820178638769303,0.647732751141453,0.62,2.0842937903706606,0.0,2.0937451083336867,253.40084565308445,61.880770242516306,47.34788253035966,14.532887712156654
232,0.5902439125370991,0.7821852131817995,0.57243227322386,0.5805,0.6635284751894658,0.7820178638769303,0.6472173633141858,0.65,2.0974976965711676,0.0,2.106832534948848,253.15371128030708,61.95817787085991,47.39021422433441,14.5679636465255
233,0.5913731342163298,0.7821852131817995,0.5725592448355166,0.5995,0.6639042489287473,0.7820178638769303,0.6486770728052216,0.665,2.085296811917261,0.0,2.0948196837558952,253.36603717768918,61.89725758146072,47.35915329846673,14.538104282993988
234,0.5912043107557104,0.7821852131817995,0.5726384198540688,0.5805,0.6640580167133094,0.7820178638769303,0.6491949356161428,0.655,2.0821118095893554,0.0,2.091580359846677,253.12827889910804,62.054042969757774,47.48364140407117,14.570401565686597
235,0.5912338142912578,0.7821852131817995,0.5726933863567607,0.567,0.664804170969794,0.7820178638769303,0.6489081326897193,0.695,2.070917158747068,0.0,2.080271968037957,253.74339447613062,61.74855851227977,47.26495435617284,14.483604156106928
236,0.5919056964347033,0.7821852131817995,0.5725690539973659,0.5785,0.6643560641983258,0.7820178638769303,0.6483310787199641,0.62,2.050325102766513,0.0,2.059847335638057,254.4374090170431,61.465669230605556,47.07808564859366,14.387583582011903
237,0.5911845450010504,0.7821852131817995,0.5726012824700888,0.5755,0.6636815945496316,0.7820178638769303,0.6450453813982443,0.625,2.063372061031275,0.0,2.0727784228822053,253.8391212223931,61.745552821936826,47.271344201839504,14.469818704130928
238,0.5919545198498665,0.7821852131817995,0.5725138181543532,0.5805,0.6628096929852281,0.7820178638769303,0.6440013660766958,0.615,2.0679168935340475,0.0,2.077251266180102,253.9679988361483,61.64651401188313,47.189406360948205,14.452717734968532
239,0.5925701860683282,0.7821852131817995,0.5726032230181148,0.5775,0.6614188774924137,0.7820178638769303,0.6422818987560128,0.645,2.068909290654594,0.0,2.0782645557449646,253.98891720595685,61.625895182274505,47.172102352654434,14.449402913653689
240,0.59340733363498,0.7821852131817995,0.5723408952648438,0.5755,0.6613469414079188,0.7820178638769303,0.6427757593674062,0.655,2.0454550794246478,0.0,2.054778288868685,255.38738636558958,60.921851747085086,46.66235350949537,14.255108321623325
241,0.5942887259998104,0.7821852131817995,0.5724195637392852,0.584,0.662816715186477,0.7820178638769303,0.6398705937018601,0.68,2.04540411761012,0.0,2.0546802540974074,255.8106264285831,60.6712244806491,46.47007632291032,14.196758241772383
242,0.5941103703472495,0.7821852131817995,0.572511299272954,0.5635,0.6589409542683136,0.7820178638769303,0.641711797134244,0.635,2.0458347544305675,0.0,2.0549964611379634,255.581788811665,60.798011742922434,46.56669011228573,14.226931714670314
243,0.5939113704152882,0.7821852131817995,0.5725849834806715,0.5825,0.660432841049734,0.7820178638769303,0.6400342351553411,0.66,2.0608320401665674,0.0,2.0699981291765677,255.40264681851275,60.819501377239895,46.5628275087973,14.252283952476217
244,0.5945627877819301,0.7821852131817995,0.5726477052446889,0.5745,0.6603592618729884,0.7820178638769303,0.6405952439034315,0.64,2.071966442014381,0.0,2.0809421711042924,254.6130978694367,61.22644226293741,46.86079017858556,14.361262168385466
245,0.5944943835854329,0.7821852131817995,0.5726932259805189,0.5915,0.6603940765610875,0.7820178638769303,0.6405948812709172,0.63,2.0722081122606313,0.0,2.081264027426898,254.595573813278,61.23443145321956,46.86640068656454,14.363640850688634
246,0.5945929651072263,0.7821852131817995,0.5727258403771167,0.585,0.6626274023141562,0.7820178638769303,0.6337075365032907,0.67,2.0818764665449945,0.0,2.0909245282364326,254.50272056572902,61.239641937043075,46.85720378987336,14.37804823120334
247,0.5940896501242102,0.7821852131817995,0.5728090251810599,0.5915,0.6659544248658641,0.7820178638769303,0.6349594896107957,0.64,2.075104316930003,0.0,2.08406757603858,254.91191543091517,61.04031910746814,46.71470864054198,14.321220550959767
248,0.5940144492317251,0.7821852131817995,0.5729818314480591,0.576,0.6623685740224761,0.7820178638769303,0.628811642601662,0.725,2.0728057394978747,0.0,2.081831426917937,254.99113655406927,61.00608368707458,46.68814492803014,14.309294001449086
249,0.5938077901474177,0.7821852131817995,0.5730237353061384,0.57,0.6637161078310371,0.7820178638769303,0.6223033163061826,0.68,2.076626708951396,0.0,2.0856386716519157,254.53624005772693,61.251861607403,46.8708807727497,14.372336077057955
250,0.5932309419524665,0.7821852131817995,0.5731273731358869,0.5945,0.6644095731842969,0.7820178638769303,0.6264913860515471,0.63,2.0994386569975303,0.0,2.1081132552079525,253.49197841117444,61.74337197114678,47.21634709620879,14.518380117342648
251,0.593485277214101,0.7821852131817995,0.5731056681051557,0.5775,0.663588416618557,0.7820178638769303,0.6279866774514008,0.64,2.103331500923664,0.0,2.111963825477668,253.59352473359272,61.666285121174155,47.15222419559543,14.505416167983379
252,0.5956189546851871,0.7821852131817995,0.5731469557151927,0.566,0.6669225194582359,0.7820178638769303,0.6293860421878698,0.62,2.123663123080524,0.0,2.1322432737138883,253.07761387429952,61.86515754287011,47.277090802844384,14.579421982430368
253,0.5957036353330877,0.7821852131817995,0.5731603114455084,0.5715,0.6638224382595144,0.7820178638769303,0.632513572727337,0.61,2.1310542343170584,0.0,2.139567981190914,252.91151975617746,61.92116440846518,47.309966006617756,14.602553644252072
254,0.595175411988976,0.7821852131817995,0.5730272381449263,0.586,0.6640893367479656,0.7820178638769303,0.6348155427366594,0.64,2.124432566749988,0.0,2.1331039920901,253.70558136963177,61.49671572942522,46.99762167703941,14.494839210756853
255,0.5952917339345587,0.7821852131817995,0.5730754390576456,0.586,0.662203784431974,0.7820178638769303,0.6380346894243298,0.655,2.1341600350124796,0.0,2.142888892447675,253.39341985206906,61.62632373064194,47.0836222694917,14.538446619521274
256,0.5939601405606689,0.7821852131817995,0.5731603414238146,0.577,0.6609657579650801,0.7820178638769303,0.6368287969650721,0.65,2.1313922083247028,0.0,2.1401909710615827,253.68628207869048,61.46728169161479,46.96575371392043,14.497273136065392
257,0.5940948816625561,0.7821852131817995,0.5732256553163261,0.588,0.661740145163748,0.7820178638769303,0.6413915465280229,0.63,2.1493441492988965,0.0,2.1581333215833265,252.8447880307056,61.876294455767464,47.25756104135297,14.614478572785533
258,0.594006146202001,0.7821852131817995,0.5733817857122678,0.594,0.6655034529118352,0.7820178638769303,0.645711429466823,0.615,2.156980447720705,0.0,2.1657215502851623,252.5392240016884,62.02098252715701,47.358839409852074,14.65788827567598
259,0.5936647886814866,0.7821852131817995,0.5733867256385449,0.5695,0.6660954916652126,0.7820178638769303,0.645873465060476,0.66,2.1742923117551083,0.0,2.1830326673559943,251.91602378142935,62.28773546833348,47.53737680840123,14.746103818303286
260,0.5934894309674327,0.7821852131817995,0.573326544529741,0.578,0.6643604092285399,0.7820178638769303,0.6447900469333194,0.63,2.1683697078257986,0.0,2.177188296007203,252.0060687946269,62.269664634057456,47.52820895560146,14.732945995198085
261,0.5932024819922969,0.7821852131817995,0.5733208768728525,0.5905,0.6639987706664199,0.7820178638769303,0.6429571009341208,0.645,2.1832939576555552,0.0,2.19220930903185,251.6144197750191,62.41839071678991,47.62085278026939,14.789028253262597
262,0.5924711606848929,0.7821852131817995,0.5734256321828313,0.577,0.6670141017325143,0.7820178638769303,0.6409714781735283,0.695,2.1984127810752465,0.0,2.2071645204132477,251.01437723148288,62.68178716744346,47.799831834263216,14.873445649922322
263,0.5928584516658428,0.7821852131817995,0.5733279791369797,0.5765,0.6619449736695937,0.7820178638769303,0.6417634441922043,0.635,2.181405968305182,0.0,2.190291525452527,251.60045456866774,62.433589147485485,47.63241522843339,14.792664235794172
264,0.5946215601713715,0.7821852131817995,0.5733489677785684,0.5825,0.6615952217661265,0.7820178638769303,0.6449230221482054,0.65,2.1857666681702104,0.0,2.1948223161069995,251.34900756344987,62.56113443210029,47.72384085055512,14.828783898287254
265,0.594202612701571,0.7821852131817995,0.5734029256967027,0.587,0.6601576523653776,0.7820178638769303,0.6443349854566814,0.66,2.172762730118828,0.0,2.1818433585645725,251.5618730458252,62.502641279762436,47.6995664245454,14.798820013588074
266,0.5955612089219183,0.7821852131817995,0.5734436495588927,0.574,0.6591354875677996,0.7820178638769303,0.6468978157463786,0.665,2.178385827686904,0.0,2.187297731830588,251.34253026317478,62.59835677776492,47.764819163673835,14.829282772462113
267,0.5952971227899976,0.7821852131817995,0.5734556898036297,0.5845,0.6578026419209394,0.7820178638769303,0.6468743552406307,0.585,2.1777232182550446,0.0,2.1867152881336116,251.87589180520013,62.28694285649519,47.52801255312566,14.754675461740568
268,0.5955668877767001,0.7821852131817995,0.5735326479206257,0.579,0.656725735770728,0.7820178638769303,0.6469646525280782,0.65,2.1734560574121615,0.0,2.182494035809536,251.64805678074745,62.440374333253736,47.651235130939995,14.784884360684762
269,0.595173590105024,0.7821852131817995,0.5735281882506879,0.589,0.6600899811999743,0.7820178638769303,0.6478697050437974,0.625,2.165240062622128,0.0,2.1742662580269054,251.62073694600352,62.495983522735976,47.704856804985965,14.786871876121044
270,0.5949298369009909,0.7821852131817995,0.5733607111095635,0.591,0.6589481853168738,0.7820178638769303,0.6466660085785488,0.595,2.17068042467562,0.0,2.1797046874600774,251.61345408998062,62.47374051439433,47.67722738156421,14.788099423443523
271,0.5958355269279912,0.7821852131817995,0.573475079904132,0.5895,0.6608871550031256,0.7820178638769303,0.6436813613122199,0.7,2.1743671494157235,0.0,2.1833682290588334,251.36981731312764,62.5959893054791,47.76606223713074,14.821513358961777
272,0.5969293153418471,0.7821852131817995,0.573394397182857,0.5895,0.658241298694036,0.7820178638769303,0.6475163893500444,0.645,2.1684552870311835,0.0,2.177430386435248,251.68564871655514,62.44579804409267,47.659304303931215,14.778080030774857
273,0.595843921726759,0.7821852131817995,0.5734384275604145,0.5915,0.6588587633356819,0.7820178638769303,0.6498364297506296,0.675,2.1621807439502634,0.0,2.1711373450402887,251.65285468798064,62.50352746298317,47.71213087428073,14.782982879315849
274,0.5949592169525286,0.7821852131817995,0.5733991726436584,0.5835,0.6577858809253837,0.7820178638769303,0.6519583874843817,0.61,2.1592450480465306,0.0,2.168306609356111,252.02308026305914,62.29957559132542,47.55950208640194,14.731659795536881
275,0.5947014492340555,0.7821852131817995,0.5733949875386988,0.5825,0.6550281547536686,0.7820178638769303,0.6537140639448751,0.64,2.172148137611904,0.0,2.181294875304181,251.7266954845311,62.40108056682577,47.61955663755518,14.773110219883993
276,0.5942588169678261,0.7821852131817995,0.5733304253826718,0.5885,0.6557719608023708,0.7820178638769303,0.6569309759078287,0.65,2.1626042360249484,0.0,2.1717651665698874,252.5485925852517,61.9787748654683,47.30792972956121,14.658176584891535
277,0.594932255390281,0.7821852131817995,0.5733550151052923,0.5825,0.6517004830933126,0.7820178638769303,0.660789374757495,0.62,2.1620230736313317,0.0,2.1711053482708706,252.4288524127404,62.048064633567854,47.36504790405217,14.67460302012909
278,0.595055314208161,0.7821852131817995,0.5734148179294936,0.602,0.65185156523358,0.7820178638769303,0.6631261345101208,0.665,2.150621178901199,0.0,2.159882236210088,252.93935169972792,61.81424541645556,47.20232280458693,14.603508902482037
279,0.5942512365823672,0.7821852131817995,0.5735573459228891,0.5825,0.6522450124401683,0.7820178638769303,0.6585062858014384,0.675,2.134906702174174,0.0,2.144399411681585,253.79669266326266,61.40903102351287,46.915949812457946,14.484667501668314
280,0.5945573260082615,0.7821852131817995,0.5735323599310631,0.5845,0.6479852954943784,0.7820178638769303,0.6561689575583326,0.675,2.14964706070172,0.0,2.158969526684542,253.19444745748808,61.687984481819264,47.11048439552194,14.569086376910718
281,0.5949795044498672,0.7821852131817995,0.5734348207455087,0.569,0.6522413309313555,0.7820178638769303,0.657088415825949,0.635,2.135306592736605,0.0,2.144559131409993,253.40134610781067,61.63942855261,47.092930787585445,14.53808405563795
282,0.5944339139239938,0.7821852131817995,0.573511686354842,0.5925,0.653664749681664,0.7820178638769303,0.6537090105925156,0.7,2.1538509953057394,0.0,2.163054713190091,252.9090391040445,61.83327723478054,47.21656824211248,14.608295283281464
283,0.595194512702463,0.7821852131817995,0.5734866947753012,0.569,0.6498192381895747,0.7820178638769303,0.6501093117234606,0.635,2.1321110220329578,0.0,2.1414414255093366,254.01012688098893,61.30476375358478,46.84095301621156,14.455397027986631
284,0.5957117397027271,0.7821852131817995,0.5733122989275192,0.5865,0.6519253154355559,0.7820178638769303,0.6488876269065622,0.65,2.124544266410866,0.0,2.133883801549984,254.34809024110146,61.152091094271064,46.734769438120594,14.408907946763865
285,0.5952314960284999,0.7821852131817995,0.573436289024436,0.5855,0.6523247079195953,0.7820178638769303,0.6492031693935779,0.64,2.127854818691326,0.0,2.137284808777891,254.81392450345746,60.8629757765453,46.50859213272353,14.345969934435187
286,0.5941291403116362,0.7821852131817995,0.5733746371744056,0.5855,0.6525103023529613,0.7820178638769303,0.6441983138215668,0.66,2.138866017542573,0.0,2.148413776835297,254.6674737188425,60.89029431815549,46.51386807772518,14.368012531043725
287,0.5948507735061203,0.7821852131817995,0.573316997457701,0.581,0.6538299497400542,0.7820178638769303,0.6412915347390432,0.65,2.126147048161833,0.0,2.135737694232115,254.74408231549756,60.90924805543988,46.54888679608971,14.3561064177212
288,0.5955839065090821,0.7821852131817995,0.5732957831301132,0.5865,0.6513891790513098,0.7820178638769303,0.643261086962626,0.65,2.1107060929954433,0.0,2.1203197605261175,254.9535182696178,60.86483439915384,46.53463097172729,14.325948585797581
289,0.5964311090356734,0.7821852131817995,0.5733189367618983,0.5795,0.6479476494031013,0.7820178638769303,0.64480260961561,0.635,2.113616955842003,0.0,2.123273063033819,254.6977339558923,60.994514511198666,46.62620804922496,14.359661704378347
290,0.5951709390108292,0.7821852131817995,0.5732251473989435,0.5895,0.6491280832523708,0.7820178638769303,0.6452623228206821,0.645,2.1132968385120705,0.0,2.122907745820865,254.5658673509826,61.071773664338025,46.6858122533677,14.37731665337498
291,0.595737715466171,0.7821852131817995,0.5732907061036847,0.5595,0.6519912055469976,0.7820178638769303,0.6419575346691451,0.675,2.131384943211475,0.0,2.140901709380281,253.54607390467845,61.564946099923844,47.03772703217177,14.518574310156696
292,0.5955402374256888,0.7821852131817995,0.5732578449082206,0.5845,0.6529863510323078,0.7820178638769303,0.6379795325937274,0.675,2.125957853155515,0.0,2.1354942174403155,253.66037595055542,61.52712291488977,47.01616658009651,14.502311577197911
293,0.5964305457031862,0.7821852131817995,0.5730620646388086,0.575,0.6541399462081868,0.7820178638769303,0.6363897021050342,0.69,2.1182992363666413,0.0,2.1278512813315587,253.35819435176208,61.74385496918842,47.19596632670284,14.54349872651918
294,0.5984960890043852,0.7821852131817995,0.57306197600687,0.5925,0.6546980635314603,0.7820178638769303,0.6413254015556695,0.63,2.113379319778357,0.0,2.1229564128633385,253.45318698423173,61.713872143558156,47.17969385500582,14.529788372585937
295,0.5978125539905209,0.7821852131817995,0.573088980619457,0.579,0.6528692501224163,0.7820178638769303,0.6476437979727685,0.63,2.115672910934925,0.0,2.125083893555935,253.02867156461224,61.94475804417117,47.352893241988994,14.587474886215782
296,0.5978703104924549,0.7821852131817995,0.5732003440362032,0.578,0.6541014299105418,0.7820178638769303,0.6461315444854836,0.68,2.121697818001058,0.0,2.1310228699155123,252.73817119352367,62.077449550312096,47.44579357525052,14.627266059095188
297,0.5983107934749612,0.7821852131817995,0.5732763745302741,0.571,0.6556019285085539,0.7820178638769303,0.6448767578301287,0.63,2.105829560222356,0.0,2.1152568570000576,253.3434348659442,61.7974979967676,47.248722854620375,14.540287971278865
298,0.5986502987034995,0.7821852131817995,0.5732872653547485,0.592,0.6569065825387027,0.7820178638769303,0.6458571446133203,0.645,2.1057762688454083,0.0,2.1150623011794547,253.38659232454773,61.77291811458836,47.230133186009326,14.534297757710664
299,0.5984414591899238,0.7821852131817995,0.5731961617256975,0.586,0.6574691353961869,0.7820178638769303,0.6482319284761773,0.605,2.1021239334928037,0.0,2.1114436054288346,253.37612051308412,61.79356982457466,47.250628554389245,14.534454099317074
300,0.5968184466730067,0.7821852131817995,0.5731854727525348,0.581,0.6594472096979426,0.7820178638769303,0.6456670811508272,0.655,2.1151027568134353,0.0,2.1243440540459058,252.9391851463448,61.98718080496683,47.38272755221059,14.595966081887878
301,0.595825813332815,0.7821852131817995,0.5732061522624298,0.597,0.661668111973108,0.7820178638769303,0.6467740320340232,0.625,2.118923789046274,0.0,2.128058455871059,252.35024506805513,62.30760483174828,47.62227637308311,14.676841287796803
302,0.5959050517622662,0.7821852131817995,0.5732282268069238,0.573,0.6597963288581356,0.7820178638769303,0.6480754850680713,0.63,2.115440277886591,0.0,2.1243394177482444,251.91147536075195,62.57908842458715,47.83178895449829,14.734387263926385
303,0.595804572134654,0.7821852131817995,0.5730454890803991,0.583,0.6593756186493632,0.7820178638769303,0.6488452216304043,0.615,2.1058255062574984,0.0,2.1147092330412702,252.4801577966893,62.304583102458295,47.63268591061407,14.654887730779794
304,0.5953444785759862,0.7821852131817995,0.5730146503303396,0.5875,0.661275382902904,0.7820178638769303,0.6467253751178503,0.63,2.1143725199944186,0.0,2.1232799152889776,252.53975175393032,62.22556601131415,47.56055156744091,14.64800498280881
305,0.5960537239253633,0.7821852131817995,0.5731478382148232,0.577,0.6606307807686826,0.7820178638769303,0.6439181437271828,0.675,2.1374873148744573,0.0,2.146383611345853,251.76459379545278,62.55777700093353,47.78411927851357,14.756648261355524
306,0.5956841441059233,0.7821852131817995,0.5731888452832068,0.5795,0.6624370722156262,0.7820178638769303,0.6468514007436091,0.64,2.153890987124395,0.0,2.1626849463781115,251.25417317559194,62.76911478895196,47.926225950752354,14.830269293101553
307,0.5968523358171492,0.7821852131817995,0.5731537482890098,0.5855,0.6643137931927595,0.7820178638769303,0.6466033363628199,0.63,2.1635894904052404,0.0,2.172522132163513,250.89297772967163,62.921844827343904,48.02885107320944,14.880374209036422
308,0.5973891267701615,0.7821852131817995,0.573139496030531,0.5875,0.6652537022789641,0.7820178638769303,0.647099163286598,0.675,2.1577733292743098,0.0,2.1667728977630007,251.6187989154298,62.54141102213564,47.74750833127981,14.781283145757772
309,0.5979757301599035,0.7821852131817995,0.5729493305946026,0.58,0.6602918372858896,0.7820178638769303,0.6479807382655496,0.615,2.157656284800084,0.0,2.166609674029964,251.00011109424534,62.89831372083343,48.01977118377195,14.86592299196343
310,0.5972242649863154,0.7821852131817995,0.5729740152458708,0.5675,0.6609485674713435,0.7820178638769303,0.6508905739166145,0.625,2.1598683866297153,0.0,2.1689069307800937,251.65087272494077,62.512396889686585,47.72128477158406,14.77849257300448
311,0.5971411550009121,0.7821852131817995,0.5729698639636723,0.5875,0.6643462912412771,0.7820178638769303,0.6485014250222899,0.675,2.1600877079679695,0.0,2.1690946290758246,251.58125710091338,62.54937336027481,47.74538668568303,14.78646292781307
312,0.5966256821493643,0.7821852131817995,0.5730180864057076,0.5835,0.6665439683126096,0.7820178638769303,0.6475890712242323,0.65,2.1578870849634697,0.0,2.1669206973846213,252.12445593074634,62.24979401148447,47.51980839924278,14.712461865462977
313,0.5963598071552222,0.7821852131817995,0.5729221322549567,0.5815,0.6638248444149863,0.7820178638769303,0.6477050704083926,0.625,2.1592955756953276,0.0,2.1683593068421567,252.21579340590733,62.194751736112785,47.47621566779122,14.701012321542846
314,0.5960284295563633,0.7821852131817995,0.5728818040237255,0.586,0.6614483142680458,0.7820178638769303,0.6512184785152431,0.62,2.173819885537877,0.0,2.1828610029844793,252.1287854175268,62.173294481210824,47.444521245133274,14.715346744200797
315,0.5961257609249533,0.7821852131817995,0.5728802785264215,0.597,0.6608212135096666,0.7820178638769303,0.6544586248784663,0.62,2.1735639011519607,0.0,2.1826215943526415,252.1472750008601,62.16180955474023,47.43600966425091,14.71237339861256
316,0.5962255546545595,0.7821852131817995,0.5728605195730275,0.5805,0.6611853961785311,0.7820178638769303,0.6522520399582864,0.67,2.155893642033469,0.0,2.1649663030477226,252.70868154638433,61.925449011753805,47.27872475151659,14.63329776836046
317,0.5957919820019427,0.7821852131817995,0.5728611569840101,0.5835,0.6601155226694172,0.7820178638769303,0.6533485403996698,0.6,2.15682454466089,0.0,2.1659445649893283,252.59409828287946,61.98421124403133,47.322242095240405,14.64854265691417
318,0.5979144930003069,0.7821852131817995,0.5728252060463337,0.59,0.6600252006833984,0.7820178638769303,0.6526615300705946,0.695,2.1415000010503427,0.0,2.150802577159714,253.1288609409133,61.75246582961792,47.1656445949645,14.573394742776658
319,0.5972851656452115,0.7821852131817995,0.5729036015635678,0.5825,0.6574499520158286,0.7820178638769303,0.6484207196155092,0.63,2.1451039399850518,0.0,2.154561417165798,253.436559448376,61.5554757513036,47.01313858618487,14.533335708536097
320,0.5966163282204229,0.7821852131817995,0.5728247195660866,0.5695,0.6575413435304918,0.7820178638769303,0.644294030322832,0.655,2.1358071472104574,0.0,2.1452807886023155,253.6678083780197,61.46678895001592,46.96053406565029,14.50135068268496
321,0.5975144562758136,0.7821852131817995,0.5728447571506619,0.591,0.656715698906393,0.7820178638769303,0.6491937967351395,0.65,2.136926103245784,0.0,2.1464101945622103,253.59040573164648,61.50626127416236,46.98917480471515,14.512182267766546
322,0.596772036220499,0.7821852131817995,0.5728890986948818,0.5735,0.655566121467187,0.7820178638769303,0.6449427278163626,0.675,2.125405849355987,0.0,2.134893111315356,254.0102319759904,61.32109193479585,46.85996478661559,14.45196810487062
323,0.596887173366107,0.7821852131817995,0.5728820240922108,0.581,0.6536850299845799,0.7820178638769303,0.6481294892340665,0.64,2.1146994440103377,0.0,2.1242180064617027,254.54361864794367,61.07219109648267,46.68539943996177,14.377632613211267
324,0.5961608683396973,0.7821852131817995,0.5729054364320628,0.569,0.6537749633559231,0.7820178638769303,0.6476948482236061,0.65,2.1193747814820103,0.0,2.128765822068237,254.67616657186306,60.97367944084759,46.60412541674314,14.360394980794823
325,0.5955114789464551,0.7821852131817995,0.5728891404161692,0.5795,0.6559246727796466,0.7820178638769303,0.6474456406145657,0.65,2.1144776702651247,0.0,2.123782927952834,254.540684462875,61.075480684740384,46.68832360887632,14.377998032554437
326,0.5957095458752755,0.7821852131817995,0.5730183345129278,0.58,0.6560081774485188,0.7820178638769303,0.6489386612428263,0.65,2.1152832131091825,0.0,2.124592775464018,255.38925972382515,60.58283514479307,46.31177217560151,14.261903925881919
327,0.5965082325907669,0.7821852131817995,0.5730186868841989,0.573,0.6566342646646663,0.7820178638769303,0.648648093910903,0.67,2.114757621379988,0.0,2.1240153136171585,255.06561331540178,60.771847850210236,46.45714378401752,14.305545022883077
328,0.5961396614730549,0.7821852131817995,0.5729715809377625,0.57,0.6564752837900285,0.7820178638769303,0.6465933912150806,0.67,2.124954563704181,0.0,2.134260940412143,255.0522238399535,60.733418192808806,46.414591777984334,14.310316731566553
329,0.5968283807754972,0.7821852131817995,0.5730739988221925,0.598,0.6602845297912461,0.7820178638769303,0.6463584052828193,0.66,2.133601830770334,0.0,2.1430025256999023,255.18615065832347,60.611487781281824,46.31029794230458,14.292680155719331
330,0.5969141289525923,0.7821852131817995,0.5731726143954241,0.58,0.6607116323293545,0.7820178638769303,0.6465370654787123,0.65,2.1132558173400997,0.0,2.1226627422166295,255.82000533731878,60.34467759044965,46.133013474470616,14.203154432721101
331,0.5963658169450349,0.7821852131817995,0.5731507601364483,0.5935,0.6623176143026767,0.7820178638769303,0.6485903867544427,0.67,2.104048603935438,0.0,2.1134523351952152,255.665165021775,60.48213521655352,46.25013881498851,14.223486718307091
332,0.5962948075188884,0.7821852131817995,0.5730638994395688,0.5925,0.6660488204492968,0.7820178638769303,0.6570045321889855,0.635,2.1064756589893077,0.0,2.1159758525674754,256.09688110519903,60.215633145475095,46.03875394196291,14.1637922653523
333,0.5961740111494359,0.7821852131817995,0.5729706496807097,0.5855,0.6672607654619276,0.7820178638769303,0.6576055606343622,0.655,2.131234714343629,0.0,2.1407165912024797,255.49275900451147,60.44100563843836,46.17795459611191,14.249964104166564
334,0.5968605716031962,0.7821852131817995,0.5729934541021047,0.5725,0.6695639482949219,0.7820178638769303,0.6543116373513144,0.67,2.1272097363151605,0.0,2.1366304272533445,255.51159483844015,60.45162165177487,46.191567164750694,14.24696754886428
335,0.5976299879187866,0.7821852131817995,0.5730144530181355,0.5895,0.674783282225994,0.7820178638769303,0.6539708356721197,0.655,2.1292481442862368,0.0,2.1386658731682378,255.92758872028327,60.1999212885093,45.99261544401907,14.190323628782705
336,0.597432839691487,0.7821852131817995,0.5730270445790548,0.5835,0.6741278187352948,0.7820178638769303,0.6557066484531242,0.65,2.13184931692232,0.0,2.1411148519509995,255.53651212380717,60.4129866340505,46.1525196171311,14.243484801211878
337,0.597682680396483,0.7821852131817995,0.5729837783754279,0.5745,0.6705409213894203,0.7820178638769303,0.6541088323577919,0.68,2.1326374023210795,0.0,2.141927922692682,255.13380636890048,60.64126837524964,46.32632856102642,14.297957598515682
338,0.5981017774425154,0.7821852131817995,0.5730521472296255,0.587,0.6670827774838457,0.7820178638769303,0.6489967338593372,0.69,2.133860379291646,0.0,2.1431777704578754,254.95677207271962,60.735912937125924,46.39330814262284,14.321267229096616
339,0.5987978695527523,0.7821852131817995,0.5731462572159332,0.5765,0.6658601046064129,0.7820178638769303,0.6500402838060623,0.655,2.143055206408316,0.0,2.152411486932971,254.80347444357182,60.77810728384537,46.416585897854745,14.344438662213133
340,0.5997849461395752,0.7821852131817995,0.5731430915101394,0.571,0.6623090273823127,0.7820178638769303,0.6503483598488973,0.675,2.146133165675675,0.0,2.1555796452216103,254.74203897386153,60.799029320719825,46.428384800400835,14.35356179654149
341,0.5996238247226654,0.7821852131817995,0.5731506715536475,0.5855,0.667026902306255,0.7820178638769303,0.6516482538664599,0.635,2.1294125015063923,0.0,2.138916349126902,255.4614160229674,60.46909034570417,46.198820300904885,14.253187321021779
342,0.5999865718857,0.7821852131817995,0.5731117447785099,0.5935,0.6689753233305512,0.7820178638769303,0.6527786325371469,0.665,2.1299114470448424,0.0,2.1395658911403745,255.6538221792768,60.3594638404178,46.11441397564057,14.227967140999734
343,0.5995297176998408,0.7821852131817995,0.573087155499522,0.5845,0.667538910329605,0.7820178638769303,0.6490643984481608,0.71,2.1319586137631936,0.0,2.141590906590363,255.32408412762896,60.53842096723243,46.248034320224086,14.27330392323085
344,0.5992135247742659,0.7821852131817995,0.5730936323424095,0.574,0.6721509523322083,0.7820178638769303,0.650179830074596,0.63,2.138952488629149,0.0,2.1485377707459983,255.53943820591292,60.37663658023165,46.115149145067086,14.24440471138706
345,0.5981242856713493,0.7821852131817995,0.57312240678762,0.5665,0.6711259069916089,0.7820178638769303,0.6538553295785898,0.62,2.1311596243793645,0.0,2.1406663118054996,255.57920091656956,60.38957587833974,46.13889990824092,14.237848087950283
346,0.5982589318589345,0.7821852131817995,0.5730636069564778,0.5915,0.6696411336491253,0.7820178638769303,0.6536513770974588,0.635,2.1157770865756462,0.0,2.12522982953168,255.5520036522149,60.478047198942285,46.22283708791154,14.238223361124568
347,0.5974845569647558,0.7821852131817995,0.5730586152702005,0.576,0.6679574040597643,0.7820178638769303,0.6501218276355736,0.64,2.122577632497496,0.0,2.132059003835543,255.24176122248025,60.62454188045748,46.32630734688813,14.281247783663183
348,0.5971457234941054,0.7821852131817995,0.5730510577580732,0.595,0.6677119410253696,0.7820178638769303,0.6451075446775819,0.67,2.1358339710808734,0.0,2.14528764714721,255.22357963980608,60.569775958727654,46.267233439251086,14.285555769570406
349,0.5972920955777393,0.7821852131817995,0.5730037079693532,0.581,0.6703097184802518,0.7820178638769303,0.6422652622938773,0.68,2.159491984495353,0.0,2.168961338151902,253.95988487415053,61.17345909598256,46.69853036567977,14.462519235298576
350,0.5968708275596012,0.7821852131817995,0.573019441468669,0.566,0.6693250410371747,0.7820178638769303,0.6405288659075274,0.66,2.1419349531578447,0.0,2.1513989273275334,253.9969422039642,61.24552720339453,46.778081885315856,14.45503582307446
351,0.5966461474379622,0.7821852131817995,0.5728956854335664,0.579,0.6636681214624849,0.7820178638769303,0.6447934304695351,0.645,2.1616101819685416,0.0,2.1709443284681433,252.95864285518658,61.7350986670435,47.12335854120508,14.599330630834224
352,0.5965953840517525,0.7821852131817995,0.5728859463915407,0.5785,0.6622172138212641,0.7820178638769303,0.6438846419783735,0.67,2.162808809668579,0.0,2.1720896279153683,252.86278183172413,61.78238127734864,47.16127260749687,14.612594452395212
353,0.597109306193695,0.7821852131817995,0.5728595903228644,0.579,0.6613623486903805,0.7820178638769303,0.6445727203180885,0.635,2.158234024766656,0.0,2.167596749323547,253.10659766214988,61.66667831405806,47.078695780625765,14.579468315975733
354,0.5977075866951508,0.7821852131817995,0.5729056335189557,0.5815,0.6605952460756014,0.7820178638769303,0.6426956736911937,0.665,2.1611788371809544,0.0,2.170575466837636,253.21513112593865,61.58644158493093,47.01317256845783,14.56475479901653
355,0.5980785167415682,0.7821852131817995,0.572970679392368,0.564,0.66093405124714,0.7820178638769303,0.6421127995683443,0.635,2.162771195669773,0.0,2.172124828663814,253.28324830982007,61.54102316044666,46.97998713467439,14.556877158014643
356,0.5986208510310416,0.7821852131817995,0.5729648882978939,0.561,0.6640225823423443,0.7820178638769303,0.6415246609357667,0.65,2.1669129572035764,0.0,2.1762584046151545,253.16344387763053,61.5863015480517,47.00873360482495,14.573409075469122
357,0.5965791365593884,0.7821852131817995,0.5729023273967344,0.5785,0.6644496331453253,0.7820178638769303,0.6445177408087105,0.585,2.1667719032755772,0.0,2.176111125913908,252.82980138087672,61.77582949418117,47.153341909197465,14.618675289539201
358,0.5980357783685666,0.7821852131817995,0.5728156432635358,0.5795,0.665873023085765,0.7820178638769303,0.649116688866254,0.615,2.166630849347578,0.0,2.175963847212662,252.49615888412308,61.965357440310655,47.297950213570005,14.663941503609285
359,0.5982404874153118,0.7821852131817995,0.5727605806844012,0.5865,0.6687779991013716,0.7820178638769303,0.65328342700682,0.58,2.1664897954195785,0.0,2.1758165685114164,252.16251638736944,62.154885386440135,47.442558517942544,14.70920771767937
360,0.5977841619131998,0.7821852131817995,0.5727139173866413,0.594,0.6702033243039207,0.7820178638769303,0.6449834169990376,0.705,2.1663487414915794,0.0,2.1756692898101706,251.8288738906158,62.34441333256962,47.58716682231508,14.754473931749455
361,0.5971070632619454,0.7821852131817995,0.5727278128749448,0.5825,0.6707109918137008,0.7820178638769303,0.6416875002497239,0.665,2.1662076875635803,0.0,2.175522011108925,251.49523139386216,62.53394127869911,47.73177512668762,14.79974014581954
362,0.5968232218677558,0.7821852131817995,0.5727559589969536,0.5745,0.6700127309523966,0.7820178638769303,0.639324725475875,0.64,2.1660666336355807,0.0,2.175374732407679,251.16158889710852,62.7234692248286,47.87638343106016,14.845006359889624
363,0.5958236724422574,0.7821852131817995,0.5727026501648163,0.595,0.6667086388414664,0.7820178638769303,0.639735521115996,0.65,2.1659255797075816,0.0,2.1752274537064333,250.82794640035488,62.91299717095808,48.020991735432695,14.890272573959708
364,0.594994859038264,0.7821852131817995,0.5726324587261856,0.5765,0.6659592554750751,0.7820178638769303,0.6379163122202601,0.63,2.165784525779582,0.0,2.1750801750051876,250.49430390360124,63.102525117087566,48.165600039805234,14.935538788029792
