,veh,pos,t,event,paxes
0,1,45003346.0,0,STARTS_DAY,[]
1,1,45003346.0,0,OPENS_APP,[]
2,1,45003346.0,0,RECEIVES_REQUEST,[]
3,1,45003346.0,15,ACCEPTS_REQUEST,[]
4,1,45003346.0,35,IS_ACCEPTED_BY_TRAVELLER,[]
5,1,560171623.0,121,ARRIVES_AT_PICKUP,[]
6,1,560171623.0,121,MEETS_TRAVELLER_AT_PICKUP,[]
7,1,560171623.0,151,DEPARTS_FROM_PICKUP,[0]
8,1,44980271.0,195,ARRIVES_AT_DROPOFF,[0]
9,1,44980271.0,2032,RECEIVES_REQUEST,[]
10,1,44980271.0,2047,ACCEPTS_REQUEST,[]
11,1,44980271.0,2067,IS_ACCEPTED_BY_TRAVELLER,[]
12,1,44987836.0,2123,ARRIVES_AT_PICKUP,[]
13,1,44987836.0,2123,MEETS_TRAVELLER_AT_PICKUP,[]
14,1,44987836.0,2153,DEPARTS_FROM_PICKUP,[3]
15,1,45016105.0,2257,ARRIVES_AT_DROPOFF,[3]
16,1,45016105.0,11109,RECEIVES_REQUEST,[]
17,1,45016105.0,11124,ACCEPTS_REQUEST,[]
18,1,45016105.0,11144,IS_ACCEPTED_BY_TRAVELLER,[]
19,1,534558193.0,11324,ARRIVES_AT_PICKUP,[]
20,1,534558193.0,11324,MEETS_TRAVELLER_AT_PICKUP,[]
21,1,534558193.0,11354,DEPARTS_FROM_PICKUP,[12]
22,1,44975595.0,11569,ARRIVES_AT_DROPOFF,[12]
23,1,44975595.0,11620,RECEIVES_REQUEST,[]
24,1,44975595.0,11635,ACCEPTS_REQUEST,[]
25,1,44975595.0,11655,IS_ACCEPTED_BY_TRAVELLER,[]
26,1,44986197.0,11740,ARRIVES_AT_PICKUP,[]
27,1,44986197.0,11740,MEETS_TRAVELLER_AT_PICKUP,[]
28,1,44986197.0,11770,DEPARTS_FROM_PICKUP,[16]
29,1,44970561.0,11898,ARRIVES_AT_DROPOFF,[16]
30,1,44970561.0,13126,RECEIVES_REQUEST,[]
31,1,44970561.0,13141,ACCEPTS_REQUEST,[]
32,1,44970561.0,13161,IS_ACCEPTED_BY_TRAVELLER,[]
33,1,1402824226.0,13243,ARRIVES_AT_PICKUP,[]
34,1,1402824226.0,13243,MEETS_TRAVELLER_AT_PICKUP,[]
35,1,1402824226.0,13273,DEPARTS_FROM_PICKUP,[17]
36,1,1431454100.0,13289,ARRIVES_AT_DROPOFF,[17]
37,1,1431454100.0,13825,RECEIVES_REQUEST,[]
38,1,1431454100.0,13840,ACCEPTS_REQUEST,[]
39,1,1431454100.0,13860,IS_ACCEPTED_BY_TRAVELLER,[]
40,1,44979753.0,13861,ARRIVES_AT_PICKUP,[]
41,1,44979753.0,13861,MEETS_TRAVELLER_AT_PICKUP,[]
42,1,44979753.0,13891,DEPARTS_FROM_PICKUP,[18]
43,1,44984377.0,13971,ARRIVES_AT_DROPOFF,[18]
44,1,44984377.0,21599,ENDS_SHIFT,[]
0,2,45011027.0,0,STARTS_DAY,[]
1,2,45011027.0,0,OPENS_APP,[]
2,2,45011027.0,326,RECEIVES_REQUEST,[]
3,2,45011027.0,341,ACCEPTS_REQUEST,[]
4,2,45011027.0,361,IS_ACCEPTED_BY_TRAVELLER,[]
5,2,45023679.0,461,ARRIVES_AT_PICKUP,[]
6,2,45023679.0,461,MEETS_TRAVELLER_AT_PICKUP,[]
7,2,45023679.0,491,DEPARTS_FROM_PICKUP,[1]
8,2,510615535.0,717,ARRIVES_AT_DROPOFF,[1]
9,2,510615535.0,3744,RECEIVES_REQUEST,[]
10,2,510615535.0,3759,ACCEPTS_REQUEST,[]
11,2,510615535.0,3779,IS_ACCEPTED_BY_TRAVELLER,[]
12,2,1967365383.0,3881,ARRIVES_AT_PICKUP,[]
13,2,1967365383.0,3881,MEETS_TRAVELLER_AT_PICKUP,[]
14,2,1967365383.0,3911,DEPARTS_FROM_PICKUP,[5]
15,2,44978594.0,4067,ARRIVES_AT_DROPOFF,[5]
16,2,44978594.0,11548,RECEIVES_REQUEST,[]
17,2,44978594.0,11563,ACCEPTS_REQUEST,[]
18,2,44978594.0,11583,IS_ACCEPTED_BY_TRAVELLER,[]
19,2,510614415.0,11775,ARRIVES_AT_PICKUP,[]
20,2,510614415.0,11775,MEETS_TRAVELLER_AT_PICKUP,[]
21,2,510614415.0,11805,DEPARTS_FROM_PICKUP,[15]
22,2,45017813.0,11882,ARRIVES_AT_DROPOFF,[15]
23,2,45017813.0,21599,ENDS_SHIFT,[]
0,3,520813051.0,0,STARTS_DAY,[]
1,3,520813051.0,0,OPENS_APP,[]
2,3,520813051.0,4734,RECEIVES_REQUEST,[]
3,3,520813051.0,4749,ACCEPTS_REQUEST,[]
4,3,520813051.0,4769,IS_ACCEPTED_BY_TRAVELLER,[]
5,3,510615524.0,4831,ARRIVES_AT_PICKUP,[]
6,3,510615524.0,4831,MEETS_TRAVELLER_AT_PICKUP,[]
7,3,510615524.0,4861,DEPARTS_FROM_PICKUP,[7]
8,3,4340326874.0,4942,ARRIVES_AT_DROPOFF,[7]
9,3,4340326874.0,7416,RECEIVES_REQUEST,[]
10,3,4340326874.0,7431,ACCEPTS_REQUEST,[]
11,3,4340326874.0,7451,IS_ACCEPTED_BY_TRAVELLER,[]
12,3,5257342096.0,7474,ARRIVES_AT_PICKUP,[]
13,3,5257342096.0,7474,MEETS_TRAVELLER_AT_PICKUP,[]
14,3,5257342096.0,7504,DEPARTS_FROM_PICKUP,[10]
15,3,44991289.0,7743,ARRIVES_AT_DROPOFF,[10]
16,3,44991289.0,11403,RECEIVES_REQUEST,[]
17,3,44991289.0,11418,ACCEPTS_REQUEST,[]
18,3,44991289.0,11438,IS_ACCEPTED_BY_TRAVELLER,[]
19,3,45005027.0,11475,ARRIVES_AT_PICKUP,[]
20,3,45005027.0,11475,MEETS_TRAVELLER_AT_PICKUP,[]
21,3,45005027.0,11505,DEPARTS_FROM_PICKUP,[13]
22,3,500965113.0,11644,ARRIVES_AT_DROPOFF,[13]
23,3,500965113.0,14117,RECEIVES_REQUEST,[]
24,3,500965113.0,14132,ACCEPTS_REQUEST,[]
25,3,500965113.0,14152,IS_ACCEPTED_BY_TRAVELLER,[]
26,3,3445597509.0,14173,ARRIVES_AT_PICKUP,[]
27,3,3445597509.0,14173,MEETS_TRAVELLER_AT_PICKUP,[]
28,3,3445597509.0,14203,DEPARTS_FROM_PICKUP,[19]
29,3,44990295.0,14277,ARRIVES_AT_DROPOFF,[19]
30,3,44990295.0,21599,ENDS_SHIFT,[]
0,4,4340326874.0,0,STARTS_DAY,[]
1,4,4340326874.0,0,OPENS_APP,[]
2,4,4340326874.0,4229,RECEIVES_REQUEST,[]
3,4,4340326874.0,4244,ACCEPTS_REQUEST,[]
4,4,4340326874.0,4264,IS_ACCEPTED_BY_TRAVELLER,[]
5,4,45036680.0,4414,ARRIVES_AT_PICKUP,[]
6,4,45036680.0,4414,MEETS_TRAVELLER_AT_PICKUP,[]
7,4,45036680.0,4444,DEPARTS_FROM_PICKUP,[6]
8,4,1454318509.0,4699,ARRIVES_AT_DROPOFF,[6]
9,4,1454318509.0,5146,RECEIVES_REQUEST,[]
10,4,1454318509.0,5161,ACCEPTS_REQUEST,[]
11,4,1454318509.0,5181,IS_ACCEPTED_BY_TRAVELLER,[]
12,4,1552542896.0,5279,ARRIVES_AT_PICKUP,[]
13,4,1552542896.0,5279,MEETS_TRAVELLER_AT_PICKUP,[]
14,4,1552542896.0,5309,DEPARTS_FROM_PICKUP,[8]
15,4,45001822.0,5479,ARRIVES_AT_DROPOFF,[8]
16,4,45001822.0,5881,RECEIVES_REQUEST,[]
17,4,45001822.0,5896,ACCEPTS_REQUEST,[]
18,4,45001822.0,5916,IS_ACCEPTED_BY_TRAVELLER,[]
19,4,45017204.0,5959,ARRIVES_AT_PICKUP,[]
20,4,45017204.0,5959,MEETS_TRAVELLER_AT_PICKUP,[]
21,4,45017204.0,5989,DEPARTS_FROM_PICKUP,[9]
22,4,45036527.0,6154,ARRIVES_AT_DROPOFF,[9]
23,4,45036527.0,7484,RECEIVES_REQUEST,[]
24,4,45036527.0,7499,ACCEPTS_REQUEST,[]
25,4,45036527.0,7519,IS_ACCEPTED_BY_TRAVELLER,[]
26,4,45026014.0,7543,ARRIVES_AT_PICKUP,[]
27,4,45026014.0,7543,MEETS_TRAVELLER_AT_PICKUP,[]
28,4,45026014.0,7573,DEPARTS_FROM_PICKUP,[11]
29,4,493856408.0,8018,ARRIVES_AT_DROPOFF,[11]
30,4,493856408.0,21599,ENDS_SHIFT,[]
0,5,44980271.0,0,STARTS_DAY,[]
1,5,44980271.0,0,OPENS_APP,[]
2,5,44980271.0,865,RECEIVES_REQUEST,[]
3,5,44980271.0,880,ACCEPTS_REQUEST,[]
4,5,44980271.0,900,IS_ACCEPTED_BY_TRAVELLER,[]
5,5,44998194.0,1004,ARRIVES_AT_PICKUP,[]
6,5,44998194.0,1004,MEETS_TRAVELLER_AT_PICKUP,[]
7,5,44998194.0,1034,DEPARTS_FROM_PICKUP,[2]
8,5,45033209.0,1143,ARRIVES_AT_DROPOFF,[2]
9,5,45033209.0,2356,RECEIVES_REQUEST,[]
10,5,45033209.0,2371,ACCEPTS_REQUEST,[]
11,5,45033209.0,2391,IS_ACCEPTED_BY_TRAVELLER,[]
12,5,1430043106.0,2433,ARRIVES_AT_PICKUP,[]
13,5,1430043106.0,2433,MEETS_TRAVELLER_AT_PICKUP,[]
14,5,1430043106.0,2463,DEPARTS_FROM_PICKUP,[4]
15,5,4290089185.0,2527,ARRIVES_AT_DROPOFF,[4]
16,5,4290089185.0,11484,RECEIVES_REQUEST,[]
17,5,4290089185.0,11499,ACCEPTS_REQUEST,[]
18,5,4290089185.0,11519,IS_ACCEPTED_BY_TRAVELLER,[]
19,5,44983944.0,11692,ARRIVES_AT_PICKUP,[]
20,5,44983944.0,11692,MEETS_TRAVELLER_AT_PICKUP,[]
21,5,44983944.0,11722,DEPARTS_FROM_PICKUP,[14]
22,5,45024537.0,11907,ARRIVES_AT_DROPOFF,[14]
23,5,45024537.0,21599,ENDS_SHIFT,[]
