,pax,pos,t,event,veh_id
0,0,560171623,0,STARTS_DAY,
1,0,560171623,0,REQUESTS_RIDE,
2,0,560171623,0,RECEIVES_OFFER,
3,0,560171623,15,ACCEPTS_OFFER,
4,0,560171623,35,ARRIVES_AT_PICKUP,1.0
5,0,560171623,121,MEETS_DRIVER_AT_PICKUP,1.0
6,0,560171623,151,DEPARTS_FROM_PICKUP,1.0
7,0,44980271,195,ARRIVES_AT_DROPOFF,1.0
8,0,44980271,205,SETS_OFF_FOR_DEST,
9,0,44980271,205,ARRIVES_AT_DEST,
0,1,45023679,0,STARTS_DAY,
1,1,45023679,326,REQUESTS_RIDE,
2,1,45023679,326,RECEIVES_OFFER,
3,1,45023679,341,ACCEPTS_OFFER,
4,1,45023679,361,ARRIVES_AT_PICKUP,2.0
5,1,45023679,461,MEETS_DRIVER_AT_PICKUP,2.0
6,1,45023679,491,DEPARTS_FROM_PICKUP,2.0
7,1,510615535,717,ARRIVES_AT_DROPOFF,2.0
8,1,510615535,727,SETS_OFF_FOR_DEST,
9,1,510615535,727,ARRIVES_AT_DEST,
0,2,44998194,0,STARTS_DAY,
1,2,44998194,865,REQUESTS_RIDE,
2,2,44998194,865,RECEIVES_OFFER,
3,2,44998194,880,ACCEPTS_OFFER,
4,2,44998194,900,ARRIVES_AT_PICKUP,5.0
5,2,44998194,1004,MEETS_DRIVER_AT_PICKUP,5.0
6,2,44998194,1034,DEPARTS_FROM_PICKUP,5.0
7,2,45033209,1143,ARRIVES_AT_DROPOFF,5.0
8,2,45033209,1153,SETS_OFF_FOR_DEST,
9,2,45033209,1153,ARRIVES_AT_DEST,
0,3,44987836,0,STARTS_DAY,
1,3,44987836,2032,REQUESTS_RIDE,
2,3,44987836,2032,RECEIVES_OFFER,
3,3,44987836,2047,ACCEPTS_OFFER,
4,3,44987836,2067,ARRIVES_AT_PICKUP,1.0
5,3,44987836,2123,MEETS_DRIVER_AT_PICKUP,1.0
6,3,44987836,2153,DEPARTS_FROM_PICKUP,1.0
7,3,45016105,2257,ARRIVES_AT_DROPOFF,1.0
8,3,45016105,2267,SETS_OFF_FOR_DEST,
9,3,45016105,2267,ARRIVES_AT_DEST,
0,4,1430043106,0,STARTS_DAY,
1,4,1430043106,2356,REQUESTS_RIDE,
2,4,1430043106,2356,RECEIVES_OFFER,
3,4,1430043106,2371,ACCEPTS_OFFER,
4,4,1430043106,2391,ARRIVES_AT_PICKUP,5.0
5,4,1430043106,2433,MEETS_DRIVER_AT_PICKUP,5.0
6,4,1430043106,2463,DEPARTS_FROM_PICKUP,5.0
7,4,4290089185,2527,ARRIVES_AT_DROPOFF,5.0
8,4,4290089185,2537,SETS_OFF_FOR_DEST,
9,4,4290089185,2537,ARRIVES_AT_DEST,
0,5,1967365383,0,STARTS_DAY,
1,5,1967365383,3744,REQUESTS_RIDE,
2,5,1967365383,3744,RECEIVES_OFFER,
3,5,1967365383,3759,ACCEPTS_OFFER,
4,5,1967365383,3779,ARRIVES_AT_PICKUP,2.0
5,5,1967365383,3881,MEETS_DRIVER_AT_PICKUP,2.0
6,5,1967365383,3911,DEPARTS_FROM_PICKUP,2.0
7,5,44978594,4067,ARRIVES_AT_DROPOFF,2.0
8,5,44978594,4077,SETS_OFF_FOR_DEST,
9,5,44978594,4077,ARRIVES_AT_DEST,
0,6,45036680,0,STARTS_DAY,
1,6,45036680,4229,REQUESTS_RIDE,
2,6,45036680,4229,RECEIVES_OFFER,
3,6,45036680,4244,ACCEPTS_OFFER,
4,6,45036680,4264,ARRIVES_AT_PICKUP,4.0
5,6,45036680,4414,MEETS_DRIVER_AT_PICKUP,4.0
6,6,45036680,4444,DEPARTS_FROM_PICKUP,4.0
7,6,1454318509,4699,ARRIVES_AT_DROPOFF,4.0
8,6,1454318509,4709,SETS_OFF_FOR_DEST,
9,6,1454318509,4709,ARRIVES_AT_DEST,
0,7,510615524,0,STARTS_DAY,
1,7,510615524,4734,REQUESTS_RIDE,
2,7,510615524,4734,RECEIVES_OFFER,
3,7,510615524,4749,ACCEPTS_OFFER,
4,7,510615524,4769,ARRIVES_AT_PICKUP,3.0
5,7,510615524,4831,MEETS_DRIVER_AT_PICKUP,3.0
6,7,510615524,4861,DEPARTS_FROM_PICKUP,3.0
7,7,4340326874,4942,ARRIVES_AT_DROPOFF,3.0
8,7,4340326874,4952,SETS_OFF_FOR_DEST,
9,7,4340326874,4952,ARRIVES_AT_DEST,
0,8,1552542896,0,STARTS_DAY,
1,8,1552542896,5146,REQUESTS_RIDE,
2,8,1552542896,5146,RECEIVES_OFFER,
3,8,1552542896,5161,ACCEPTS_OFFER,
4,8,1552542896,5181,ARRIVES_AT_PICKUP,4.0
5,8,1552542896,5279,MEETS_DRIVER_AT_PICKUP,4.0
6,8,1552542896,5309,DEPARTS_FROM_PICKUP,4.0
7,8,45001822,5479,ARRIVES_AT_DROPOFF,4.0
8,8,45001822,5489,SETS_OFF_FOR_DEST,
9,8,45001822,5489,ARRIVES_AT_DEST,
0,9,45017204,0,STARTS_DAY,
1,9,45017204,5881,REQUESTS_RIDE,
2,9,45017204,5881,RECEIVES_OFFER,
3,9,45017204,5896,ACCEPTS_OFFER,
4,9,45017204,5916,ARRIVES_AT_PICKUP,4.0
5,9,45017204,5959,MEETS_DRIVER_AT_PICKUP,4.0
6,9,45017204,5989,DEPARTS_FROM_PICKUP,4.0
7,9,45036527,6154,ARRIVES_AT_DROPOFF,4.0
8,9,45036527,6164,SETS_OFF_FOR_DEST,
9,9,45036527,6164,ARRIVES_AT_DEST,
0,10,5257342096,0,STARTS_DAY,
1,10,5257342096,7416,REQUESTS_RIDE,
2,10,5257342096,7416,RECEIVES_OFFER,
3,10,5257342096,7431,ACCEPTS_OFFER,
4,10,5257342096,7451,ARRIVES_AT_PICKUP,3.0
5,10,5257342096,7474,MEETS_DRIVER_AT_PICKUP,3.0
6,10,5257342096,7504,DEPARTS_FROM_PICKUP,3.0
7,10,44991289,7743,ARRIVES_AT_DROPOFF,3.0
8,10,44991289,7753,SETS_OFF_FOR_DEST,
9,10,44991289,7753,ARRIVES_AT_DEST,
0,11,45026014,0,STARTS_DAY,
1,11,45026014,7484,REQUESTS_RIDE,
2,11,45026014,7484,RECEIVES_OFFER,
3,11,45026014,7499,ACCEPTS_OFFER,
4,11,45026014,7519,ARRIVES_AT_PICKUP,4.0
5,11,45026014,7543,MEETS_DRIVER_AT_PICKUP,4.0
6,11,45026014,7573,DEPARTS_FROM_PICKUP,4.0
7,11,493856408,8018,ARRIVES_AT_DROPOFF,4.0
8,11,493856408,8028,SETS_OFF_FOR_DEST,
9,11,493856408,8028,ARRIVES_AT_DEST,
0,12,534558193,0,STARTS_DAY,
1,12,534558193,11109,REQUESTS_RIDE,
2,12,534558193,11109,RECEIVES_OFFER,
3,12,534558193,11124,ACCEPTS_OFFER,
4,12,534558193,11144,ARRIVES_AT_PICKUP,1.0
5,12,534558193,11324,MEETS_DRIVER_AT_PICKUP,1.0
6,12,534558193,11354,DEPARTS_FROM_PICKUP,1.0
7,12,44975595,11569,ARRIVES_AT_DROPOFF,1.0
8,12,44975595,11579,SETS_OFF_FOR_DEST,
9,12,44975595,11579,ARRIVES_AT_DEST,
0,13,45005027,0,STARTS_DAY,
1,13,45005027,11403,REQUESTS_RIDE,
2,13,45005027,11403,RECEIVES_OFFER,
3,13,45005027,11418,ACCEPTS_OFFER,
4,13,45005027,11438,ARRIVES_AT_PICKUP,3.0
5,13,45005027,11475,MEETS_DRIVER_AT_PICKUP,3.0
6,13,45005027,11505,DEPARTS_FROM_PICKUP,3.0
7,13,500965113,11644,ARRIVES_AT_DROPOFF,3.0
8,13,500965113,11654,SETS_OFF_FOR_DEST,
9,13,500965113,11654,ARRIVES_AT_DEST,
0,14,44983944,0,STARTS_DAY,
1,14,44983944,11484,REQUESTS_RIDE,
2,14,44983944,11484,RECEIVES_OFFER,
3,14,44983944,11499,ACCEPTS_OFFER,
4,14,44983944,11519,ARRIVES_AT_PICKUP,5.0
5,14,44983944,11692,MEETS_DRIVER_AT_PICKUP,5.0
6,14,44983944,11722,DEPARTS_FROM_PICKUP,5.0
7,14,45024537,11907,ARRIVES_AT_DROPOFF,5.0
8,14,45024537,11917,SETS_OFF_FOR_DEST,
9,14,45024537,11917,ARRIVES_AT_DEST,
0,15,510614415,0,STARTS_DAY,
1,15,510614415,11548,REQUESTS_RIDE,
2,15,510614415,11548,RECEIVES_OFFER,
3,15,510614415,11563,ACCEPTS_OFFER,
4,15,510614415,11583,ARRIVES_AT_PICKUP,2.0
5,15,510614415,11775,MEETS_DRIVER_AT_PICKUP,2.0
6,15,510614415,11805,DEPARTS_FROM_PICKUP,2.0
7,15,45017813,11882,ARRIVES_AT_DROPOFF,2.0
8,15,45017813,11892,SETS_OFF_FOR_DEST,
9,15,45017813,11892,ARRIVES_AT_DEST,
0,16,44986197,0,STARTS_DAY,
1,16,44986197,11620,REQUESTS_RIDE,
2,16,44986197,11620,RECEIVES_OFFER,
3,16,44986197,11635,ACCEPTS_OFFER,
4,16,44986197,11655,ARRIVES_AT_PICKUP,1.0
5,16,44986197,11740,MEETS_DRIVER_AT_PICKUP,1.0
6,16,44986197,11770,DEPARTS_FROM_PICKUP,1.0
7,16,44970561,11898,ARRIVES_AT_DROPOFF,1.0
8,16,44970561,11908,SETS_OFF_FOR_DEST,
9,16,44970561,11908,ARRIVES_AT_DEST,
0,17,1402824226,0,STARTS_DAY,
1,17,1402824226,13126,REQUESTS_RIDE,
2,17,1402824226,13126,RECEIVES_OFFER,
3,17,1402824226,13141,ACCEPTS_OFFER,
4,17,1402824226,13161,ARRIVES_AT_PICKUP,1.0
5,17,1402824226,13243,MEETS_DRIVER_AT_PICKUP,1.0
6,17,1402824226,13273,DEPARTS_FROM_PICKUP,1.0
7,17,1431454100,13289,ARRIVES_AT_DROPOFF,1.0
8,17,1431454100,13299,SETS_OFF_FOR_DEST,
9,17,1431454100,13299,ARRIVES_AT_DEST,
0,18,44979753,0,STARTS_DAY,
1,18,44979753,13825,REQUESTS_RIDE,
2,18,44979753,13825,RECEIVES_OFFER,
3,18,44979753,13840,ACCEPTS_OFFER,
4,18,44979753,13860,ARRIVES_AT_PICKUP,1.0
5,18,44979753,13861,MEETS_DRIVER_AT_PICKUP,1.0
6,18,44979753,13891,DEPARTS_FROM_PICKUP,1.0
7,18,44984377,13971,ARRIVES_AT_DROPOFF,1.0
8,18,44984377,13981,SETS_OFF_FOR_DEST,
9,18,44984377,13981,ARRIVES_AT_DEST,
0,19,3445597509,0,STARTS_DAY,
1,19,3445597509,14117,REQUESTS_RIDE,
2,19,3445597509,14117,RECEIVES_OFFER,
3,19,3445597509,14132,ACCEPTS_OFFER,
4,19,3445597509,14152,ARRIVES_AT_PICKUP,3.0
5,19,3445597509,14173,MEETS_DRIVER_AT_PICKUP,3.0
6,19,3445597509,14203,DEPARTS_FROM_PICKUP,3.0
7,19,44990295,14277,ARRIVES_AT_DROPOFF,3.0
8,19,44990295,14287,SETS_OFF_FOR_DEST,
9,19,44990295,14287,ARRIVES_AT_DEST,
