veh,nRIDES,nREJECTED,OUT,STARTS_DAY,OPENS_APP,RECEIVES_REQUEST,ACCEPTS_REQUEST,REJECTS_REQUEST,IS_ACCEPTED_BY_TRAVELLER,IS_REJECTED_BY_TRAVELLER,ARRIVES_AT_PICKUP,MEETS_TRAVELLER_AT_PICKUP,DEPARTS_FROM_PICKUP,ARRIVES_AT_DROPOFF,CONTINUES_SHIFT,STARTS_REPOSITIONING,REPOSITIONED,DECIDES_NOT_TO_DRIVE,ENDS_SHIFT,TRAVEL,WAIT,CRUISE,OPERATIONS,IDLE,PAX_KM,REVENUE
1,6,0.0,False,0,0,12504.0,90.0,0,120.0,0,490.0,0,180.0,587.0,0,0,0,0,7628.0,587.0,0,490.0,390.0,6161.0,5.909,5.909
2,3,0.0,False,0,0,10834.0,45.0,0,60.0,0,394.0,0,90.0,459.0,0,0,0,0,9717.0,459.0,0,394.0,195.0,8669.0,4.605,4.605
3,4,0.0,False,0,0,13341.0,60.0,0,80.0,0,143.0,0,120.0,533.0,0,0,0,0,7322.0,533.0,0,143.0,260.0,6386.0,5.357,5.357
4,4,0.0,False,0,0,6408.0,60.0,0,80.0,0,315.0,0,120.0,1035.0,0,0,0,0,13581.0,1035.0,0,315.0,260.0,11971.0,10.371,10.371
5,3,0.0,False,0,0,11035.0,45.0,0,60.0,0,319.0,0,90.0,358.0,0,0,0,0,9692.0,358.0,0,319.0,195.0,8820.0,3.593,3.593
