,veh,pos,t,event,paxes
0,1,45003905.0,0,STARTS_DAY,[]
1,1,45003905.0,0,OPENS_APP,[]
2,1,45003905.0,0,RECEIVES_REQUEST,[]
3,1,45003905.0,15,ACCEPTS_REQUEST,[]
4,1,45003905.0,35,IS_ACCEPTED_BY_TRAVELLER,[]
5,1,1432312433.0,131,ARRIVES_AT_PICKUP,[]
6,1,1432312433.0,131,MEETS_TRAVELLER_AT_PICKUP,[]
7,1,1432312433.0,161,DEPARTS_FROM_PICKUP,[0]
8,1,45025610.0,425,ARRIVES_AT_DROPOFF,[0]
9,1,45025610.0,2120,RECEIVES_REQUEST,[]
10,1,45025610.0,2135,ACCEPTS_REQUEST,[]
11,1,45025610.0,2155,IS_ACCEPTED_BY_TRAVELLER,[]
12,1,1619407431.0,2167,ARRIVES_AT_PICKUP,[]
13,1,1619407431.0,2167,MEETS_TRAVELLER_AT_PICKUP,[]
14,1,1619407431.0,2197,DEPARTS_FROM_PICKUP,[3]
15,1,520819478.0,2319,ARRIVES_AT_DROPOFF,[3]
16,1,520819478.0,21599,ENDS_SHIFT,[]
0,2,1402795343.0,0,STARTS_DAY,[]
1,2,1402795343.0,0,OPENS_APP,[]
2,2,1402795343.0,8058,RECEIVES_REQUEST,[]
3,2,1402795343.0,8073,ACCEPTS_REQUEST,[]
4,2,1402795343.0,8093,IS_ACCEPTED_BY_TRAVELLER,[]
5,2,838045968.0,8168,ARRIVES_AT_PICKUP,[]
6,2,838045968.0,8168,MEETS_TRAVELLER_AT_PICKUP,[]
7,2,838045968.0,8198,DEPARTS_FROM_PICKUP,[8]
8,2,44987283.0,8434,ARRIVES_AT_DROPOFF,[8]
9,2,44987283.0,21599,ENDS_SHIFT,[]
0,3,45031753.0,0,STARTS_DAY,[]
1,3,45031753.0,0,OPENS_APP,[]
2,3,45031753.0,21599,ENDS_SHIFT,[]
0,4,45027379.0,0,STARTS_DAY,[]
1,4,45027379.0,0,OPENS_APP,[]
2,4,45027379.0,221,RECEIVES_REQUEST,[]
3,4,45027379.0,236,ACCEPTS_REQUEST,[]
4,4,45022518.0,249,ARRIVES_AT_PICKUP,[]
5,4,45022518.0,256,IS_ACCEPTED_BY_TRAVELLER,[]
6,4,45022518.0,256,MEETS_TRAVELLER_AT_PICKUP,[]
7,4,45022518.0,286,DEPARTS_FROM_PICKUP,[1]
8,4,45001824.0,454,ARRIVES_AT_DROPOFF,[1]
9,4,45001824.0,9616,RECEIVES_REQUEST,[]
10,4,45001824.0,9631,ACCEPTS_REQUEST,[]
11,4,45001824.0,9651,IS_ACCEPTED_BY_TRAVELLER,[]
12,4,45006627.0,9699,ARRIVES_AT_PICKUP,[]
13,4,45006627.0,9699,MEETS_TRAVELLER_AT_PICKUP,[]
14,4,45006627.0,9729,DEPARTS_FROM_PICKUP,[9]
15,4,534558194.0,9934,ARRIVES_AT_DROPOFF,[9]
16,4,534558194.0,21599,ENDS_SHIFT,[]
0,5,1631846303.0,0,STARTS_DAY,[]
1,5,1631846303.0,0,OPENS_APP,[]
2,5,1631846303.0,3391,RECEIVES_REQUEST,[]
3,5,1631846303.0,3406,ACCEPTS_REQUEST,[]
4,5,1631846303.0,3426,IS_ACCEPTED_BY_TRAVELLER,[]
5,5,661170821.0,3429,ARRIVES_AT_PICKUP,[]
6,5,661170821.0,3429,MEETS_TRAVELLER_AT_PICKUP,[]
7,5,661170821.0,3459,DEPARTS_FROM_PICKUP,[5]
8,5,44995663.0,3537,ARRIVES_AT_DROPOFF,[5]
9,5,44995663.0,7917,RECEIVES_REQUEST,[]
10,5,44995663.0,7932,ACCEPTS_REQUEST,[]
11,5,44995663.0,7952,IS_ACCEPTED_BY_TRAVELLER,[]
12,5,44971859.0,8010,ARRIVES_AT_PICKUP,[]
13,5,44971859.0,8010,MEETS_TRAVELLER_AT_PICKUP,[]
14,5,44971859.0,8040,DEPARTS_FROM_PICKUP,[7]
15,5,661170842.0,8091,ARRIVES_AT_DROPOFF,[7]
16,5,661170842.0,21599,ENDS_SHIFT,[]
0,6,44974252.0,0,STARTS_DAY,[]
1,6,44974252.0,0,OPENS_APP,[]
2,6,44974252.0,21599,ENDS_SHIFT,[]
0,7,44984375.0,0,STARTS_DAY,[]
1,7,44984375.0,0,OPENS_APP,[]
2,7,44984375.0,21599,ENDS_SHIFT,[]
0,8,45001243.0,0,STARTS_DAY,[]
1,8,45001243.0,0,OPENS_APP,[]
2,8,45001243.0,710,RECEIVES_REQUEST,[]
3,8,45001243.0,725,ACCEPTS_REQUEST,[]
4,8,45001243.0,745,IS_ACCEPTED_BY_TRAVELLER,[]
5,8,45016501.0,775,ARRIVES_AT_PICKUP,[]
6,8,45016501.0,775,MEETS_TRAVELLER_AT_PICKUP,[]
7,8,45016501.0,805,DEPARTS_FROM_PICKUP,[2]
8,8,44986749.0,909,ARRIVES_AT_DROPOFF,[2]
9,8,44986749.0,4443,RECEIVES_REQUEST,[]
10,8,44986749.0,4458,ACCEPTS_REQUEST,[]
11,8,44986749.0,4478,IS_ACCEPTED_BY_TRAVELLER,[]
12,8,45001817.0,4507,ARRIVES_AT_PICKUP,[]
13,8,45001817.0,4507,MEETS_TRAVELLER_AT_PICKUP,[]
14,8,45001817.0,4537,DEPARTS_FROM_PICKUP,[6]
15,8,45034828.0,4780,ARRIVES_AT_DROPOFF,[6]
16,8,45034828.0,21599,ENDS_SHIFT,[]
0,9,45009078.0,0,STARTS_DAY,[]
1,9,45009078.0,0,OPENS_APP,[]
2,9,45009078.0,2919,RECEIVES_REQUEST,[]
3,9,45009078.0,2934,ACCEPTS_REQUEST,[]
4,9,45009078.0,2954,IS_ACCEPTED_BY_TRAVELLER,[]
5,9,44996094.0,2991,ARRIVES_AT_PICKUP,[]
6,9,44996094.0,2991,MEETS_TRAVELLER_AT_PICKUP,[]
7,9,44996094.0,3021,DEPARTS_FROM_PICKUP,[4]
8,9,45017056.0,3112,ARRIVES_AT_DROPOFF,[4]
9,9,45017056.0,21599,ENDS_SHIFT,[]
0,10,44996092.0,0,STARTS_DAY,[]
1,10,44996092.0,0,OPENS_APP,[]
2,10,44996092.0,21599,ENDS_SHIFT,[]
