,pax,pos,t,event,veh_id
0,0,1432312433,0,STARTS_DAY,
1,0,1432312433,0,REQUESTS_RIDE,
2,0,1432312433,0,RECEIVES_OFFER,
3,0,1432312433,15,ACCEPTS_OFFER,
4,0,1432312433,35,ARRIVES_AT_PICKUP,1.0
5,0,1432312433,131,MEETS_DRIVER_AT_PICKUP,1.0
6,0,1432312433,161,DEPARTS_FROM_PICKUP,1.0
7,0,45025610,425,ARRIVES_AT_DROPOFF,1.0
8,0,45025610,435,SETS_OFF_FOR_DEST,
9,0,45025610,435,ARRIVES_AT_DEST,
0,1,45022518,0,STARTS_DAY,
1,1,45022518,221,REQUESTS_RIDE,
2,1,45022518,221,RECEIVES_OFFER,
3,1,45022518,236,ACCEPTS_OFFER,
4,1,45022518,256,ARRIVES_AT_PICKUP,4.0
5,1,45022518,256,MEETS_DRIVER_AT_PICKUP,4.0
6,1,45022518,286,DEPARTS_FROM_PICKUP,4.0
7,1,45001824,454,ARRIVES_AT_DROPOFF,4.0
8,1,45001824,464,SETS_OFF_FOR_DEST,
9,1,45001824,464,ARRIVES_AT_DEST,
0,2,45016501,0,STARTS_DAY,
1,2,45016501,710,REQUESTS_RIDE,
2,2,45016501,710,RECEIVES_OFFER,
3,2,45016501,725,ACCEPTS_OFFER,
4,2,45016501,745,ARRIVES_AT_PICKUP,8.0
5,2,45016501,775,MEETS_DRIVER_AT_PICKUP,8.0
6,2,45016501,805,DEPARTS_FROM_PICKUP,8.0
7,2,44986749,909,ARRIVES_AT_DROPOFF,8.0
8,2,44986749,919,SETS_OFF_FOR_DEST,
9,2,44986749,919,ARRIVES_AT_DEST,
0,3,1619407431,0,STARTS_DAY,
1,3,1619407431,2120,REQUESTS_RIDE,
2,3,1619407431,2120,RECEIVES_OFFER,
3,3,1619407431,2135,ACCEPTS_OFFER,
4,3,1619407431,2155,ARRIVES_AT_PICKUP,1.0
5,3,1619407431,2167,MEETS_DRIVER_AT_PICKUP,1.0
6,3,1619407431,2197,DEPARTS_FROM_PICKUP,1.0
7,3,520819478,2319,ARRIVES_AT_DROPOFF,1.0
8,3,520819478,2329,SETS_OFF_FOR_DEST,
9,3,520819478,2329,ARRIVES_AT_DEST,
0,4,44996094,0,STARTS_DAY,
1,4,44996094,2919,REQUESTS_RIDE,
2,4,44996094,2919,RECEIVES_OFFER,
3,4,44996094,2934,ACCEPTS_OFFER,
4,4,44996094,2954,ARRIVES_AT_PICKUP,9.0
5,4,44996094,2991,MEETS_DRIVER_AT_PICKUP,9.0
6,4,44996094,3021,DEPARTS_FROM_PICKUP,9.0
7,4,45017056,3112,ARRIVES_AT_DROPOFF,9.0
8,4,45017056,3122,SETS_OFF_FOR_DEST,
9,4,45017056,3122,ARRIVES_AT_DEST,
0,5,661170821,0,STARTS_DAY,
1,5,661170821,3391,REQUESTS_RIDE,
2,5,661170821,3391,RECEIVES_OFFER,
3,5,661170821,3406,ACCEPTS_OFFER,
4,5,661170821,3426,ARRIVES_AT_PICKUP,5.0
5,5,661170821,3429,MEETS_DRIVER_AT_PICKUP,5.0
6,5,661170821,3459,DEPARTS_FROM_PICKUP,5.0
7,5,44995663,3537,ARRIVES_AT_DROPOFF,5.0
8,5,44995663,3547,SETS_OFF_FOR_DEST,
9,5,44995663,3547,ARRIVES_AT_DEST,
0,6,45001817,0,STARTS_DAY,
1,6,45001817,4443,REQUESTS_RIDE,
2,6,45001817,4443,RECEIVES_OFFER,
3,6,45001817,4458,ACCEPTS_OFFER,
4,6,45001817,4478,ARRIVES_AT_PICKUP,8.0
5,6,45001817,4507,MEETS_DRIVER_AT_PICKUP,8.0
6,6,45001817,4537,DEPARTS_FROM_PICKUP,8.0
7,6,45034828,4780,ARRIVES_AT_DROPOFF,8.0
8,6,45034828,4790,SETS_OFF_FOR_DEST,
9,6,45034828,4790,ARRIVES_AT_DEST,
0,7,44971859,0,STARTS_DAY,
1,7,44971859,7917,REQUESTS_RIDE,
2,7,44971859,7917,RECEIVES_OFFER,
3,7,44971859,7932,ACCEPTS_OFFER,
4,7,44971859,7952,ARRIVES_AT_PICKUP,5.0
5,7,44971859,8010,MEETS_DRIVER_AT_PICKUP,5.0
6,7,44971859,8040,DEPARTS_FROM_PICKUP,5.0
7,7,661170842,8091,ARRIVES_AT_DROPOFF,5.0
8,7,661170842,8101,SETS_OFF_FOR_DEST,
9,7,661170842,8101,ARRIVES_AT_DEST,
0,8,838045968,0,STARTS_DAY,
1,8,838045968,8058,REQUESTS_RIDE,
2,8,838045968,8058,RECEIVES_OFFER,
3,8,838045968,8073,ACCEPTS_OFFER,
4,8,838045968,8093,ARRIVES_AT_PICKUP,2.0
5,8,838045968,8168,MEETS_DRIVER_AT_PICKUP,2.0
6,8,838045968,8198,DEPARTS_FROM_PICKUP,2.0
7,8,44987283,8434,ARRIVES_AT_DROPOFF,2.0
8,8,44987283,8444,SETS_OFF_FOR_DEST,
9,8,44987283,8444,ARRIVES_AT_DEST,
0,9,45006627,0,STARTS_DAY,
1,9,45006627,9616,REQUESTS_RIDE,
2,9,45006627,9616,RECEIVES_OFFER,
3,9,45006627,9631,ACCEPTS_OFFER,
4,9,45006627,9651,ARRIVES_AT_PICKUP,4.0
5,9,45006627,9699,MEETS_DRIVER_AT_PICKUP,4.0
6,9,45006627,9729,DEPARTS_FROM_PICKUP,4.0
7,9,534558194,9934,ARRIVES_AT_DROPOFF,4.0
8,9,534558194,9944,SETS_OFF_FOR_DEST,
9,9,534558194,9944,ARRIVES_AT_DEST,
