veh,pos,event,shift_start,shift_end,platform,expected_income
1,520819478,driverEvent.ENDS_SHIFT,0,86400,0,
2,44987283,driverEvent.ENDS_SHIFT,0,86400,0,
3,45031753,driverEvent.ENDS_SHIFT,0,86400,0,
4,534558194,driverEvent.ENDS_SHIFT,0,86400,0,
5,661170842,driverEvent.ENDS_SHIFT,0,86400,0,
6,44974252,driverEvent.ENDS_SHIFT,0,86400,0,
7,44984375,driverEvent.ENDS_SHIFT,0,86400,0,
8,45034828,driverEvent.ENDS_SHIFT,0,86400,0,
9,45017056,driverEvent.ENDS_SHIFT,0,86400,0,
10,44996092,driverEvent.ENDS_SHIFT,0,86400,0,
