pax,ACCEPTS_OFFER,ARRIVES_AT_DROPOFF,ARRIVES_AT_PICKUP,DEPARTS_FROM_PICKUP,MEETS_DRIVER_AT_PICKUP,REQUESTS_RIDE,SETS_OFF_FOR_DEST,STARTS_DAY,RECEIVES_OFFER,IS_REJECTED_BY_VEHICLE,REJECTS_OFFER,ARRIVES_AT_DEST,PREFERS_OTHER_SERVICE,LOSES_PATIENCE,TRAVEL,WAIT,OPERATIONS
0,15.0,124.0,20.0,30.0,101.0,0.0,10.0,0,0,0,0,0,0,0,124.0,101.0,55.0
1,15.0,125.0,20.0,30.0,0.0,400.0,10.0,0,0,0,0,0,0,0,125.0,0.0,55.0
2,15.0,280.0,20.0,30.0,40.0,1372.0,10.0,0,0,0,0,0,0,0,280.0,40.0,55.0
3,15.0,100.0,20.0,30.0,43.0,1817.0,10.0,0,0,0,0,0,0,0,100.0,43.0,55.0
4,15.0,188.0,20.0,30.0,36.0,4304.0,10.0,0,0,0,0,0,0,0,188.0,36.0,55.0
