,veh,pos,t,event,paxes
0,1,44987834.0,0,STARTS_DAY,[]
1,1,44987834.0,0,OPENS_APP,[]
2,1,44987834.0,0,RECEIVES_REQUEST,[]
3,1,44987834.0,15,ACCEPTS_REQUEST,[]
4,1,44987834.0,35,IS_ACCEPTED_BY_TRAVELLER,[]
5,1,472323867.0,136,ARRIVES_AT_PICKUP,[]
6,1,472323867.0,136,MEETS_TRAVELLER_AT_PICKUP,[]
7,1,472323867.0,166,DEPARTS_FROM_PICKUP,[0]
8,1,45001817.0,290,ARRIVES_AT_DROPOFF,[0]
9,1,45001817.0,21599,ENDS_SHIFT,[]
0,2,45004487.0,0,STARTS_DAY,[]
1,2,45004487.0,0,OPENS_APP,[]
2,2,45004487.0,1372,RECEIVES_REQUEST,[]
3,2,45004487.0,1387,ACCEPTS_REQUEST,[]
4,2,45004487.0,1407,IS_ACCEPTED_BY_TRAVELLER,[]
5,2,513920005.0,1447,ARRIVES_AT_PICKUP,[]
6,2,513920005.0,1447,MEETS_TRAVELLER_AT_PICKUP,[]
7,2,513920005.0,1477,DEPARTS_FROM_PICKUP,[2]
8,2,441422917.0,1757,ARRIVES_AT_DROPOFF,[2]
9,2,441422917.0,1817,RECEIVES_REQUEST,[]
10,2,441422917.0,1832,ACCEPTS_REQUEST,[]
11,2,441422917.0,1852,IS_ACCEPTED_BY_TRAVELLER,[]
12,2,1432312429.0,1895,ARRIVES_AT_PICKUP,[]
13,2,1432312429.0,1895,MEETS_TRAVELLER_AT_PICKUP,[]
14,2,1432312429.0,1925,DEPARTS_FROM_PICKUP,[3]
15,2,683694362.0,2025,ARRIVES_AT_DROPOFF,[3]
16,2,683694362.0,21599,ENDS_SHIFT,[]
0,3,519520433.0,0,STARTS_DAY,[]
1,3,519520433.0,0,OPENS_APP,[]
2,3,519520433.0,400,RECEIVES_REQUEST,[]
3,3,519520433.0,415,ACCEPTS_REQUEST,[]
4,3,519520392.0,420,ARRIVES_AT_PICKUP,[]
5,3,519520392.0,435,IS_ACCEPTED_BY_TRAVELLER,[]
6,3,519520392.0,435,MEETS_TRAVELLER_AT_PICKUP,[]
7,3,519520392.0,465,DEPARTS_FROM_PICKUP,[1]
8,3,45001819.0,590,ARRIVES_AT_DROPOFF,[1]
9,3,45001819.0,21599,ENDS_SHIFT,[]
0,4,45009477.0,0,STARTS_DAY,[]
1,4,45009477.0,0,OPENS_APP,[]
2,4,45009477.0,4304,RECEIVES_REQUEST,[]
3,4,45009477.0,4319,ACCEPTS_REQUEST,[]
4,4,45009477.0,4339,IS_ACCEPTED_BY_TRAVELLER,[]
5,4,520837271.0,4375,ARRIVES_AT_PICKUP,[]
6,4,520837271.0,4375,MEETS_TRAVELLER_AT_PICKUP,[]
7,4,520837271.0,4405,DEPARTS_FROM_PICKUP,[4]
8,4,44984807.0,4593,ARRIVES_AT_DROPOFF,[4]
9,4,44984807.0,21599,ENDS_SHIFT,[]
0,5,44993916.0,0,STARTS_DAY,[]
1,5,44993916.0,0,OPENS_APP,[]
2,5,44993916.0,21599,ENDS_SHIFT,[]
0,6,306568309.0,0,STARTS_DAY,[]
1,6,306568309.0,0,OPENS_APP,[]
2,6,306568309.0,21599,ENDS_SHIFT,[]
0,7,493856408.0,0,STARTS_DAY,[]
1,7,493856408.0,0,OPENS_APP,[]
2,7,493856408.0,21599,ENDS_SHIFT,[]
0,8,460031636.0,0,STARTS_DAY,[]
1,8,460031636.0,0,OPENS_APP,[]
2,8,460031636.0,21599,ENDS_SHIFT,[]
0,9,44992305.0,0,STARTS_DAY,[]
1,9,44992305.0,0,OPENS_APP,[]
2,9,44992305.0,21599,ENDS_SHIFT,[]
0,10,411761807.0,0,STARTS_DAY,[]
1,10,411761807.0,0,OPENS_APP,[]
2,10,411761807.0,21599,ENDS_SHIFT,[]
