,pax,pos,t,event,veh_id
0,0,472323867,0,STARTS_DAY,
1,0,472323867,0,REQUESTS_RIDE,
2,0,472323867,0,RECEIVES_OFFER,
3,0,472323867,15,ACCEPTS_OFFER,
4,0,472323867,35,ARRIVES_AT_PICKUP,1.0
5,0,472323867,136,MEETS_DRIVER_AT_PICKUP,1.0
6,0,472323867,166,DEPARTS_FROM_PICKUP,1.0
7,0,45001817,290,ARRIVES_AT_DROPOFF,1.0
8,0,45001817,300,SETS_OFF_FOR_DEST,
9,0,45001817,300,ARRIVES_AT_DEST,
0,1,519520392,0,STARTS_DAY,
1,1,519520392,400,REQUESTS_RIDE,
2,1,519520392,400,RECEIVES_OFFER,
3,1,519520392,415,ACCEPTS_OFFER,
4,1,519520392,435,ARRIVES_AT_PICKUP,3.0
5,1,519520392,435,MEETS_DRIVER_AT_PICKUP,3.0
6,1,519520392,465,DEPARTS_FROM_PICKUP,3.0
7,1,45001819,590,ARRIVES_AT_DROPOFF,3.0
8,1,45001819,600,SETS_OFF_FOR_DEST,
9,1,45001819,600,ARRIVES_AT_DEST,
0,2,513920005,0,STARTS_DAY,
1,2,513920005,1372,REQUESTS_RIDE,
2,2,513920005,1372,RECEIVES_OFFER,
3,2,513920005,1387,ACCEPTS_OFFER,
4,2,513920005,1407,ARRIVES_AT_PICKUP,2.0
5,2,513920005,1447,MEETS_DRIVER_AT_PICKUP,2.0
6,2,513920005,1477,DEPARTS_FROM_PICKUP,2.0
7,2,441422917,1757,ARRIVES_AT_DROPOFF,2.0
8,2,441422917,1767,SETS_OFF_FOR_DEST,
9,2,441422917,1767,ARRIVES_AT_DEST,
0,3,1432312429,0,STARTS_DAY,
1,3,1432312429,1817,REQUESTS_RIDE,
2,3,1432312429,1817,RECEIVES_OFFER,
3,3,1432312429,1832,ACCEPTS_OFFER,
4,3,1432312429,1852,ARRIVES_AT_PICKUP,2.0
5,3,1432312429,1895,MEETS_DRIVER_AT_PICKUP,2.0
6,3,1432312429,1925,DEPARTS_FROM_PICKUP,2.0
7,3,683694362,2025,ARRIVES_AT_DROPOFF,2.0
8,3,683694362,2035,SETS_OFF_FOR_DEST,
9,3,683694362,2035,ARRIVES_AT_DEST,
0,4,520837271,0,STARTS_DAY,
1,4,520837271,4304,REQUESTS_RIDE,
2,4,520837271,4304,RECEIVES_OFFER,
3,4,520837271,4319,ACCEPTS_OFFER,
4,4,520837271,4339,ARRIVES_AT_PICKUP,4.0
5,4,520837271,4375,MEETS_DRIVER_AT_PICKUP,4.0
6,4,520837271,4405,DEPARTS_FROM_PICKUP,4.0
7,4,44984807,4593,ARRIVES_AT_DROPOFF,4.0
8,4,44984807,4603,SETS_OFF_FOR_DEST,
9,4,44984807,4603,ARRIVES_AT_DEST,
