veh,pos,event,shift_start,shift_end,platform,expected_income
1,45001817,driverEvent.ENDS_SHIFT,0,86400,0,
2,683694362,driverEvent.ENDS_SHIFT,0,86400,0,
3,45001819,driverEvent.ENDS_SHIFT,0,86400,0,
4,44984807,driverEvent.ENDS_SHIFT,0,86400,0,
5,44993916,driverEvent.ENDS_SHIFT,0,86400,0,
6,306568309,driverEvent.ENDS_SHIFT,0,86400,0,
7,493856408,driverEvent.ENDS_SHIFT,0,86400,0,
8,460031636,driverEvent.ENDS_SHIFT,0,86400,0,
9,44992305,driverEvent.ENDS_SHIFT,0,86400,0,
10,411761807,driverEvent.ENDS_SHIFT,0,86400,0,
