veh,ACCEPTANCE_RATE,PROFIT,PROFIT/hour,IDLE_TIME,nREQUESTS,nRIDES,nREJECTS,DRIVING_DIST,AVE_DRIVING_DIST,DRIVING_TIME,AVE_PICKUP_DIST,AVE_TRIP_DIST,REVENUE,surge_fee,REVENUE/hour,COST,IMPOSED_DELAY,AR
1,82.5,262.512,32.814,835.0,40,33,7.0,263.04,7.970909090909092,26304.0,2.181212121212121,5.78969696969697,328.272,33,41.034,65.76,314,80-90
2,78.57142857142857,260.7265,32.5908125,697.0,42,33,9.0,260.39,7.890606060606061,26039.0,2.162727272727273,5.727878787878788,325.824,33,40.728,65.0975,633,70-80
3,86.48648648648648,240.09799999999998,30.012249999999998,512.0,37,32,5.0,262.84000000000003,8.213750000000001,26284.0,2.671875,5.541875,305.808,29,38.226,65.71000000000001,159,80-90
4,97.2972972972973,279.3365,34.9170625,799.0,37,36,1.0,260.59000000000003,7.238611111111112,26059.0,1.6255555555555554,5.6130555555555555,344.484,30,43.0605,65.14750000000001,15,90-100
5,94.11764705882352,261.736,32.717,371.0,34,32,2.0,265.84000000000003,8.307500000000001,26584.0,2.3128125,5.9946875,328.19599999999997,34,41.024499999999996,66.46000000000001,173,90-100
6,85.0,262.98199999999997,32.872749999999996,532.0,40,34,6.0,267.4,7.864705882352941,26740.0,2.4276470588235295,5.437058823529412,329.832,40,41.229,66.85,162,80-90
7,73.33333333333333,266.2325,33.2790625,538.0,45,33,12.0,261.47,7.923333333333334,26147.0,2.226363636363636,5.696969696969697,331.6,40,41.45,65.3675,758,70-80
8,85.71428571428571,253.361,31.670125,1152.0,35,30,5.0,261.42,8.714,26142.0,2.333,6.381,318.716,29,39.8395,65.355,90,80-90
9,82.05128205128204,248.14450000000002,31.018062500000003,1006.0,39,32,7.0,259.15,8.0984375,25915.0,2.423125,5.6753125,312.932,31,39.1165,64.7875,376,80-90
10,86.11111111111111,250.34500000000003,31.293125000000003,528.0,36,31,5.0,272.3,8.783870967741937,27230.0,2.724193548387097,6.0596774193548395,318.42,31,39.8025,68.075,221,80-90
11,97.05882352941177,253.502,31.68775,568.0,34,33,1.0,265.32,8.04,26532.0,2.438181818181818,5.601818181818182,319.832,32,39.979,66.33,64,90-100
12,88.37209302325581,290.52750000000003,36.315937500000004,441.0,43,38,5.0,260.61,6.858157894736842,26061.0,1.6239473684210526,5.23421052631579,355.68,41,44.46,65.1525,264,80-90
13,92.3076923076923,278.513,34.814125,730.0,39,36,3.0,262.22,7.28388888888889,26222.0,1.8425,5.4413888888888895,344.068,37,43.0085,65.555,70,90-100
14,82.05128205128204,248.565,31.070625,535.0,39,32,7.0,265.82,8.306875,26582.0,2.6553125,5.6515625,315.02,34,39.3775,66.455,183,80-90
15,85.71428571428571,239.1305,29.8913125,360.0,35,30,5.0,264.87,8.829,26487.0,2.6526666666666667,6.176333333333333,305.348,23,38.1685,66.2175,202,80-90
16,84.21052631578947,251.60249999999996,31.450312499999995,607.0,38,32,6.0,260.95,8.1546875,26095.0,2.4296875,5.7250000000000005,316.84,33,39.605,65.2375,266,80-90
17,79.06976744186046,251.81799999999998,31.477249999999998,724.0,43,34,9.0,260.04,7.648235294117647,26004.0,2.407352941176471,5.240882352941177,316.828,35,39.6035,65.01,721,70-80
18,90.2439024390244,263.12,32.89,964.0,41,37,4.0,265.52,7.176216216216216,26552.0,2.21,4.966216216216217,329.5,35,41.1875,66.38,161,90-100
19,86.48648648648648,250.014,31.25175,695.0,37,32,5.0,261.0,8.15625,26100.0,2.6025,5.55375,315.264,38,39.408,65.25,430,80-90
20,85.0,264.948,33.1185,669.0,40,34,6.0,267.04,7.854117647058824,26704.0,2.1750000000000003,5.679117647058823,331.70799999999997,32,41.463499999999996,66.76,397,80-90
21,88.57142857142857,251.5675,31.4459375,648.0,35,31,4.0,264.45,8.530645161290321,26445.0,2.5177419354838713,6.012903225806451,317.68,32,39.71,66.1125,146,80-90
22,88.88888888888889,252.071,31.508875,405.0,36,32,4.0,265.38,8.293125,26538.0,2.475,5.818125,318.416,31,39.802,66.345,116,80-90
23,88.88888888888889,261.5025,32.6878125,696.0,36,32,4.0,264.47,8.2646875,26447.0,2.285,5.9796875,327.62,34,40.9525,66.1175,114,80-90
24,85.71428571428571,253.66299999999998,31.707874999999998,520.0,35,30,5.0,265.62,8.854000000000001,26562.0,2.3243333333333336,6.529666666666667,320.068,25,40.0085,66.405,190,80-90
25,90.69767441860465,287.86049999999994,35.98256249999999,885.0,43,39,4.0,255.39000000000001,6.548461538461539,25539.0,1.5333333333333334,5.015128205128205,351.70799999999997,39,43.963499999999996,63.847500000000004,283,90-100
26,86.11111111111111,261.971,32.746375,681.0,36,31,5.0,276.1,8.906451612903227,27610.0,2.4280645161290324,6.478387096774194,330.996,28,41.3745,69.025,135,80-90
27,100.0,233.2135,29.1516875,958.0,30,30,0.0,260.81,8.693666666666667,26081.0,2.9876666666666667,5.706,298.416,33,37.302,65.2025,0,90-100
28,87.17948717948718,261.1795,32.6474375,885.0,39,34,5.0,256.53000000000003,7.545000000000001,25653.0,1.9491176470588236,5.595882352941177,325.312,29,40.664,64.13250000000001,422,80-90
29,86.8421052631579,267.354,33.41925,646.0,38,33,5.0,259.24,7.855757575757576,25924.0,1.9930303030303032,5.862727272727272,332.164,34,41.5205,64.81,124,80-90
30,84.61538461538461,262.4635,32.8079375,458.0,39,33,6.0,261.81,7.933636363636364,26181.0,2.1024242424242425,5.831212121212121,327.916,31,40.9895,65.4525,552,80-90
31,91.8918918918919,257.96,32.245,810.0,37,34,3.0,264.96,7.792941176470587,26496.0,2.248823529411765,5.544117647058823,324.2,30,40.525,66.24,65,90-100
32,88.23529411764706,244.7905,30.5988125,657.0,34,30,4.0,265.03000000000003,8.834333333333335,26503.0,2.583,6.251333333333333,311.048,26,38.881,66.25750000000001,94,80-90
33,80.95238095238095,261.039,32.629875,1038.0,42,34,8.0,256.5,7.544117647058823,25650.0,2.074411764705882,5.469705882352941,325.164,34,40.6455,64.125,371,80-90
34,78.94736842105263,238.35399999999998,29.794249999999998,724.0,38,30,8.0,269.96,8.998666666666667,26996.0,3.003,5.995666666666668,305.844,30,38.2305,67.49,574,70-80
35,87.17948717948718,266.4465,33.3058125,557.0,39,34,5.0,267.35,7.863235294117648,26735.0,2.243529411764706,5.6197058823529416,333.284,36,41.6605,66.8375,194,80-90
36,81.08108108108108,226.64699999999996,28.330874999999995,753.0,37,30,7.0,261.86,8.728666666666667,26186.0,3.0033333333333334,5.725333333333333,292.11199999999997,26,36.513999999999996,65.465,270,80-90
37,79.48717948717949,247.09199999999998,30.886499999999998,995.0,39,31,8.0,256.72,8.281290322580647,25672.0,2.5212903225806453,5.76,311.272,35,38.909,64.18,407,70-80
38,72.97297297297297,212.567,26.570875,1191.0,37,27,10.0,259.54,9.612592592592593,25954.0,3.549259259259259,6.0633333333333335,277.452,27,34.6815,64.885,438,70-80
39,71.7948717948718,232.90799999999996,29.113499999999995,1059.0,39,28,11.0,261.92,9.354285714285714,26192.0,2.9439285714285717,6.410357142857143,298.388,27,37.2985,65.48,781,70-80
40,97.22222222222221,279.6425,34.9553125,1076.0,36,35,1.0,256.71,7.334571428571428,25671.0,1.696,5.638571428571429,343.82,37,42.9775,64.1775,148,90-100
41,80.95238095238095,283.2535,35.4066875,1053.0,42,34,8.0,261.21,7.6826470588235285,26121.0,1.6641176470588235,6.018529411764706,348.556,35,43.5695,65.3025,550,80-90
42,89.47368421052632,276.914,34.61425,696.0,38,34,4.0,259.64,7.6364705882352935,25964.0,1.8564705882352943,5.78,341.824,38,42.728,64.91,179,80-90
43,85.36585365853658,283.589,35.448625,728.0,41,35,6.0,259.02,7.400571428571428,25902.0,1.6542857142857141,5.7462857142857136,348.344,37,43.543,64.755,360,80-90
44,91.42857142857143,233.654,29.20675,1010.0,35,32,3.0,258.68,8.08375,25868.0,2.7628125,5.3209375,298.324,30,37.2905,64.67,345,90-100
45,87.87878787878788,235.976,29.497,891.0,33,29,4.0,259.68,8.95448275862069,25968.0,2.779310344827586,6.175172413793104,300.896,28,37.612,64.92,80,80-90
46,89.1891891891892,267.7425,33.4678125,778.0,37,33,4.0,261.91,7.936666666666667,26191.0,2.123030303030303,5.8136363636363635,333.22,37,41.6525,65.4775,87,80-90
47,88.57142857142857,237.986,29.74825,1174.0,35,31,4.0,256.52,8.274838709677418,25652.0,2.519032258064516,5.755806451612904,302.116,26,37.7645,64.13,122,80-90
48,88.09523809523809,287.919,35.989875,792.0,42,37,5.0,258.18,6.977837837837838,25818.0,1.607027027027027,5.37081081081081,352.464,40,44.058,64.545,365,80-90
49,86.04651162790698,278.284,34.7855,1057.0,43,37,6.0,253.68,6.856216216216216,25368.0,1.5475675675675675,5.308648648648649,341.704,32,42.713,63.42,291,80-90
50,86.11111111111111,258.90650000000005,32.363312500000006,905.0,36,31,5.0,265.35,8.55967741935484,26535.0,2.3703225806451615,6.189354838709677,325.244,33,40.6555,66.3375,200,80-90
51,81.08108108108108,225.8015,28.2251875,1164.0,37,30,7.0,257.13,8.571,25713.0,2.9853333333333336,5.5856666666666674,290.084,29,36.2605,64.2825,292,80-90
52,79.54545454545455,251.87149999999997,31.483937499999996,597.0,44,35,9.0,258.21,7.377428571428571,25821.0,2.319714285714286,5.057714285714286,316.424,34,39.553,64.5525,515,70-80
53,91.8918918918919,266.8455,33.3556875,716.0,37,34,3.0,266.89,7.849705882352941,26689.0,2.125,5.724705882352942,333.568,32,41.696,66.7225,213,90-100
54,87.17948717948718,263.93499999999995,32.99187499999999,881.0,39,34,5.0,261.38,7.687647058823529,26138.0,2.117058823529412,5.570588235294117,329.28,34,41.16,65.345,356,80-90
55,79.48717948717949,234.92949999999996,29.366187499999995,578.0,39,31,8.0,264.41,8.529354838709677,26441.0,2.856451612903226,5.672903225806452,301.032,28,37.629,66.1025,414,70-80
56,88.88888888888889,239.06599999999997,29.883249999999997,769.0,36,32,4.0,267.16,8.34875,26716.0,2.805625,5.543125,305.856,29,38.232,66.79,198,80-90
57,73.17073170731707,228.084,28.5105,754.0,41,30,11.0,260.0,8.666666666666666,26000.0,2.9143333333333334,5.7523333333333335,293.084,26,36.6355,65.0,574,70-80
58,82.85714285714286,219.94400000000002,27.493000000000002,567.0,35,29,6.0,262.8,9.062068965517241,26280.0,3.152758620689655,5.9093103448275865,285.644,22,35.7055,65.7,235,80-90
59,80.95238095238095,265.6725,33.2090625,1201.0,42,34,8.0,256.27,7.53735294117647,25627.0,1.98,5.557352941176471,329.74,35,41.2175,64.0675,349,80-90
60,83.78378378378379,240.20050000000003,30.025062500000004,1066.0,37,31,6.0,259.31,8.36483870967742,25931.0,2.423225806451613,5.941612903225806,305.028,22,38.1285,64.8275,289,80-90
61,82.05128205128204,234.69750000000002,29.337187500000002,1299.0,39,32,7.0,260.65,8.1453125,26065.0,2.8625000000000003,5.2828125,299.86,33,37.4825,65.1625,232,80-90
62,80.48780487804879,269.9595,33.7449375,476.0,41,33,8.0,269.25,8.159090909090908,26925.0,2.217878787878788,5.941212121212121,337.272,36,42.159,67.3125,548,80-90
63,86.48648648648648,275.502,34.43775,537.0,37,32,5.0,261.72,8.17875,26172.0,1.8784375,6.3003125,340.932,35,42.6165,65.43,175,80-90
64,87.5,256.538,32.06725,1136.0,40,35,5.0,255.24,7.292571428571429,25524.0,1.9985714285714287,5.294,320.348,28,40.0435,63.81,199,80-90
65,84.21052631578947,243.4535,30.4316875,773.0,38,32,6.0,258.65,8.0828125,25865.0,2.506875,5.5759375,308.116,30,38.5145,64.6625,466,80-90
66,75.60975609756098,260.418,32.55225,688.0,41,31,10.0,265.48,8.563870967741936,26548.0,2.3061290322580645,6.257741935483871,326.788,32,40.8485,66.37,367,70-80
67,89.47368421052632,267.2265,33.4033125,445.0,38,34,4.0,262.71,7.726764705882353,26271.0,1.9938235294117648,5.732941176470588,332.904,31,41.613,65.6775,257,80-90
68,82.92682926829268,274.47349999999994,34.30918749999999,785.0,41,34,7.0,263.13,7.739117647058824,26313.0,1.9485294117647058,5.790588235294117,340.256,36,42.532,65.7825,412,80-90
69,81.57894736842105,257.46000000000004,32.182500000000005,501.0,38,31,7.0,263.36,8.495483870967742,26336.0,2.277741935483871,6.217741935483871,323.3,30,40.4125,65.84,361,80-90
70,82.05128205128204,257.6645,32.2080625,711.0,39,32,7.0,260.43,8.1384375,26043.0,2.050625,6.0878125,322.772,25,40.3465,65.1075,281,80-90
71,90.2439024390244,275.223,34.402875,840.0,41,37,4.0,258.58,6.988648648648648,25858.0,1.7213513513513514,5.267297297297297,339.868,32,42.4835,64.645,330,90-100
72,82.05128205128204,245.473,30.684125,956.0,39,32,7.0,256.06,8.001875,25606.0,2.4162500000000002,5.585625,309.488,31,38.686,64.015,554,80-90
73,83.78378378378379,237.5885,29.6985625,1042.0,37,31,6.0,263.31,8.493870967741936,26331.0,2.8106451612903225,5.683225806451613,303.416,30,37.927,65.8275,272,80-90
74,84.61538461538461,268.462,33.55775,846.0,39,33,6.0,263.88,7.996363636363636,26388.0,2.1521212121212123,5.844242424242424,334.432,37,41.804,65.97,255,80-90
75,86.11111111111111,229.7345,28.7168125,932.0,36,31,5.0,258.15,8.327419354838709,25815.0,2.89,5.43741935483871,294.272,30,36.784,64.5375,262,80-90
76,69.04761904761905,236.856,29.607,1233.0,42,29,13.0,263.28000000000003,9.078620689655173,26328.0,2.7948275862068965,6.283793103448276,302.676,26,37.8345,65.82000000000001,695,60-70
77,86.11111111111111,237.54749999999996,29.693437499999995,789.0,36,31,5.0,262.69,8.473870967741936,26269.0,2.769032258064516,5.70483870967742,303.21999999999997,29,37.902499999999996,65.6725,184,80-90
78,85.29411764705883,232.19,29.02375,1013.0,34,29,5.0,259.32,8.94206896551724,25932.0,2.878275862068966,6.063793103448276,297.02,28,37.1275,64.83,228,80-90
79,94.5945945945946,291.18949999999995,36.398687499999994,1108.0,37,35,2.0,258.41,7.3831428571428575,25841.0,1.5071428571428573,5.876,355.792,39,44.474,64.6025,235,90-100
80,87.87878787878788,232.413,29.051625,910.0,33,29,4.0,265.18,9.144137931034482,26518.0,2.830689655172414,6.3134482758620685,298.708,21,37.3385,66.295,306,80-90
81,73.46938775510205,273.366,34.17075,1028.0,49,36,13.0,252.28,7.007777777777778,25228.0,1.8125,5.195277777777778,336.436,40,42.0545,63.07,871,70-80
82,81.81818181818183,205.29399999999998,25.661749999999998,1233.0,33,27,6.0,261.72,9.693333333333335,26172.0,3.775925925925926,5.917407407407408,270.724,25,33.8405,65.43,127,80-90
83,82.92682926829268,268.331,33.541375,949.0,41,34,7.0,258.26,7.595882352941176,25826.0,1.9611764705882353,5.634705882352941,332.896,35,41.612,64.565,271,80-90
84,82.05128205128204,254.3485,31.7935625,746.0,39,32,7.0,265.71,8.3034375,26571.0,2.4759375,5.8275,320.776,33,40.097,66.4275,386,80-90
85,77.77777777777779,237.9585,29.7448125,1645.0,45,35,10.0,248.63,7.103714285714285,24863.0,2.362857142857143,4.740857142857143,300.116,31,37.5145,62.1575,459,70-80
86,92.3076923076923,276.6575,34.5821875,661.0,39,36,3.0,258.33,7.175833333333333,25833.0,1.7536111111111112,5.422222222222222,341.24,35,42.655,64.5825,55,90-100
87,88.57142857142857,234.46999999999997,29.308749999999996,890.0,35,31,4.0,259.96,8.385806451612902,25996.0,2.835806451612903,5.55,299.46,31,37.4325,64.99,186,80-90
88,76.92307692307693,239.4765,29.9345625,562.0,39,30,9.0,265.55,8.851666666666667,26555.0,2.6610000000000005,6.190666666666667,305.864,23,38.233,66.3875,294,70-80
89,78.57142857142857,249.23950000000002,31.154937500000003,509.0,42,33,9.0,260.29,7.887575757575759,26029.0,2.500909090909091,5.386666666666667,314.312,35,39.289,65.0725,477,70-80
90,88.23529411764706,237.7575,29.7196875,1356.0,34,30,4.0,254.81,8.493666666666666,25481.0,2.5086666666666666,5.985,301.46,26,37.6825,63.7025,287,80-90
91,84.61538461538461,264.2985,33.0373125,911.0,39,33,6.0,264.87,8.026363636363637,26487.0,2.18,5.846363636363637,330.516,33,41.3145,66.2175,288,80-90
92,92.6829268292683,273.7135,34.2141875,550.0,41,38,3.0,263.69,6.939210526315789,26369.0,2.056842105263158,4.8823684210526315,339.636,41,42.4545,65.9225,88,90-100
93,82.05128205128204,236.4725,29.5590625,672.0,39,32,7.0,258.59000000000003,8.080937500000001,25859.0,2.6871875,5.39375,301.12,30,37.64,64.64750000000001,117,80-90
94,87.17948717948718,260.8065,32.6008125,766.0,39,34,5.0,258.15,7.592647058823529,25815.0,2.192058823529412,5.4005882352941175,325.344,37,40.668,64.5375,409,80-90
95,86.66666666666667,284.98150000000004,35.622687500000005,989.0,45,39,6.0,254.09,6.515128205128205,25409.0,1.6966666666666665,4.818461538461539,348.504,45,43.563,63.5225,412,80-90
96,87.17948717948718,264.61800000000005,33.07725000000001,672.0,39,34,5.0,263.64,7.754117647058823,26364.0,2.226470588235294,5.527647058823529,330.528,37,41.316,65.91,207,80-90
97,88.88888888888889,239.24050000000003,29.905062500000003,896.0,36,32,4.0,257.63,8.0509375,25763.0,2.5653125,5.485625,303.648,29,37.956,64.4075,469,80-90
98,83.72093023255815,280.1435,35.0179375,557.0,43,36,7.0,260.61,7.239166666666667,26061.0,1.7230555555555556,5.516111111111111,345.296,35,43.162,65.1525,527,80-90
99,80.48780487804879,267.38,33.4225,690.0,41,33,8.0,262.4,7.951515151515151,26240.0,2.0681818181818183,5.883333333333334,332.97999999999996,34,41.622499999999995,65.6,289,80-90
100,86.11111111111111,229.2615,28.6576875,1473.0,36,31,5.0,255.05,8.22741935483871,25505.0,2.6622580645161293,5.565161290322581,293.024,24,36.628,63.7625,112,80-90
101,83.33333333333334,224.14899999999997,28.018624999999997,1207.0,36,30,6.0,256.86,8.562000000000001,25686.0,2.9130000000000003,5.649,288.364,25,36.0455,64.215,127,80-90
102,86.48648648648648,252.203,31.525375,878.0,37,32,5.0,261.62,8.175625,26162.0,2.274375,5.90125,317.608,27,39.701,65.405,120,80-90
103,96.875,259.3315,32.4164375,702.0,32,31,1.0,269.97,8.708709677419355,26997.0,2.5306451612903227,6.178064516129032,326.824,35,40.853,67.4925,15,90-100
104,82.05128205128204,260.3315,32.5414375,937.0,39,32,7.0,259.89,8.1215625,25989.0,2.1240625,5.9975000000000005,325.304,31,40.663,64.9725,445,80-90
105,77.27272727272727,266.28999999999996,33.286249999999995,988.0,44,34,10.0,253.24,7.448235294117647,25324.0,1.9188235294117646,5.529411764705883,329.59999999999997,36,41.199999999999996,63.31,475,70-80
106,80.0,267.93149999999997,33.491437499999996,589.0,40,32,8.0,266.21,8.3190625,26621.0,2.0825,6.2365625,334.484,31,41.8105,66.5525,670,70-80
107,87.87878787878788,240.89549999999997,30.111937499999996,1294.0,33,29,4.0,263.41,9.083103448275862,26341.0,2.797241379310345,6.285862068965518,306.748,30,38.3435,65.8525,180,80-90
108,93.54838709677419,253.30999999999997,31.663749999999997,716.0,31,29,2.0,262.36,9.046896551724139,26236.0,2.4693103448275866,6.577586206896552,318.9,32,39.8625,65.59,99,90-100
109,82.5,265.987,33.248375,1020.0,40,33,7.0,259.78000000000003,7.872121212121213,25978.0,1.99,5.882121212121213,330.932,32,41.3665,64.94500000000001,449,80-90
110,82.92682926829268,248.98250000000002,31.122812500000002,1390.0,41,34,7.0,262.07,7.707941176470588,26207.0,2.303529411764706,5.404411764705883,314.5,26,39.3125,65.5175,131,80-90
111,86.48648648648648,242.82800000000003,30.353500000000004,504.0,37,32,5.0,270.8,8.4625,27080.0,2.98,5.4825,310.528,36,38.816,67.7,156,80-90
112,81.57894736842105,251.2415,31.4051875,774.0,38,31,7.0,258.65,8.343548387096773,25865.0,2.459032258064516,5.884516129032258,315.904,35,39.488,64.6625,202,80-90
113,87.17948717948718,236.0985,29.5123125,722.0,39,34,5.0,258.47,7.602058823529412,25847.0,2.633529411764706,4.968529411764706,300.716,30,37.5895,64.6175,145,80-90
114,80.95238095238095,253.335,31.666875,913.0,42,34,8.0,254.9,7.497058823529412,25490.0,2.348529411764706,5.148529411764706,317.06,39,39.6325,63.725,782,80-90
115,76.59574468085107,288.5855,36.0731875,625.0,47,36,11.0,259.85,7.218055555555556,25985.0,1.6266666666666667,5.591388888888889,353.548,40,44.1935,64.9625,411,70-80
116,91.17647058823529,254.4135,31.8016875,1399.0,34,31,3.0,257.53000000000003,8.30741935483871,25753.0,2.1838709677419352,6.123548387096775,318.796,29,39.8495,64.38250000000001,175,90-100
117,79.54545454545455,254.753,31.844125,634.0,44,35,9.0,259.42,7.412000000000001,25942.0,2.3022857142857145,5.109714285714286,319.608,35,39.951,64.855,443,70-80
118,82.05128205128204,258.5875,32.3234375,598.0,39,32,7.0,262.69,8.2090625,26269.0,2.160625,6.0484375,324.26,28,40.5325,65.6725,562,80-90
119,87.5,230.9895,28.8736875,695.0,32,28,4.0,271.61,9.700357142857143,27161.0,3.0964285714285715,6.603928571428571,298.892,21,37.3615,67.9025,334,80-90
120,85.0,261.8585,32.7323125,601.0,40,34,6.0,263.67,7.755000000000001,26367.0,2.270294117647059,5.484705882352942,327.776,36,40.972,65.9175,341,80-90
121,78.78787878787878,235.23950000000002,29.404937500000003,744.0,33,26,7.0,263.01,10.11576923076923,26301.0,2.8403846153846155,7.275384615384616,300.992,22,37.624,65.7525,266,70-80
122,75.60975609756098,250.39799999999997,31.299749999999996,1175.0,41,31,10.0,253.96,8.19225806451613,25396.0,2.3619354838709676,5.830322580645161,313.888,35,39.236,63.49,673,70-80
123,81.81818181818183,285.49,35.68625,1273.0,44,36,8.0,258.6,7.183333333333334,25860.0,1.6708333333333334,5.5125,350.14,40,43.7675,64.65,518,80-90
124,91.42857142857143,250.021,31.252625,586.0,35,32,3.0,261.1,8.159375,26110.0,2.4225,5.736875,315.296,31,39.412,65.275,102,90-100
125,85.36585365853658,260.903,32.612875,998.0,41,35,6.0,261.78000000000003,7.479428571428572,26178.0,2.1854285714285715,5.294,326.348,34,40.7935,65.44500000000001,149,80-90
126,92.85714285714286,297.5325,37.1915625,732.0,42,39,3.0,260.11,6.66948717948718,26011.0,1.507948717948718,5.161538461538462,362.56,43,45.32,65.0275,178,90-100
127,78.37837837837837,238.437,29.804625,542.0,37,29,8.0,271.98,9.378620689655174,27198.0,2.900689655172414,6.477931034482758,306.432,23,38.304,67.995,434,70-80
128,82.5,274.74899999999997,34.343624999999996,917.0,40,33,7.0,261.26,7.916969696969697,26126.0,1.8042424242424244,6.112727272727272,340.06399999999996,32,42.507999999999996,65.315,375,80-90
129,82.85714285714286,240.08049999999997,30.010062499999997,828.0,35,29,6.0,261.47,9.016206896551726,26147.0,2.738965517241379,6.277241379310346,305.448,29,38.181,65.3675,186,80-90
130,69.76744186046511,243.6425,30.4553125,1184.0,43,30,13.0,261.11,8.703666666666667,26111.0,2.6503333333333337,6.053333333333334,308.92,31,38.615,65.2775,962,60-70
131,89.47368421052632,273.658,34.20725,818.0,38,34,4.0,259.96,7.645882352941176,25996.0,1.7476470588235293,5.898235294117647,338.648,30,42.331,64.99,131,80-90
132,89.1891891891892,273.815,34.226875,664.0,37,33,4.0,264.02,8.00060606060606,26402.0,2.0203030303030305,5.9803030303030305,339.82,37,42.4775,66.005,275,80-90
133,94.44444444444444,272.60699999999997,34.075874999999996,786.0,36,34,2.0,264.66,7.7841176470588245,26466.0,1.9073529411764707,5.876764705882352,338.772,31,42.3465,66.165,190,90-100
134,73.68421052631578,215.2825,26.9103125,1038.0,38,28,10.0,257.59000000000003,9.199642857142859,25759.0,3.0782142857142856,6.121428571428571,279.68,18,34.96,64.39750000000001,449,70-80
135,84.84848484848484,232.55650000000003,29.069562500000004,802.0,33,28,5.0,267.31,9.546785714285715,26731.0,3.0175,6.529285714285715,299.384,24,37.423,66.8275,181,80-90
136,77.08333333333334,281.2365,35.1545625,1076.0,48,37,11.0,255.87,6.915405405405406,25587.0,1.572972972972973,5.342432432432433,345.204,34,43.1505,63.9675,409,70-80
137,86.48648648648648,254.54749999999999,31.818437499999998,1153.0,37,32,5.0,255.89000000000001,7.9965625000000005,25589.0,2.1496875,5.846875,318.52,30,39.815,63.972500000000004,448,80-90
138,88.88888888888889,244.67899999999997,30.584874999999997,690.0,36,32,4.0,261.94,8.185625,26194.0,2.6084375,5.5771875,310.164,32,38.7705,65.485,357,80-90
139,88.88888888888889,245.486,30.68575,474.0,36,32,4.0,263.08,8.22125,26308.0,2.615625,5.605625,311.256,32,38.907,65.77,171,80-90
140,72.72727272727273,252.6745,31.5843125,799.0,44,32,12.0,264.15,8.2546875,26415.0,2.2465625,6.008125,318.712,24,39.839,66.0375,868,70-80
141,83.33333333333334,260.979,32.622375,1070.0,42,35,7.0,254.26000000000002,7.264571428571429,25426.0,2.0611428571428574,5.203428571428572,324.544,36,40.568,63.565000000000005,355,80-90
142,82.92682926829268,250.34449999999998,31.293062499999998,850.0,41,34,7.0,261.79,7.699705882352942,26179.0,2.3861764705882353,5.313529411764706,315.792,31,39.474,65.4475,567,80-90
143,88.09523809523809,271.9365,33.9920625,1042.0,42,37,5.0,257.63,6.962972972972973,25763.0,1.9327027027027026,5.030270270270271,336.344,39,42.043,64.4075,247,80-90
144,85.0,257.046,32.13075,1201.0,40,34,6.0,253.56,7.45764705882353,25356.0,2.103823529411765,5.353823529411764,320.436,34,40.0545,63.39,291,80-90
145,88.57142857142857,255.55649999999997,31.944562499999996,591.0,35,31,4.0,263.71,8.506774193548386,26371.0,2.472258064516129,6.034516129032259,321.484,35,40.1855,65.9275,181,80-90
146,85.71428571428571,247.42649999999998,30.928312499999997,1126.0,35,30,5.0,266.79,8.893,26679.0,2.6673333333333336,6.225666666666667,314.12399999999997,30,39.265499999999996,66.6975,379,80-90
147,86.48648648648648,251.53950000000003,31.442437500000004,985.0,37,32,5.0,258.53000000000003,8.079062500000001,25853.0,2.24125,5.8378125,316.172,28,39.5215,64.63250000000001,159,80-90
148,89.74358974358975,266.07349999999997,33.259187499999996,604.0,39,35,4.0,269.21,7.691714285714285,26921.0,2.2065714285714284,5.485142857142858,333.376,33,41.672,67.3025,158,80-90
149,81.08108108108108,250.95499999999998,31.369374999999998,908.0,37,30,7.0,266.26,8.875333333333334,26626.0,2.472,6.403333333333334,317.52,27,39.69,66.565,192,80-90
150,86.8421052631579,236.9905,29.6238125,771.0,38,33,5.0,265.19,8.036060606060605,26519.0,2.8772727272727274,5.158787878787879,303.288,33,37.911,66.2975,286,80-90
151,84.61538461538461,263.83500000000004,32.979375000000005,760.0,39,33,6.0,259.86,7.874545454545455,25986.0,1.9957575757575756,5.878787878787879,328.8,30,41.1,64.965,315,80-90
152,86.8421052631579,250.175,31.271875,484.0,38,33,5.0,266.82,8.085454545454546,26682.0,2.4824242424242424,5.603030303030303,316.88,29,39.61,66.705,384,80-90
153,78.57142857142857,269.88250000000005,33.735312500000006,722.0,42,33,9.0,264.63,8.01909090909091,26463.0,1.982727272727273,6.036363636363636,336.04,31,42.005,66.1575,293,70-80
154,76.74418604651163,258.292,32.2865,842.0,43,33,10.0,255.92000000000002,7.755151515151516,25592.0,2.192727272727273,5.5624242424242425,322.272,36,40.284,63.980000000000004,499,70-80
155,83.33333333333334,240.21800000000002,30.027250000000002,433.0,36,30,6.0,266.04,8.868,26604.0,2.82,6.048,306.728,29,38.341,66.51,319,80-90
156,75.60975609756098,251.5175,31.4396875,979.0,41,31,10.0,256.09000000000003,8.260967741935485,25609.0,2.278709677419355,5.982258064516129,315.54,31,39.4425,64.02250000000001,239,70-80
157,88.57142857142857,256.65049999999997,32.081312499999996,957.0,35,31,4.0,265.11,8.551935483870968,26511.0,2.4248387096774193,6.127096774193549,322.928,33,40.366,66.2775,199,80-90
158,88.88888888888889,255.212,31.9015,887.0,36,32,4.0,266.16,8.3175,26616.0,2.334375,5.983125,321.752,28,40.219,66.54,145,80-90
159,73.80952380952381,240.83150000000003,30.103937500000004,1328.0,42,31,11.0,251.65,8.11774193548387,25165.0,2.4525806451612904,5.6651612903225805,303.744,31,37.968,62.9125,517,70-80
160,78.57142857142857,247.3365,30.9170625,764.0,42,33,9.0,263.07,7.971818181818182,26307.0,2.565151515151515,5.406666666666666,313.104,33,39.138,65.7675,397,70-80
161,92.6829268292683,291.74949999999995,36.468687499999994,527.0,41,38,3.0,261.69,6.886578947368421,26169.0,1.5757894736842104,5.310789473684211,357.17199999999997,39,44.646499999999996,65.4225,225,90-100
162,82.92682926829268,254.72249999999997,31.840312499999996,646.0,41,34,7.0,258.71,7.609117647058823,25871.0,2.2561764705882354,5.352941176470588,319.4,33,39.925,64.6775,437,80-90
163,80.0,265.05150000000003,33.131437500000004,1090.0,40,32,8.0,256.29,8.0090625,25629.0,1.86,6.1490625,329.124,29,41.1405,64.0725,438,70-80
164,81.57894736842105,246.61399999999998,30.826749999999997,1000.0,38,31,7.0,258.44,8.336774193548386,25844.0,2.49741935483871,5.839354838709677,311.224,32,38.903,64.61,489,80-90
165,91.66666666666666,264.8035,33.1004375,1026.0,36,33,3.0,267.81,8.115454545454545,26781.0,2.187272727272727,5.928181818181819,331.756,31,41.4695,66.9525,138,90-100
166,84.21052631578947,269.80999999999995,33.72624999999999,776.0,38,32,6.0,260.6,8.14375,26060.0,1.9468750000000001,6.196875,334.96,33,41.87,65.15,358,80-90
167,82.22222222222221,277.726,34.71575,793.0,45,37,8.0,254.20000000000002,6.870270270270271,25420.0,1.6613513513513514,5.2089189189189185,341.276,36,42.6595,63.550000000000004,293,80-90
168,91.8918918918919,257.29999999999995,32.162499999999994,645.0,37,34,3.0,262.4,7.717647058823529,26240.0,2.1808823529411767,5.536764705882352,322.9,29,40.3625,65.6,70,90-100
169,94.5945945945946,270.615,33.826875,566.0,37,35,2.0,264.58,7.559428571428571,26458.0,2.1365714285714286,5.4228571428571435,336.76,39,42.095,66.145,30,90-100
170,80.0,237.3705,29.6713125,660.0,40,32,8.0,260.23,8.1321875,26023.0,2.704375,5.4278125,302.428,30,37.8035,65.0575,284,70-80
171,80.48780487804879,254.679,31.834875,939.0,41,33,8.0,256.9,7.784848484848484,25690.0,2.332727272727273,5.452121212121212,318.904,37,39.863,64.225,379,80-90
172,90.9090909090909,231.22349999999997,28.902937499999997,606.0,33,30,3.0,266.61,8.887,26661.0,2.8626666666666667,6.024333333333333,297.876,21,37.2345,66.6525,95,90-100
173,87.5,263.8575,32.9821875,914.0,40,35,5.0,256.97,7.3420000000000005,25697.0,2.077714285714286,5.264285714285714,328.1,37,41.0125,64.2425,252,80-90
174,77.77777777777779,250.13349999999997,31.266687499999996,771.0,45,35,10.0,257.45,7.355714285714285,25745.0,2.2962857142857143,5.059428571428572,314.496,32,39.312,64.3625,495,70-80
175,73.91304347826086,260.30999999999995,32.53874999999999,903.0,46,34,12.0,253.4,7.452941176470588,25340.0,1.9955882352941177,5.457352941176471,323.65999999999997,33,40.457499999999996,63.35,456,70-80
176,78.94736842105263,251.11999999999998,31.389999999999997,887.0,38,30,8.0,259.12,8.637333333333334,25912.0,2.195666666666667,6.441666666666666,315.9,24,39.4875,64.78,194,70-80
177,71.7948717948718,240.794,30.09925,576.0,39,28,11.0,266.12,9.504285714285714,26612.0,2.7982142857142858,6.706071428571429,307.324,26,38.4155,66.53,634,70-80
178,80.55555555555556,232.76299999999998,29.095374999999997,928.0,36,29,7.0,258.42,8.911034482758621,25842.0,2.751034482758621,6.16,297.368,25,37.171,64.605,724,80-90
179,77.77777777777779,266.841,33.355125,876.0,45,35,10.0,261.34000000000003,7.466857142857144,26134.0,2.0102857142857142,5.456571428571428,332.176,33,41.522,65.33500000000001,615,70-80
180,85.36585365853658,270.73350000000005,33.841687500000006,500.0,41,35,6.0,260.65,7.447142857142857,26065.0,1.902,5.545142857142857,335.896,33,41.987,65.1625,265,80-90
181,86.48648648648648,247.47700000000003,30.934625000000004,754.0,37,32,5.0,264.54,8.266875,26454.0,2.5478125,5.7190625,313.612,30,39.2015,66.135,304,80-90
182,91.66666666666666,275.193,34.399125,572.0,36,33,3.0,263.5,7.984848484848484,26350.0,1.9730303030303031,6.011818181818182,341.068,37,42.6335,65.875,171,90-100
183,87.5,270.5405,33.8175625,860.0,40,35,5.0,268.83,7.680857142857143,26883.0,2.044,5.636857142857143,337.748,31,42.2185,67.2075,323,80-90
184,82.5,259.89649999999995,32.48706249999999,665.0,40,33,7.0,257.87,7.814242424242424,25787.0,2.0727272727272728,5.741515151515151,324.364,31,40.5455,64.4675,454,80-90
185,85.29411764705883,247.0965,30.8870625,596.0,34,29,5.0,268.27,9.250689655172414,26827.0,2.8379310344827586,6.4127586206896545,314.164,33,39.2705,67.0675,299,80-90
186,82.6086956521739,271.8845,33.9855625,804.0,46,38,8.0,255.23000000000002,6.716578947368421,25523.0,1.8110526315789475,4.905526315789474,335.692,36,41.9615,63.807500000000005,493,80-90
187,87.87878787878788,241.26500000000001,30.158125000000002,716.0,33,29,4.0,265.34000000000003,9.149655172413794,26534.0,2.753103448275862,6.3965517241379315,307.6,27,38.45,66.33500000000001,223,80-90
188,75.60975609756098,253.0775,31.6346875,1151.0,41,31,10.0,258.41,8.335806451612903,25841.0,2.242258064516129,6.093548387096774,317.68,29,39.71,64.6025,528,70-80
189,81.08108108108108,262.6415,32.8301875,678.0,37,30,7.0,265.21,8.840333333333332,26521.0,2.2030000000000003,6.637333333333333,328.944,30,41.118,66.3025,355,80-90
190,85.36585365853658,268.5285,33.5660625,899.0,41,35,6.0,264.59000000000003,7.5597142857142865,26459.0,1.996,5.563714285714286,334.676,31,41.8345,66.14750000000001,273,80-90
191,85.0,256.171,32.021375,749.0,40,34,6.0,257.3,7.56764705882353,25730.0,2.2858823529411767,5.2817647058823525,320.496,37,40.062,64.325,277,80-90
192,73.91304347826086,256.3985,32.0498125,1021.0,46,34,12.0,255.11,7.503235294117648,25511.0,2.106764705882353,5.396470588235294,320.176,32,40.022,63.7775,492,70-80
193,91.66666666666666,258.5285,32.3160625,881.0,36,33,3.0,259.87,7.874848484848485,25987.0,2.054242424242424,5.82060606060606,323.496,27,40.437,64.9675,154,90-100
194,85.71428571428571,276.3575,34.5446875,1320.0,42,36,6.0,251.77,6.993611111111111,25177.0,1.6394444444444447,5.354166666666666,339.3,36,42.4125,62.9425,427,80-90
195,82.5,256.4955,32.0619375,747.0,40,33,7.0,257.89,7.8148484848484845,25789.0,2.3863636363636362,5.428484848484849,320.968,40,40.121,64.4725,394,80-90
196,80.95238095238095,254.457,31.807125,1323.0,42,34,8.0,252.94,7.439411764705882,25294.0,2.103823529411765,5.335588235294117,317.692,32,39.7115,63.235,456,80-90
197,73.33333333333333,246.8465,30.8558125,799.0,45,33,12.0,259.03000000000003,7.8493939393939405,25903.0,2.4806060606060605,5.368787878787879,311.604,33,38.9505,64.75750000000001,370,70-80
198,79.06976744186046,261.6245,32.7030625,1542.0,43,34,9.0,251.31,7.391470588235294,25131.0,1.8411764705882354,5.550294117647058,324.452,30,40.5565,62.8275,445,70-80
199,72.3404255319149,263.5725,32.9465625,679.0,47,34,13.0,264.27,7.772647058823529,26427.0,2.193235294117647,5.579411764705883,329.64,34,41.205,66.0675,426,70-80
200,82.92682926829268,265.09950000000003,33.137437500000004,535.0,41,34,7.0,261.57,7.693235294117647,26157.0,2.0194117647058825,5.673823529411765,330.492,31,41.3115,65.3925,255,80-90
