,veh,pos,t,event,paxes
0,1,411012808.0,0,STARTS_DAY,[]
1,1,411012808.0,0,OPENS_APP,[]
2,1,411012808.0,0,RECEIVES_REQUEST,[]
3,1,411012808.0,15,ACCEPTS_REQUEST,[]
4,1,411012808.0,35,IS_ACCEPTED_BY_TRAVELLER,[]
5,1,44978600.0,307,ARRIVES_AT_PICKUP,[]
6,1,44978600.0,307,MEETS_TRAVELLER_AT_PICKUP,[]
7,1,44978600.0,337,DEPARTS_FROM_PICKUP,[0]
8,1,44984807.0,428,ARRIVES_AT_DROPOFF,[0]
9,1,44984807.0,21599,ENDS_SHIFT,[]
0,2,1552542896.0,0,STARTS_DAY,[]
1,2,1552542896.0,0,OPENS_APP,[]
2,2,1552542896.0,418,RECEIVES_REQUEST,[]
3,2,1552542896.0,433,ACCEPTS_REQUEST,[]
4,2,1552542881.0,449,ARRIVES_AT_PICKUP,[]
5,2,1552542881.0,453,IS_ACCEPTED_BY_TRAVELLER,[]
6,2,1552542881.0,453,MEETS_TRAVELLER_AT_PICKUP,[]
7,2,1552542881.0,483,DEPARTS_FROM_PICKUP,[1]
8,2,44992623.0,600,ARRIVES_AT_DROPOFF,[1]
9,2,44992623.0,4652,RECEIVES_REQUEST,[]
10,2,44992623.0,4667,ACCEPTS_REQUEST,[]
11,2,44992623.0,4687,IS_ACCEPTED_BY_TRAVELLER,[]
12,2,44983944.0,4752,ARRIVES_AT_PICKUP,[]
13,2,44983944.0,4752,MEETS_TRAVELLER_AT_PICKUP,[]
14,2,44983944.0,4782,DEPARTS_FROM_PICKUP,[3]
15,2,45020380.0,5015,ARRIVES_AT_DROPOFF,[3]
16,2,45020380.0,13506,RECEIVES_REQUEST,[]
17,2,45020380.0,13521,ACCEPTS_REQUEST,[]
18,2,45020380.0,13541,IS_ACCEPTED_BY_TRAVELLER,[]
19,2,45033209.0,13561,ARRIVES_AT_PICKUP,[]
20,2,45033209.0,13561,MEETS_TRAVELLER_AT_PICKUP,[]
21,2,45033209.0,13591,DEPARTS_FROM_PICKUP,[9]
22,2,44977417.0,13768,ARRIVES_AT_DROPOFF,[9]
23,2,44977417.0,21599,ENDS_SHIFT,[]
0,3,44982385.0,0,STARTS_DAY,[]
1,3,44982385.0,0,OPENS_APP,[]
2,3,44982385.0,21599,ENDS_SHIFT,[]
0,4,44984373.0,0,STARTS_DAY,[]
1,4,44984373.0,0,OPENS_APP,[]
2,4,44984373.0,21599,ENDS_SHIFT,[]
0,5,1432312429.0,0,STARTS_DAY,[]
1,5,1432312429.0,0,OPENS_APP,[]
2,5,1432312429.0,21599,ENDS_SHIFT,[]
0,6,441422916.0,0,STARTS_DAY,[]
1,6,441422916.0,0,OPENS_APP,[]
2,6,441422916.0,21599,ENDS_SHIFT,[]
0,7,44974252.0,0,STARTS_DAY,[]
1,7,44974252.0,0,OPENS_APP,[]
2,7,44974252.0,4961,RECEIVES_REQUEST,[]
3,7,44974252.0,4976,ACCEPTS_REQUEST,[]
4,7,44974252.0,4996,IS_ACCEPTED_BY_TRAVELLER,[]
5,7,2802457954.0,5024,ARRIVES_AT_PICKUP,[]
6,7,2802457954.0,5024,MEETS_TRAVELLER_AT_PICKUP,[]
7,7,2802457954.0,5054,DEPARTS_FROM_PICKUP,[4]
8,7,45000741.0,5237,ARRIVES_AT_DROPOFF,[4]
9,7,45000741.0,11117,RECEIVES_REQUEST,[]
10,7,45000741.0,11132,ACCEPTS_REQUEST,[]
11,7,45000741.0,11152,IS_ACCEPTED_BY_TRAVELLER,[]
12,7,44973862.0,11219,ARRIVES_AT_PICKUP,[]
13,7,44973862.0,11219,MEETS_TRAVELLER_AT_PICKUP,[]
14,7,44973862.0,11249,DEPARTS_FROM_PICKUP,[7]
15,7,662403083.0,11325,ARRIVES_AT_DROPOFF,[7]
16,7,662403083.0,13185,RECEIVES_REQUEST,[]
17,7,662403083.0,13200,ACCEPTS_REQUEST,[]
18,7,662403083.0,13220,IS_ACCEPTED_BY_TRAVELLER,[]
19,7,44990934.0,13268,ARRIVES_AT_PICKUP,[]
20,7,44990934.0,13268,MEETS_TRAVELLER_AT_PICKUP,[]
21,7,44990934.0,13298,DEPARTS_FROM_PICKUP,[8]
22,7,45009078.0,13432,ARRIVES_AT_DROPOFF,[8]
23,7,45009078.0,21599,ENDS_SHIFT,[]
0,8,3445597526.0,0,STARTS_DAY,[]
1,8,3445597526.0,0,OPENS_APP,[]
2,8,3445597526.0,1353,RECEIVES_REQUEST,[]
3,8,3445597526.0,1368,ACCEPTS_REQUEST,[]
4,8,3445597526.0,1388,IS_ACCEPTED_BY_TRAVELLER,[]
5,8,44999244.0,1411,ARRIVES_AT_PICKUP,[]
6,8,44999244.0,1411,MEETS_TRAVELLER_AT_PICKUP,[]
7,8,44999244.0,1441,DEPARTS_FROM_PICKUP,[2]
8,8,44994279.0,1457,ARRIVES_AT_DROPOFF,[2]
9,8,44994279.0,6952,RECEIVES_REQUEST,[]
10,8,44994279.0,6967,ACCEPTS_REQUEST,[]
11,8,44994279.0,6987,IS_ACCEPTED_BY_TRAVELLER,[]
12,8,45007341.0,7022,ARRIVES_AT_PICKUP,[]
13,8,45007341.0,7022,MEETS_TRAVELLER_AT_PICKUP,[]
14,8,45007341.0,7052,DEPARTS_FROM_PICKUP,[5]
15,8,44993105.0,7168,ARRIVES_AT_DROPOFF,[5]
16,8,44993105.0,7510,RECEIVES_REQUEST,[]
17,8,44993105.0,7525,ACCEPTS_REQUEST,[]
18,8,44999810.0,7543,ARRIVES_AT_PICKUP,[]
19,8,44999810.0,7545,IS_ACCEPTED_BY_TRAVELLER,[]
20,8,44999810.0,7545,MEETS_TRAVELLER_AT_PICKUP,[]
21,8,44999810.0,7575,DEPARTS_FROM_PICKUP,[6]
22,8,45007341.0,7697,ARRIVES_AT_DROPOFF,[6]
23,8,45007341.0,21599,ENDS_SHIFT,[]
0,9,493799182.0,0,STARTS_DAY,[]
1,9,493799182.0,0,OPENS_APP,[]
2,9,493799182.0,21599,ENDS_SHIFT,[]
0,10,401320325.0,0,STARTS_DAY,[]
1,10,401320325.0,0,OPENS_APP,[]
2,10,401320325.0,21599,ENDS_SHIFT,[]
