,pax,pos,t,event,veh_id
0,0,44978600,0,STARTS_DAY,
1,0,44978600,0,REQUESTS_RIDE,
2,0,44978600,0,RECEIVES_OFFER,
3,0,44978600,15,ACCEPTS_OFFER,
4,0,44978600,35,ARRIVES_AT_PICKUP,1.0
5,0,44978600,307,MEETS_DRIVER_AT_PICKUP,1.0
6,0,44978600,337,DEPARTS_FROM_PICKUP,1.0
7,0,44984807,428,ARRIVES_AT_DROPOFF,1.0
8,0,44984807,438,SETS_OFF_FOR_DEST,
9,0,44984807,438,ARRIVES_AT_DEST,
0,1,1552542881,0,STARTS_DAY,
1,1,1552542881,418,REQUESTS_RIDE,
2,1,1552542881,418,RECEIVES_OFFER,
3,1,1552542881,433,ACCEPTS_OFFER,
4,1,1552542881,453,ARRIVES_AT_PICKUP,2.0
5,1,1552542881,453,MEETS_DRIVER_AT_PICKUP,2.0
6,1,1552542881,483,DEPARTS_FROM_PICKUP,2.0
7,1,44992623,600,ARRIVES_AT_DROPOFF,2.0
8,1,44992623,610,SETS_OFF_FOR_DEST,
9,1,44992623,610,ARRIVES_AT_DEST,
0,2,44999244,0,STARTS_DAY,
1,2,44999244,1353,REQUESTS_RIDE,
2,2,44999244,1353,RECEIVES_OFFER,
3,2,44999244,1368,ACCEPTS_OFFER,
4,2,44999244,1388,ARRIVES_AT_PICKUP,8.0
5,2,44999244,1411,MEETS_DRIVER_AT_PICKUP,8.0
6,2,44999244,1441,DEPARTS_FROM_PICKUP,8.0
7,2,44994279,1457,ARRIVES_AT_DROPOFF,8.0
8,2,44994279,1467,SETS_OFF_FOR_DEST,
9,2,44994279,1467,ARRIVES_AT_DEST,
0,3,44983944,0,STARTS_DAY,
1,3,44983944,4652,REQUESTS_RIDE,
2,3,44983944,4652,RECEIVES_OFFER,
3,3,44983944,4667,ACCEPTS_OFFER,
4,3,44983944,4687,ARRIVES_AT_PICKUP,2.0
5,3,44983944,4752,MEETS_DRIVER_AT_PICKUP,2.0
6,3,44983944,4782,DEPARTS_FROM_PICKUP,2.0
7,3,45020380,5015,ARRIVES_AT_DROPOFF,2.0
8,3,45020380,5025,SETS_OFF_FOR_DEST,
9,3,45020380,5025,ARRIVES_AT_DEST,
0,4,2802457954,0,STARTS_DAY,
1,4,2802457954,4961,REQUESTS_RIDE,
2,4,2802457954,4961,RECEIVES_OFFER,
3,4,2802457954,4976,ACCEPTS_OFFER,
4,4,2802457954,4996,ARRIVES_AT_PICKUP,7.0
5,4,2802457954,5024,MEETS_DRIVER_AT_PICKUP,7.0
6,4,2802457954,5054,DEPARTS_FROM_PICKUP,7.0
7,4,45000741,5237,ARRIVES_AT_DROPOFF,7.0
8,4,45000741,5247,SETS_OFF_FOR_DEST,
9,4,45000741,5247,ARRIVES_AT_DEST,
0,5,45007341,0,STARTS_DAY,
1,5,45007341,6952,REQUESTS_RIDE,
2,5,45007341,6952,RECEIVES_OFFER,
3,5,45007341,6967,ACCEPTS_OFFER,
4,5,45007341,6987,ARRIVES_AT_PICKUP,8.0
5,5,45007341,7022,MEETS_DRIVER_AT_PICKUP,8.0
6,5,45007341,7052,DEPARTS_FROM_PICKUP,8.0
7,5,44993105,7168,ARRIVES_AT_DROPOFF,8.0
8,5,44993105,7178,SETS_OFF_FOR_DEST,
9,5,44993105,7178,ARRIVES_AT_DEST,
0,6,44999810,0,STARTS_DAY,
1,6,44999810,7510,REQUESTS_RIDE,
2,6,44999810,7510,RECEIVES_OFFER,
3,6,44999810,7525,ACCEPTS_OFFER,
4,6,44999810,7545,ARRIVES_AT_PICKUP,8.0
5,6,44999810,7545,MEETS_DRIVER_AT_PICKUP,8.0
6,6,44999810,7575,DEPARTS_FROM_PICKUP,8.0
7,6,45007341,7697,ARRIVES_AT_DROPOFF,8.0
8,6,45007341,7707,SETS_OFF_FOR_DEST,
9,6,45007341,7707,ARRIVES_AT_DEST,
0,7,44973862,0,STARTS_DAY,
1,7,44973862,11117,REQUESTS_RIDE,
2,7,44973862,11117,RECEIVES_OFFER,
3,7,44973862,11132,ACCEPTS_OFFER,
4,7,44973862,11152,ARRIVES_AT_PICKUP,7.0
5,7,44973862,11219,MEETS_DRIVER_AT_PICKUP,7.0
6,7,44973862,11249,DEPARTS_FROM_PICKUP,7.0
7,7,662403083,11325,ARRIVES_AT_DROPOFF,7.0
8,7,662403083,11335,SETS_OFF_FOR_DEST,
9,7,662403083,11335,ARRIVES_AT_DEST,
0,8,44990934,0,STARTS_DAY,
1,8,44990934,13185,REQUESTS_RIDE,
2,8,44990934,13185,RECEIVES_OFFER,
3,8,44990934,13200,ACCEPTS_OFFER,
4,8,44990934,13220,ARRIVES_AT_PICKUP,7.0
5,8,44990934,13268,MEETS_DRIVER_AT_PICKUP,7.0
6,8,44990934,13298,DEPARTS_FROM_PICKUP,7.0
7,8,45009078,13432,ARRIVES_AT_DROPOFF,7.0
8,8,45009078,13442,SETS_OFF_FOR_DEST,
9,8,45009078,13442,ARRIVES_AT_DEST,
0,9,45033209,0,STARTS_DAY,
1,9,45033209,13506,REQUESTS_RIDE,
2,9,45033209,13506,RECEIVES_OFFER,
3,9,45033209,13521,ACCEPTS_OFFER,
4,9,45033209,13541,ARRIVES_AT_PICKUP,2.0
5,9,45033209,13561,MEETS_DRIVER_AT_PICKUP,2.0
6,9,45033209,13591,DEPARTS_FROM_PICKUP,2.0
7,9,44977417,13768,ARRIVES_AT_DROPOFF,2.0
8,9,44977417,13778,SETS_OFF_FOR_DEST,
9,9,44977417,13778,ARRIVES_AT_DEST,
