veh,pos,event,shift_start,shift_end,platform,expected_income
1,44984807,driverEvent.ENDS_SHIFT,0,86400,0,
2,44977417,driverEvent.ENDS_SHIFT,0,86400,0,
3,44982385,driverEvent.ENDS_SHIFT,0,86400,0,
4,44984373,driverEvent.ENDS_SHIFT,0,86400,0,
5,1432312429,driverEvent.ENDS_SHIFT,0,86400,0,
6,441422916,driverEvent.ENDS_SHIFT,0,86400,0,
7,45009078,driverEvent.ENDS_SHIFT,0,86400,0,
8,45007341,driverEvent.ENDS_SHIFT,0,86400,0,
9,493799182,driverEvent.ENDS_SHIFT,0,86400,0,
10,401320325,driverEvent.ENDS_SHIFT,0,86400,0,
