,veh,pos,t,event,paxes
0,1,510874613.0,0,STARTS_DAY,[]
1,1,510874613.0,0,OPENS_APP,[]
2,1,510874613.0,0,RECEIVES_REQUEST,[]
3,1,510874613.0,15,ACCEPTS_REQUEST,[]
4,1,510874613.0,35,IS_ACCEPTED_BY_TRAVELLER,[]
5,1,520813051.0,81,ARRIVES_AT_PICKUP,[]
6,1,520813051.0,81,MEETS_TRAVELLER_AT_PICKUP,[]
7,1,520813051.0,111,DEPARTS_FROM_PICKUP,[0]
8,1,1852881048.0,441,ARRIVES_AT_DROPOFF,[0]
9,1,1852881048.0,21599,ENDS_SHIFT,[]
0,2,441422924.0,0,STARTS_DAY,[]
1,2,441422924.0,0,OPENS_APP,[]
2,2,441422924.0,21599,ENDS_SHIFT,[]
0,3,520813048.0,0,STARTS_DAY,[]
1,3,520813048.0,0,OPENS_APP,[]
2,3,520813048.0,820,RECEIVES_REQUEST,[]
3,3,520813048.0,835,ACCEPTS_REQUEST,[]
4,3,520813048.0,855,IS_ACCEPTED_BY_TRAVELLER,[]
5,3,510615535.0,893,ARRIVES_AT_PICKUP,[]
6,3,510615535.0,893,MEETS_TRAVELLER_AT_PICKUP,[]
7,3,510615535.0,923,DEPARTS_FROM_PICKUP,[1]
8,3,522125156.0,1054,ARRIVES_AT_DROPOFF,[1]
9,3,522125156.0,11712,RECEIVES_REQUEST,[]
10,3,522125156.0,11727,ACCEPTS_REQUEST,[]
11,3,522125156.0,11747,IS_ACCEPTED_BY_TRAVELLER,[]
12,3,412118193.0,11747,ARRIVES_AT_PICKUP,[]
13,3,412118193.0,11747,MEETS_TRAVELLER_AT_PICKUP,[]
14,3,412118193.0,11777,DEPARTS_FROM_PICKUP,[8]
15,3,45003905.0,11956,ARRIVES_AT_DROPOFF,[8]
16,3,45003905.0,21599,ENDS_SHIFT,[]
0,4,515753071.0,0,STARTS_DAY,[]
1,4,515753071.0,0,OPENS_APP,[]
2,4,515753071.0,1340,RECEIVES_REQUEST,[]
3,4,515753071.0,1355,ACCEPTS_REQUEST,[]
4,4,515753071.0,1375,IS_ACCEPTED_BY_TRAVELLER,[]
5,4,513920275.0,1436,ARRIVES_AT_PICKUP,[]
6,4,513920275.0,1436,MEETS_TRAVELLER_AT_PICKUP,[]
7,4,513920275.0,1466,DEPARTS_FROM_PICKUP,[2]
8,4,44982385.0,1600,ARRIVES_AT_DROPOFF,[2]
9,4,44982385.0,2206,RECEIVES_REQUEST,[]
10,4,44982385.0,2221,ACCEPTS_REQUEST,[]
11,4,44982385.0,2241,IS_ACCEPTED_BY_TRAVELLER,[]
12,4,306568311.0,2354,ARRIVES_AT_PICKUP,[]
13,4,306568311.0,2354,MEETS_TRAVELLER_AT_PICKUP,[]
14,4,306568311.0,2384,DEPARTS_FROM_PICKUP,[3]
15,4,44984807.0,2506,ARRIVES_AT_DROPOFF,[3]
16,4,44984807.0,6283,RECEIVES_REQUEST,[]
17,4,44984807.0,6298,ACCEPTS_REQUEST,[]
18,4,44984807.0,6318,IS_ACCEPTED_BY_TRAVELLER,[]
19,4,541199367.0,6380,ARRIVES_AT_PICKUP,[]
20,4,541199367.0,6380,MEETS_TRAVELLER_AT_PICKUP,[]
21,4,541199367.0,6410,DEPARTS_FROM_PICKUP,[5]
22,4,45001819.0,6519,ARRIVES_AT_DROPOFF,[5]
23,4,45001819.0,11266,RECEIVES_REQUEST,[]
24,4,45001819.0,11281,ACCEPTS_REQUEST,[]
25,4,45001819.0,11301,IS_ACCEPTED_BY_TRAVELLER,[]
26,4,1658828039.0,11375,ARRIVES_AT_PICKUP,[]
27,4,1658828039.0,11375,MEETS_TRAVELLER_AT_PICKUP,[]
28,4,1658828039.0,11405,DEPARTS_FROM_PICKUP,[7]
29,4,45017813.0,11506,ARRIVES_AT_DROPOFF,[7]
30,4,45017813.0,21599,ENDS_SHIFT,[]
0,5,44996090.0,0,STARTS_DAY,[]
1,5,44996090.0,0,OPENS_APP,[]
2,5,44996090.0,4708,RECEIVES_REQUEST,[]
3,5,44996090.0,4723,ACCEPTS_REQUEST,[]
4,5,44996090.0,4743,IS_ACCEPTED_BY_TRAVELLER,[]
5,5,1658828039.0,4865,ARRIVES_AT_PICKUP,[]
6,5,1658828039.0,4865,MEETS_TRAVELLER_AT_PICKUP,[]
7,5,1658828039.0,4895,DEPARTS_FROM_PICKUP,[4]
8,5,1665808438.0,4965,ARRIVES_AT_DROPOFF,[4]
9,5,1665808438.0,7274,RECEIVES_REQUEST,[]
10,5,1665808438.0,7289,ACCEPTS_REQUEST,[]
11,5,45011027.0,7293,ARRIVES_AT_PICKUP,[]
12,5,45011027.0,7309,IS_ACCEPTED_BY_TRAVELLER,[]
13,5,45011027.0,7309,MEETS_TRAVELLER_AT_PICKUP,[]
14,5,45011027.0,7339,DEPARTS_FROM_PICKUP,[6]
15,5,44986197.0,7447,ARRIVES_AT_DROPOFF,[6]
16,5,44986197.0,12561,RECEIVES_REQUEST,[]
17,5,44986197.0,12576,ACCEPTS_REQUEST,[]
18,5,44986197.0,12596,IS_ACCEPTED_BY_TRAVELLER,[]
19,5,616509588.0,12651,ARRIVES_AT_PICKUP,[]
20,5,616509588.0,12651,MEETS_TRAVELLER_AT_PICKUP,[]
21,5,616509588.0,12681,DEPARTS_FROM_PICKUP,[9]
22,5,44977048.0,12805,ARRIVES_AT_DROPOFF,[9]
23,5,44977048.0,21599,ENDS_SHIFT,[]
