,pax,pos,t,event,veh_id
0,0,520813051,0,STARTS_DAY,
1,0,520813051,0,REQUESTS_RIDE,
2,0,520813051,0,RECEIVES_OFFER,
3,0,520813051,15,ACCEPTS_OFFER,
4,0,520813051,35,ARRIVES_AT_PICKUP,1.0
5,0,520813051,81,MEETS_DRIVER_AT_PICKUP,1.0
6,0,520813051,111,DEPARTS_FROM_PICKUP,1.0
7,0,1852881048,441,ARRIVES_AT_DROPOFF,1.0
8,0,1852881048,451,SETS_OFF_FOR_DEST,
9,0,1852881048,451,ARRIVES_AT_DEST,
0,1,510615535,0,STARTS_DAY,
1,1,510615535,820,REQUESTS_RIDE,
2,1,510615535,820,RECEIVES_OFFER,
3,1,510615535,835,ACCEPTS_OFFER,
4,1,510615535,855,ARRIVES_AT_PICKUP,3.0
5,1,510615535,893,MEETS_DRIVER_AT_PICKUP,3.0
6,1,510615535,923,DEPARTS_FROM_PICKUP,3.0
7,1,522125156,1054,ARRIVES_AT_DROPOFF,3.0
8,1,522125156,1064,SETS_OFF_FOR_DEST,
9,1,522125156,1064,ARRIVES_AT_DEST,
0,2,513920275,0,STARTS_DAY,
1,2,513920275,1340,REQUESTS_RIDE,
2,2,513920275,1340,RECEIVES_OFFER,
3,2,513920275,1355,ACCEPTS_OFFER,
4,2,513920275,1375,ARRIVES_AT_PICKUP,4.0
5,2,513920275,1436,MEETS_DRIVER_AT_PICKUP,4.0
6,2,513920275,1466,DEPARTS_FROM_PICKUP,4.0
7,2,44982385,1600,ARRIVES_AT_DROPOFF,4.0
8,2,44982385,1610,SETS_OFF_FOR_DEST,
9,2,44982385,1610,ARRIVES_AT_DEST,
0,3,306568311,0,STARTS_DAY,
1,3,306568311,2206,REQUESTS_RIDE,
2,3,306568311,2206,RECEIVES_OFFER,
3,3,306568311,2221,ACCEPTS_OFFER,
4,3,306568311,2241,ARRIVES_AT_PICKUP,4.0
5,3,306568311,2354,MEETS_DRIVER_AT_PICKUP,4.0
6,3,306568311,2384,DEPARTS_FROM_PICKUP,4.0
7,3,44984807,2506,ARRIVES_AT_DROPOFF,4.0
8,3,44984807,2516,SETS_OFF_FOR_DEST,
9,3,44984807,2516,ARRIVES_AT_DEST,
0,4,1658828039,0,STARTS_DAY,
1,4,1658828039,4708,REQUESTS_RIDE,
2,4,1658828039,4708,RECEIVES_OFFER,
3,4,1658828039,4723,ACCEPTS_OFFER,
4,4,1658828039,4743,ARRIVES_AT_PICKUP,5.0
5,4,1658828039,4865,MEETS_DRIVER_AT_PICKUP,5.0
6,4,1658828039,4895,DEPARTS_FROM_PICKUP,5.0
7,4,1665808438,4965,ARRIVES_AT_DROPOFF,5.0
8,4,1665808438,4975,SETS_OFF_FOR_DEST,
9,4,1665808438,4975,ARRIVES_AT_DEST,
0,5,541199367,0,STARTS_DAY,
1,5,541199367,6283,REQUESTS_RIDE,
2,5,541199367,6283,RECEIVES_OFFER,
3,5,541199367,6298,ACCEPTS_OFFER,
4,5,541199367,6318,ARRIVES_AT_PICKUP,4.0
5,5,541199367,6380,MEETS_DRIVER_AT_PICKUP,4.0
6,5,541199367,6410,DEPARTS_FROM_PICKUP,4.0
7,5,45001819,6519,ARRIVES_AT_DROPOFF,4.0
8,5,45001819,6529,SETS_OFF_FOR_DEST,
9,5,45001819,6529,ARRIVES_AT_DEST,
0,6,45011027,0,STARTS_DAY,
1,6,45011027,7274,REQUESTS_RIDE,
2,6,45011027,7274,RECEIVES_OFFER,
3,6,45011027,7289,ACCEPTS_OFFER,
4,6,45011027,7309,ARRIVES_AT_PICKUP,5.0
5,6,45011027,7309,MEETS_DRIVER_AT_PICKUP,5.0
6,6,45011027,7339,DEPARTS_FROM_PICKUP,5.0
7,6,44986197,7447,ARRIVES_AT_DROPOFF,5.0
8,6,44986197,7457,SETS_OFF_FOR_DEST,
9,6,44986197,7457,ARRIVES_AT_DEST,
0,7,1658828039,0,STARTS_DAY,
1,7,1658828039,11266,REQUESTS_RIDE,
2,7,1658828039,11266,RECEIVES_OFFER,
3,7,1658828039,11281,ACCEPTS_OFFER,
4,7,1658828039,11301,ARRIVES_AT_PICKUP,4.0
5,7,1658828039,11375,MEETS_DRIVER_AT_PICKUP,4.0
6,7,1658828039,11405,DEPARTS_FROM_PICKUP,4.0
7,7,45017813,11506,ARRIVES_AT_DROPOFF,4.0
8,7,45017813,11516,SETS_OFF_FOR_DEST,
9,7,45017813,11516,ARRIVES_AT_DEST,
0,8,412118193,0,STARTS_DAY,
1,8,412118193,11712,REQUESTS_RIDE,
2,8,412118193,11712,RECEIVES_OFFER,
3,8,412118193,11727,ACCEPTS_OFFER,
4,8,412118193,11747,ARRIVES_AT_PICKUP,3.0
5,8,412118193,11747,MEETS_DRIVER_AT_PICKUP,3.0
6,8,412118193,11777,DEPARTS_FROM_PICKUP,3.0
7,8,45003905,11956,ARRIVES_AT_DROPOFF,3.0
8,8,45003905,11966,SETS_OFF_FOR_DEST,
9,8,45003905,11966,ARRIVES_AT_DEST,
0,9,616509588,0,STARTS_DAY,
1,9,616509588,12561,REQUESTS_RIDE,
2,9,616509588,12561,RECEIVES_OFFER,
3,9,616509588,12576,ACCEPTS_OFFER,
4,9,616509588,12596,ARRIVES_AT_PICKUP,5.0
5,9,616509588,12651,MEETS_DRIVER_AT_PICKUP,5.0
6,9,616509588,12681,DEPARTS_FROM_PICKUP,5.0
7,9,44977048,12805,ARRIVES_AT_DROPOFF,5.0
8,9,44977048,12815,SETS_OFF_FOR_DEST,
9,9,44977048,12815,ARRIVES_AT_DEST,
