veh,nRIDES,nREJECTED,OUT,STARTS_DAY,OPENS_APP,RECEIVES_REQUEST,ACCEPTS_REQUEST,REJECTS_REQUEST,IS_ACCEPTED_BY_TRAVELLER,IS_REJECTED_BY_TRAVELLER,ARRIVES_AT_PICKUP,MEETS_TRAVELLER_AT_PICKUP,DEPARTS_FROM_PICKUP,ARRIVES_AT_DROPOFF,CONTINUES_SHIFT,STARTS_REPOSITIONING,REPOSITIONED,DECIDES_NOT_TO_DRIVE,ENDS_SHIFT,TRAVEL,WAIT,CRUISE,OPERATIONS,IDLE,PAX_KM,REVENUE
1,1.0,0.0,False,0,0,0.0,15.0,0,20.0,0,46.0,0,30.0,330.0,0,0,0,0,21158.0,330.0,0,46.0,65.0,20717.0,3.304,3.304
2,0.0,0.0,False,0,0,0.0,0.0,0,0.0,0,0.0,0,0.0,0.0,0,0,0,0,21599.0,0.0,0,0.0,0.0,21599.0,0.0,0.0
3,2.0,0.0,False,0,0,11478.0,30.0,0,40.0,0,38.0,0,60.0,310.0,0,0,0,0,9643.0,310.0,0,38.0,130.0,9165.0,3.108,3.108
4,4.0,0.0,False,0,0,10470.0,60.0,0,80.0,0,310.0,0,120.0,466.0,0,0,0,0,10093.0,466.0,0,310.0,260.0,9057.0,4.681,4.681
5,3.0,0.0,False,0,0,12131.0,45.0,0,56.0,0,181.0,0,90.0,302.0,0,0,0,0,8794.0,302.0,0,181.0,191.0,8120.0,3.039,3.039
