,veh,pos,t,event,paxes
0,1,44973416.0,0,STARTS_DAY,[]
1,1,44973416.0,0,OPENS_APP,[]
2,1,44973416.0,0,RECEIVES_REQUEST,[]
3,1,44973416.0,15,ACCEPTS_REQUEST,[]
4,1,44973416.0,35,IS_ACCEPTED_BY_TRAVELLER,[]
5,1,1402795343.0,181,ARRIVES_AT_PICKUP,[]
6,1,1402795343.0,181,MEETS_TRAVELLER_AT_PICKUP,[]
7,1,1402795343.0,211,DEPARTS_FROM_PICKUP,[0]
8,1,44996090.0,313,ARRIVES_AT_DROPOFF,[0]
9,1,44996090.0,5665,RECEIVES_REQUEST,[]
10,1,44996090.0,5680,ACCEPTS_REQUEST,[]
11,1,44996090.0,5700,IS_ACCEPTED_BY_TRAVELLER,[]
12,1,1665808438.0,5751,ARRIVES_AT_PICKUP,[]
13,1,1665808438.0,5751,MEETS_TRAVELLER_AT_PICKUP,[]
14,1,1665808438.0,5781,DEPARTS_FROM_PICKUP,[3]
15,1,4290089188.0,5875,ARRIVES_AT_DROPOFF,[3]
16,1,4290089188.0,8079,RECEIVES_REQUEST,[]
17,1,4290089188.0,8094,ACCEPTS_REQUEST,[]
18,1,4290089188.0,8114,IS_ACCEPTED_BY_TRAVELLER,[]
19,1,1402824263.0,8165,ARRIVES_AT_PICKUP,[]
20,1,1402824263.0,8165,MEETS_TRAVELLER_AT_PICKUP,[]
21,1,1402824263.0,8195,DEPARTS_FROM_PICKUP,[5]
22,1,520820355.0,8399,ARRIVES_AT_DROPOFF,[5]
23,1,520820355.0,8633,RECEIVES_REQUEST,[]
24,1,520820355.0,8648,ACCEPTS_REQUEST,[]
25,1,520820355.0,8668,IS_ACCEPTED_BY_TRAVELLER,[]
26,1,44991293.0,8798,ARRIVES_AT_PICKUP,[]
27,1,44991293.0,8798,MEETS_TRAVELLER_AT_PICKUP,[]
28,1,44991293.0,8828,DEPARTS_FROM_PICKUP,[7]
29,1,45032190.0,9110,ARRIVES_AT_DROPOFF,[7]
30,1,45032190.0,21599,ENDS_SHIFT,[]
0,2,44990295.0,0,STARTS_DAY,[]
1,2,44990295.0,0,OPENS_APP,[]
2,2,44990295.0,6250,RECEIVES_REQUEST,[]
3,2,44990295.0,6265,ACCEPTS_REQUEST,[]
4,2,44990295.0,6285,IS_ACCEPTED_BY_TRAVELLER,[]
5,2,5040974840.0,6345,ARRIVES_AT_PICKUP,[]
6,2,5040974840.0,6345,MEETS_TRAVELLER_AT_PICKUP,[]
7,2,5040974840.0,6375,DEPARTS_FROM_PICKUP,[4]
8,2,1432312430.0,6584,ARRIVES_AT_DROPOFF,[4]
9,2,1432312430.0,10007,RECEIVES_REQUEST,[]
10,2,1432312430.0,10022,ACCEPTS_REQUEST,[]
11,2,1432312430.0,10042,IS_ACCEPTED_BY_TRAVELLER,[]
12,2,1430378814.0,10083,ARRIVES_AT_PICKUP,[]
13,2,1430378814.0,10083,MEETS_TRAVELLER_AT_PICKUP,[]
14,2,1430378814.0,10113,DEPARTS_FROM_PICKUP,[8]
15,2,441422910.0,10243,ARRIVES_AT_DROPOFF,[8]
16,2,441422910.0,21599,ENDS_SHIFT,[]
0,3,519788530.0,0,STARTS_DAY,[]
1,3,519788530.0,0,OPENS_APP,[]
2,3,519788530.0,8398,RECEIVES_REQUEST,[]
3,3,519788530.0,8413,ACCEPTS_REQUEST,[]
4,3,519788530.0,8433,IS_ACCEPTED_BY_TRAVELLER,[]
5,3,45013245.0,8437,ARRIVES_AT_PICKUP,[]
6,3,45013245.0,8437,MEETS_TRAVELLER_AT_PICKUP,[]
7,3,45013245.0,8467,DEPARTS_FROM_PICKUP,[6]
8,3,411761807.0,8616,ARRIVES_AT_DROPOFF,[6]
9,3,411761807.0,10167,RECEIVES_REQUEST,[]
10,3,411761807.0,10182,ACCEPTS_REQUEST,[]
11,3,411761807.0,10202,IS_ACCEPTED_BY_TRAVELLER,[]
12,3,1658828038.0,10395,ARRIVES_AT_PICKUP,[]
13,3,1658828038.0,10395,MEETS_TRAVELLER_AT_PICKUP,[]
14,3,1658828038.0,10425,DEPARTS_FROM_PICKUP,[9]
15,3,45020380.0,10625,ARRIVES_AT_DROPOFF,[9]
16,3,45020380.0,21599,ENDS_SHIFT,[]
0,4,44996090.0,0,STARTS_DAY,[]
1,4,44996090.0,0,OPENS_APP,[]
2,4,44996090.0,1724,RECEIVES_REQUEST,[]
3,4,44996090.0,1739,ACCEPTS_REQUEST,[]
4,4,44996090.0,1759,IS_ACCEPTED_BY_TRAVELLER,[]
5,4,1430043106.0,1870,ARRIVES_AT_PICKUP,[]
6,4,1430043106.0,1870,MEETS_TRAVELLER_AT_PICKUP,[]
7,4,1430043106.0,1900,DEPARTS_FROM_PICKUP,[1]
8,4,45008610.0,2050,ARRIVES_AT_DROPOFF,[1]
9,4,45008610.0,4445,RECEIVES_REQUEST,[]
10,4,45008610.0,4460,ACCEPTS_REQUEST,[]
11,4,45008610.0,4480,IS_ACCEPTED_BY_TRAVELLER,[]
12,4,4290089185.0,4546,ARRIVES_AT_PICKUP,[]
13,4,4290089185.0,4546,MEETS_TRAVELLER_AT_PICKUP,[]
14,4,4290089185.0,4576,DEPARTS_FROM_PICKUP,[2]
15,4,411012764.0,4802,ARRIVES_AT_DROPOFF,[2]
16,4,411012764.0,21599,ENDS_SHIFT,[]
0,5,44974667.0,0,STARTS_DAY,[]
1,5,44974667.0,0,OPENS_APP,[]
2,5,44974667.0,21599,ENDS_SHIFT,[]
