,pax,pos,t,event,veh_id
0,0,1402795343,0,STARTS_DAY,
1,0,1402795343,0,REQUESTS_RIDE,
2,0,1402795343,0,RECEIVES_OFFER,
3,0,1402795343,15,ACCEPTS_OFFER,
4,0,1402795343,35,ARRIVES_AT_PICKUP,1.0
5,0,1402795343,181,MEETS_DRIVER_AT_PICKUP,1.0
6,0,1402795343,211,DEPARTS_FROM_PICKUP,1.0
7,0,44996090,313,ARRIVES_AT_DROPOFF,1.0
8,0,44996090,323,SETS_OFF_FOR_DEST,
9,0,44996090,323,ARRIVES_AT_DEST,
0,1,1430043106,0,STARTS_DAY,
1,1,1430043106,1724,REQUESTS_RIDE,
2,1,1430043106,1724,RECEIVES_OFFER,
3,1,1430043106,1739,ACCEPTS_OFFER,
4,1,1430043106,1759,ARRIVES_AT_PICKUP,4.0
5,1,1430043106,1870,MEETS_DRIVER_AT_PICKUP,4.0
6,1,1430043106,1900,DEPARTS_FROM_PICKUP,4.0
7,1,45008610,2050,ARRIVES_AT_DROPOFF,4.0
8,1,45008610,2060,SETS_OFF_FOR_DEST,
9,1,45008610,2060,ARRIVES_AT_DEST,
0,2,4290089185,0,STARTS_DAY,
1,2,4290089185,4445,REQUESTS_RIDE,
2,2,4290089185,4445,RECEIVES_OFFER,
3,2,4290089185,4460,ACCEPTS_OFFER,
4,2,4290089185,4480,ARRIVES_AT_PICKUP,4.0
5,2,4290089185,4546,MEETS_DRIVER_AT_PICKUP,4.0
6,2,4290089185,4576,DEPARTS_FROM_PICKUP,4.0
7,2,411012764,4802,ARRIVES_AT_DROPOFF,4.0
8,2,411012764,4812,SETS_OFF_FOR_DEST,
9,2,411012764,4812,ARRIVES_AT_DEST,
0,3,1665808438,0,STARTS_DAY,
1,3,1665808438,5665,REQUESTS_RIDE,
2,3,1665808438,5665,RECEIVES_OFFER,
3,3,1665808438,5680,ACCEPTS_OFFER,
4,3,1665808438,5700,ARRIVES_AT_PICKUP,1.0
5,3,1665808438,5751,MEETS_DRIVER_AT_PICKUP,1.0
6,3,1665808438,5781,DEPARTS_FROM_PICKUP,1.0
7,3,4290089188,5875,ARRIVES_AT_DROPOFF,1.0
8,3,4290089188,5885,SETS_OFF_FOR_DEST,
9,3,4290089188,5885,ARRIVES_AT_DEST,
0,4,5040974840,0,STARTS_DAY,
1,4,5040974840,6250,REQUESTS_RIDE,
2,4,5040974840,6250,RECEIVES_OFFER,
3,4,5040974840,6265,ACCEPTS_OFFER,
4,4,5040974840,6285,ARRIVES_AT_PICKUP,2.0
5,4,5040974840,6345,MEETS_DRIVER_AT_PICKUP,2.0
6,4,5040974840,6375,DEPARTS_FROM_PICKUP,2.0
7,4,1432312430,6584,ARRIVES_AT_DROPOFF,2.0
8,4,1432312430,6594,SETS_OFF_FOR_DEST,
9,4,1432312430,6594,ARRIVES_AT_DEST,
0,5,1402824263,0,STARTS_DAY,
1,5,1402824263,8079,REQUESTS_RIDE,
2,5,1402824263,8079,RECEIVES_OFFER,
3,5,1402824263,8094,ACCEPTS_OFFER,
4,5,1402824263,8114,ARRIVES_AT_PICKUP,1.0
5,5,1402824263,8165,MEETS_DRIVER_AT_PICKUP,1.0
6,5,1402824263,8195,DEPARTS_FROM_PICKUP,1.0
7,5,520820355,8399,ARRIVES_AT_DROPOFF,1.0
8,5,520820355,8409,SETS_OFF_FOR_DEST,
9,5,520820355,8409,ARRIVES_AT_DEST,
0,6,45013245,0,STARTS_DAY,
1,6,45013245,8398,REQUESTS_RIDE,
2,6,45013245,8398,RECEIVES_OFFER,
3,6,45013245,8413,ACCEPTS_OFFER,
4,6,45013245,8433,ARRIVES_AT_PICKUP,3.0
5,6,45013245,8437,MEETS_DRIVER_AT_PICKUP,3.0
6,6,45013245,8467,DEPARTS_FROM_PICKUP,3.0
7,6,411761807,8616,ARRIVES_AT_DROPOFF,3.0
8,6,411761807,8626,SETS_OFF_FOR_DEST,
9,6,411761807,8626,ARRIVES_AT_DEST,
0,7,44991293,0,STARTS_DAY,
1,7,44991293,8633,REQUESTS_RIDE,
2,7,44991293,8633,RECEIVES_OFFER,
3,7,44991293,8648,ACCEPTS_OFFER,
4,7,44991293,8668,ARRIVES_AT_PICKUP,1.0
5,7,44991293,8798,MEETS_DRIVER_AT_PICKUP,1.0
6,7,44991293,8828,DEPARTS_FROM_PICKUP,1.0
7,7,45032190,9110,ARRIVES_AT_DROPOFF,1.0
8,7,45032190,9120,SETS_OFF_FOR_DEST,
9,7,45032190,9120,ARRIVES_AT_DEST,
0,8,1430378814,0,STARTS_DAY,
1,8,1430378814,10007,REQUESTS_RIDE,
2,8,1430378814,10007,RECEIVES_OFFER,
3,8,1430378814,10022,ACCEPTS_OFFER,
4,8,1430378814,10042,ARRIVES_AT_PICKUP,2.0
5,8,1430378814,10083,MEETS_DRIVER_AT_PICKUP,2.0
6,8,1430378814,10113,DEPARTS_FROM_PICKUP,2.0
7,8,441422910,10243,ARRIVES_AT_DROPOFF,2.0
8,8,441422910,10253,SETS_OFF_FOR_DEST,
9,8,441422910,10253,ARRIVES_AT_DEST,
0,9,1658828038,0,STARTS_DAY,
1,9,1658828038,10167,REQUESTS_RIDE,
2,9,1658828038,10167,RECEIVES_OFFER,
3,9,1658828038,10182,ACCEPTS_OFFER,
4,9,1658828038,10202,ARRIVES_AT_PICKUP,3.0
5,9,1658828038,10395,MEETS_DRIVER_AT_PICKUP,3.0
6,9,1658828038,10425,DEPARTS_FROM_PICKUP,3.0
7,9,45020380,10625,ARRIVES_AT_DROPOFF,3.0
8,9,45020380,10635,SETS_OFF_FOR_DEST,
9,9,45020380,10635,ARRIVES_AT_DEST,
