veh,nRIDES,nREJECTED,OUT,STARTS_DAY,OPENS_APP,RECEIVES_REQUEST,ACCEPTS_REQUEST,REJECTS_REQUEST,IS_ACCEPTED_BY_TRAVELLER,IS_REJECTED_BY_TRAVELLER,ARRIVES_AT_PICKUP,MEETS_TRAVELLER_AT_PICKUP,DEPARTS_FROM_PICKUP,ARRIVES_AT_DROPOFF,CONTINUES_SHIFT,STARTS_REPOSITIONING,REPOSITIONED,DECIDES_NOT_TO_DRIVE,ENDS_SHIFT,TRAVEL,WAIT,CRUISE,OPERATIONS,IDLE,PAX_KM,REVENUE
1,4.0,0.0,False,0,0,7790.0,60.0,0,80.0,0,378.0,0,120.0,682.0,0,0,0,0,12489.0,682.0,0,378.0,260.0,11169.0,6.846,6.846
2,2.0,0.0,False,0,0,9673.0,30.0,0,40.0,0,101.0,0,60.0,339.0,0,0,0,0,11356.0,339.0,0,101.0,130.0,10786.0,3.392,3.392
3,2.0,0.0,False,0,0,9949.0,30.0,0,40.0,0,197.0,0,60.0,349.0,0,0,0,0,10974.0,349.0,0,197.0,130.0,10298.0,3.508,3.508
4,2.0,0.0,False,0,0,4119.0,30.0,0,40.0,0,177.0,0,60.0,376.0,0,0,0,0,16797.0,376.0,0,177.0,130.0,16114.0,3.774,3.774
5,0.0,0.0,False,0,0,0.0,0.0,0,0.0,0,0.0,0,0.0,0.0,0,0,0,0,21599.0,0.0,0,0.0,0.0,21599.0,0.0,0.0
