pax,ACCEPTS_OFFER,ARRIVES_AT_DROPOFF,ARRIVES_AT_PICKUP,DEPARTS_FROM_PICKUP,MEETS_DRIVER_AT_PICKUP,REQUESTS_RIDE,SETS_OFF_FOR_DEST,STARTS_DAY,RECEIVES_OFFER,IS_REJECTED_BY_VEHICLE,REJECTS_OFFER,ARRIVES_AT_DEST,PREFERS_OTHER_SERVICE,LOSES_PATIENCE,TRAVEL,WAIT,OPERATIONS
0,15.0,233.0,20.0,30.0,41.0,0.0,10.0,0,0,0,0,0,0,0,233.0,41.0,55.0
1,15.0,92.0,20.0,30.0,76.0,2218.0,10.0,0,0,0,0,0,0,0,92.0,76.0,55.0
2,15.0,46.0,20.0,30.0,36.0,3941.0,10.0,0,0,0,0,0,0,0,46.0,36.0,55.0
3,15.0,191.0,20.0,30.0,78.0,6122.0,10.0,0,0,0,0,0,0,0,191.0,78.0,55.0
4,15.0,115.0,20.0,30.0,18.0,7027.0,10.0,0,0,0,0,0,0,0,115.0,18.0,55.0
