,veh,pos,t,event,paxes
0,1,1852881068.0,0,STARTS_DAY,[]
1,1,1852881068.0,0,OPENS_APP,[]
2,1,1852881068.0,0,RECEIVES_REQUEST,[]
3,1,1852881068.0,15,ACCEPTS_REQUEST,[]
4,1,1852881068.0,35,IS_ACCEPTED_BY_TRAVELLER,[]
5,1,1432266155.0,76,ARRIVES_AT_PICKUP,[]
6,1,1432266155.0,76,MEETS_TRAVELLER_AT_PICKUP,[]
7,1,1432266155.0,106,DEPARTS_FROM_PICKUP,[0]
8,1,45004484.0,339,ARRIVES_AT_DROPOFF,[0]
9,1,45004484.0,7027,RECEIVES_REQUEST,[]
10,1,45004484.0,7042,ACCEPTS_REQUEST,[]
11,1,45004484.0,7062,IS_ACCEPTED_BY_TRAVELLER,[]
12,1,520831192.0,7080,ARRIVES_AT_PICKUP,[]
13,1,520831192.0,7080,MEETS_TRAVELLER_AT_PICKUP,[]
14,1,520831192.0,7110,DEPARTS_FROM_PICKUP,[4]
15,1,45009924.0,7225,ARRIVES_AT_DROPOFF,[4]
16,1,45009924.0,21599,ENDS_SHIFT,[]
0,2,500965113.0,0,STARTS_DAY,[]
1,2,500965113.0,0,OPENS_APP,[]
2,2,500965113.0,6122,RECEIVES_REQUEST,[]
3,2,500965113.0,6137,ACCEPTS_REQUEST,[]
4,2,500965113.0,6157,IS_ACCEPTED_BY_TRAVELLER,[]
5,2,44980813.0,6235,ARRIVES_AT_PICKUP,[]
6,2,44980813.0,6235,MEETS_TRAVELLER_AT_PICKUP,[]
7,2,44980813.0,6265,DEPARTS_FROM_PICKUP,[3]
8,2,506392508.0,6456,ARRIVES_AT_DROPOFF,[3]
9,2,506392508.0,21599,ENDS_SHIFT,[]
0,3,45026017.0,0,STARTS_DAY,[]
1,3,45026017.0,0,OPENS_APP,[]
2,3,45026017.0,21599,ENDS_SHIFT,[]
0,4,45007582.0,0,STARTS_DAY,[]
1,4,45007582.0,0,OPENS_APP,[]
2,4,45007582.0,21599,ENDS_SHIFT,[]
0,5,45009477.0,0,STARTS_DAY,[]
1,5,45009477.0,0,OPENS_APP,[]
2,5,45009477.0,21599,ENDS_SHIFT,[]
0,6,44990934.0,0,STARTS_DAY,[]
1,6,44990934.0,0,OPENS_APP,[]
2,6,44990934.0,21599,ENDS_SHIFT,[]
0,7,44989210.0,0,STARTS_DAY,[]
1,7,44989210.0,0,OPENS_APP,[]
2,7,44989210.0,2218,RECEIVES_REQUEST,[]
3,7,44989210.0,2233,ACCEPTS_REQUEST,[]
4,7,44989210.0,2253,IS_ACCEPTED_BY_TRAVELLER,[]
5,7,441422916.0,2329,ARRIVES_AT_PICKUP,[]
6,7,441422916.0,2329,MEETS_TRAVELLER_AT_PICKUP,[]
7,7,441422916.0,2359,DEPARTS_FROM_PICKUP,[1]
8,7,401320319.0,2451,ARRIVES_AT_DROPOFF,[1]
9,7,401320319.0,21599,ENDS_SHIFT,[]
0,8,4290089187.0,0,STARTS_DAY,[]
1,8,4290089187.0,0,OPENS_APP,[]
2,8,4290089187.0,3941,RECEIVES_REQUEST,[]
3,8,4290089187.0,3956,ACCEPTS_REQUEST,[]
4,8,4290089187.0,3976,IS_ACCEPTED_BY_TRAVELLER,[]
5,8,2502702362.0,4012,ARRIVES_AT_PICKUP,[]
6,8,2502702362.0,4012,MEETS_TRAVELLER_AT_PICKUP,[]
7,8,2502702362.0,4042,DEPARTS_FROM_PICKUP,[2]
8,8,4290089182.0,4088,ARRIVES_AT_DROPOFF,[2]
9,8,4290089182.0,21599,ENDS_SHIFT,[]
0,9,45032190.0,0,STARTS_DAY,[]
1,9,45032190.0,0,OPENS_APP,[]
2,9,45032190.0,21599,ENDS_SHIFT,[]
0,10,513787847.0,0,STARTS_DAY,[]
1,10,513787847.0,0,OPENS_APP,[]
2,10,513787847.0,21599,ENDS_SHIFT,[]
