,pax,pos,t,event,veh_id
0,0,1432266155,0,STARTS_DAY,
1,0,1432266155,0,REQUESTS_RIDE,
2,0,1432266155,0,RECEIVES_OFFER,
3,0,1432266155,15,ACCEPTS_OFFER,
4,0,1432266155,35,ARRIVES_AT_PICKUP,1.0
5,0,1432266155,76,MEETS_DRIVER_AT_PICKUP,1.0
6,0,1432266155,106,DEPARTS_FROM_PICKUP,1.0
7,0,45004484,339,ARRIVES_AT_DROPOFF,1.0
8,0,45004484,349,SETS_OFF_FOR_DEST,
9,0,45004484,349,ARRIVES_AT_DEST,
0,1,441422916,0,STARTS_DAY,
1,1,441422916,2218,REQUESTS_RIDE,
2,1,441422916,2218,RECEIVES_OFFER,
3,1,441422916,2233,ACCEPTS_OFFER,
4,1,441422916,2253,ARRIVES_AT_PICKUP,7.0
5,1,441422916,2329,MEETS_DRIVER_AT_PICKUP,7.0
6,1,441422916,2359,DEPARTS_FROM_PICKUP,7.0
7,1,401320319,2451,ARRIVES_AT_DROPOFF,7.0
8,1,401320319,2461,SETS_OFF_FOR_DEST,
9,1,401320319,2461,ARRIVES_AT_DEST,
0,2,2502702362,0,STARTS_DAY,
1,2,2502702362,3941,REQUESTS_RIDE,
2,2,2502702362,3941,RECEIVES_OFFER,
3,2,2502702362,3956,ACCEPTS_OFFER,
4,2,2502702362,3976,ARRIVES_AT_PICKUP,8.0
5,2,2502702362,4012,MEETS_DRIVER_AT_PICKUP,8.0
6,2,2502702362,4042,DEPARTS_FROM_PICKUP,8.0
7,2,4290089182,4088,ARRIVES_AT_DROPOFF,8.0
8,2,4290089182,4098,SETS_OFF_FOR_DEST,
9,2,4290089182,4098,ARRIVES_AT_DEST,
0,3,44980813,0,STARTS_DAY,
1,3,44980813,6122,REQUESTS_RIDE,
2,3,44980813,6122,RECEIVES_OFFER,
3,3,44980813,6137,ACCEPTS_OFFER,
4,3,44980813,6157,ARRIVES_AT_PICKUP,2.0
5,3,44980813,6235,MEETS_DRIVER_AT_PICKUP,2.0
6,3,44980813,6265,DEPARTS_FROM_PICKUP,2.0
7,3,506392508,6456,ARRIVES_AT_DROPOFF,2.0
8,3,506392508,6466,SETS_OFF_FOR_DEST,
9,3,506392508,6466,ARRIVES_AT_DEST,
0,4,520831192,0,STARTS_DAY,
1,4,520831192,7027,REQUESTS_RIDE,
2,4,520831192,7027,RECEIVES_OFFER,
3,4,520831192,7042,ACCEPTS_OFFER,
4,4,520831192,7062,ARRIVES_AT_PICKUP,1.0
5,4,520831192,7080,MEETS_DRIVER_AT_PICKUP,1.0
6,4,520831192,7110,DEPARTS_FROM_PICKUP,1.0
7,4,45009924,7225,ARRIVES_AT_DROPOFF,1.0
8,4,45009924,7235,SETS_OFF_FOR_DEST,
9,4,45009924,7235,ARRIVES_AT_DEST,
