veh,pos,event,shift_start,shift_end,platform,expected_income
1,45009924,driverEvent.ENDS_SHIFT,0,86400,0,
2,506392508,driverEvent.ENDS_SHIFT,0,86400,0,
3,45026017,driverEvent.ENDS_SHIFT,0,86400,0,
4,45007582,driverEvent.ENDS_SHIFT,0,86400,0,
5,45009477,driverEvent.ENDS_SHIFT,0,86400,0,
6,44990934,driverEvent.ENDS_SHIFT,0,86400,0,
7,401320319,driverEvent.ENDS_SHIFT,0,86400,0,
8,4290089182,driverEvent.ENDS_SHIFT,0,86400,0,
9,45032190,driverEvent.ENDS_SHIFT,0,86400,0,
10,513787847,driverEvent.ENDS_SHIFT,0,86400,0,
