,veh,pos,t,event,paxes
0,1,45007585.0,0,STARTS_DAY,[]
1,1,45007585.0,0,OPENS_APP,[]
2,1,45007585.0,0,RECEIVES_REQUEST,[]
3,1,45007585.0,15,ACCEPTS_REQUEST,[]
4,1,45007585.0,35,IS_ACCEPTED_BY_TRAVELLER,[]
5,1,1430378828.0,162,ARRIVES_AT_PICKUP,[]
6,1,1430378828.0,162,MEETS_TRAVELLER_AT_PICKUP,[]
7,1,1430378828.0,192,DEPARTS_FROM_PICKUP,[0]
8,1,661170896.0,446,ARRIVES_AT_DROPOFF,[0]
9,1,661170896.0,726,RECEIVES_REQUEST,[]
10,1,661170896.0,741,ACCEPTS_REQUEST,[]
11,1,661170896.0,761,IS_ACCEPTED_BY_TRAVELLER,[]
12,1,306568310.0,791,ARRIVES_AT_PICKUP,[]
13,1,306568310.0,791,MEETS_TRAVELLER_AT_PICKUP,[]
14,1,306568310.0,821,DEPARTS_FROM_PICKUP,[1]
15,1,4290089188.0,1020,ARRIVES_AT_DROPOFF,[1]
16,1,4290089188.0,4629,RECEIVES_REQUEST,[]
17,1,4290089188.0,4644,ACCEPTS_REQUEST,[]
18,1,4290089187.0,4659,ARRIVES_AT_PICKUP,[]
19,1,4290089187.0,4664,IS_ACCEPTED_BY_TRAVELLER,[]
20,1,4290089187.0,4664,MEETS_TRAVELLER_AT_PICKUP,[]
21,1,4290089187.0,4694,DEPARTS_FROM_PICKUP,[3]
22,1,1432312433.0,4760,ARRIVES_AT_DROPOFF,[3]
23,1,1432312433.0,5288,RECEIVES_REQUEST,[]
24,1,1432312433.0,5303,ACCEPTS_REQUEST,[]
25,1,1432312433.0,5323,IS_ACCEPTED_BY_TRAVELLER,[]
26,1,838045949.0,5405,ARRIVES_AT_PICKUP,[]
27,1,838045949.0,5405,MEETS_TRAVELLER_AT_PICKUP,[]
28,1,838045949.0,5435,DEPARTS_FROM_PICKUP,[5]
29,1,1430378814.0,5539,ARRIVES_AT_DROPOFF,[5]
30,1,1430378814.0,11983,RECEIVES_REQUEST,[]
31,1,1430378814.0,11998,ACCEPTS_REQUEST,[]
32,1,1430378828.0,12005,ARRIVES_AT_PICKUP,[]
33,1,1430378828.0,12018,IS_ACCEPTED_BY_TRAVELLER,[]
34,1,1430378828.0,12018,MEETS_TRAVELLER_AT_PICKUP,[]
35,1,1430378828.0,12048,DEPARTS_FROM_PICKUP,[16]
36,1,441422929.0,12140,ARRIVES_AT_DROPOFF,[16]
37,1,441422929.0,21599,ENDS_SHIFT,[]
0,2,44986752.0,0,STARTS_DAY,[]
1,2,44986752.0,0,OPENS_APP,[]
2,2,44986752.0,7958,RECEIVES_REQUEST,[]
3,2,44986752.0,7973,ACCEPTS_REQUEST,[]
4,2,44986752.0,7993,IS_ACCEPTED_BY_TRAVELLER,[]
5,2,44972639.0,8018,ARRIVES_AT_PICKUP,[]
6,2,44972639.0,8018,MEETS_TRAVELLER_AT_PICKUP,[]
7,2,44972639.0,8048,DEPARTS_FROM_PICKUP,[7]
8,2,45017056.0,8203,ARRIVES_AT_DROPOFF,[7]
9,2,45017056.0,8296,RECEIVES_REQUEST,[]
10,2,45017056.0,8311,ACCEPTS_REQUEST,[]
11,2,45017056.0,8331,IS_ACCEPTED_BY_TRAVELLER,[]
12,2,2503200423.0,8393,ARRIVES_AT_PICKUP,[]
13,2,2503200423.0,8393,MEETS_TRAVELLER_AT_PICKUP,[]
14,2,2503200423.0,8423,DEPARTS_FROM_PICKUP,[11]
15,2,45033211.0,8612,ARRIVES_AT_DROPOFF,[11]
16,2,45033211.0,9344,RECEIVES_REQUEST,[]
17,2,45033211.0,9359,ACCEPTS_REQUEST,[]
18,2,45033211.0,9379,IS_ACCEPTED_BY_TRAVELLER,[]
19,2,412118193.0,9448,ARRIVES_AT_PICKUP,[]
20,2,412118193.0,9448,MEETS_TRAVELLER_AT_PICKUP,[]
21,2,412118193.0,9478,DEPARTS_FROM_PICKUP,[12]
22,2,472323871.0,9778,ARRIVES_AT_DROPOFF,[12]
23,2,472323871.0,11023,RECEIVES_REQUEST,[]
24,2,472323871.0,11038,ACCEPTS_REQUEST,[]
25,2,472323871.0,11058,IS_ACCEPTED_BY_TRAVELLER,[]
26,2,2387651314.0,11089,ARRIVES_AT_PICKUP,[]
27,2,2387651314.0,11089,MEETS_TRAVELLER_AT_PICKUP,[]
28,2,2387651314.0,11119,DEPARTS_FROM_PICKUP,[15]
29,2,44995663.0,11301,ARRIVES_AT_DROPOFF,[15]
30,2,44995663.0,12674,RECEIVES_REQUEST,[]
31,2,44995663.0,12689,ACCEPTS_REQUEST,[]
32,2,44995663.0,12709,IS_ACCEPTED_BY_TRAVELLER,[]
33,2,44981880.0,12777,ARRIVES_AT_PICKUP,[]
34,2,44981880.0,12777,MEETS_TRAVELLER_AT_PICKUP,[]
35,2,44981880.0,12807,DEPARTS_FROM_PICKUP,[17]
36,2,510615537.0,12871,ARRIVES_AT_DROPOFF,[17]
37,2,510615537.0,21599,ENDS_SHIFT,[]
0,3,493799175.0,0,STARTS_DAY,[]
1,3,493799175.0,0,OPENS_APP,[]
2,3,493799175.0,3081,RECEIVES_REQUEST,[]
3,3,493799175.0,3096,ACCEPTS_REQUEST,[]
4,3,493799175.0,3116,IS_ACCEPTED_BY_TRAVELLER,[]
5,3,838045970.0,3158,ARRIVES_AT_PICKUP,[]
6,3,838045970.0,3158,MEETS_TRAVELLER_AT_PICKUP,[]
7,3,838045970.0,3188,DEPARTS_FROM_PICKUP,[2]
8,3,1665808439.0,3434,ARRIVES_AT_DROPOFF,[2]
9,3,1665808439.0,7961,RECEIVES_REQUEST,[]
10,3,1665808439.0,7976,ACCEPTS_REQUEST,[]
11,3,1665808439.0,7996,IS_ACCEPTED_BY_TRAVELLER,[]
12,3,44993506.0,8055,ARRIVES_AT_PICKUP,[]
13,3,44993506.0,8055,MEETS_TRAVELLER_AT_PICKUP,[]
14,3,44993506.0,8085,DEPARTS_FROM_PICKUP,[8]
15,3,45023679.0,8291,ARRIVES_AT_DROPOFF,[8]
16,3,45023679.0,21599,ENDS_SHIFT,[]
0,4,44969115.0,0,STARTS_DAY,[]
1,4,44969115.0,0,OPENS_APP,[]
2,4,44969115.0,13398,RECEIVES_REQUEST,[]
3,4,44969115.0,13413,ACCEPTS_REQUEST,[]
4,4,44969115.0,13433,IS_ACCEPTED_BY_TRAVELLER,[]
5,4,44970561.0,13439,ARRIVES_AT_PICKUP,[]
6,4,44970561.0,13439,MEETS_TRAVELLER_AT_PICKUP,[]
7,4,44970561.0,13469,DEPARTS_FROM_PICKUP,[18]
8,4,44996090.0,13657,ARRIVES_AT_DROPOFF,[18]
9,4,44996090.0,21599,ENDS_SHIFT,[]
0,5,45017583.0,0,STARTS_DAY,[]
1,5,45017583.0,0,OPENS_APP,[]
2,5,45017583.0,8025,RECEIVES_REQUEST,[]
3,5,45017583.0,8040,ACCEPTS_REQUEST,[]
4,5,45017583.0,8060,IS_ACCEPTED_BY_TRAVELLER,[]
5,5,519788530.0,8139,ARRIVES_AT_PICKUP,[]
6,5,519788530.0,8139,MEETS_TRAVELLER_AT_PICKUP,[]
7,5,519788530.0,8169,DEPARTS_FROM_PICKUP,[9]
8,5,44987286.0,8287,ARRIVES_AT_DROPOFF,[9]
9,5,44987286.0,10399,RECEIVES_REQUEST,[]
10,5,44987286.0,10414,ACCEPTS_REQUEST,[]
11,5,44987286.0,10434,IS_ACCEPTED_BY_TRAVELLER,[]
12,5,515741184.0,10474,ARRIVES_AT_PICKUP,[]
13,5,515741184.0,10474,MEETS_TRAVELLER_AT_PICKUP,[]
14,5,515741184.0,10504,DEPARTS_FROM_PICKUP,[14]
15,5,45008882.0,10617,ARRIVES_AT_DROPOFF,[14]
16,5,45008882.0,21599,ENDS_SHIFT,[]
0,6,45017952.0,0,STARTS_DAY,[]
1,6,45017952.0,0,OPENS_APP,[]
2,6,45017952.0,21599,ENDS_SHIFT,[]
0,7,45032190.0,0,STARTS_DAY,[]
1,7,45032190.0,0,OPENS_APP,[]
2,7,45032190.0,21599,ENDS_SHIFT,[]
0,8,45012428.0,0,STARTS_DAY,[]
1,8,45012428.0,0,OPENS_APP,[]
2,8,45012428.0,6887,RECEIVES_REQUEST,[]
3,8,45012428.0,6902,ACCEPTS_REQUEST,[]
4,8,45012428.0,6922,IS_ACCEPTED_BY_TRAVELLER,[]
5,8,45001819.0,6935,ARRIVES_AT_PICKUP,[]
6,8,45001819.0,6935,MEETS_TRAVELLER_AT_PICKUP,[]
7,8,45001819.0,6965,DEPARTS_FROM_PICKUP,[6]
8,8,45013862.0,7002,ARRIVES_AT_DROPOFF,[6]
9,8,45013862.0,21599,ENDS_SHIFT,[]
0,9,1670703741.0,0,STARTS_DAY,[]
1,9,1670703741.0,0,OPENS_APP,[]
2,9,1670703741.0,4833,RECEIVES_REQUEST,[]
3,9,1670703741.0,4848,ACCEPTS_REQUEST,[]
4,9,1670703741.0,4868,IS_ACCEPTED_BY_TRAVELLER,[]
5,9,1789019297.0,4909,ARRIVES_AT_PICKUP,[]
6,9,1789019297.0,4909,MEETS_TRAVELLER_AT_PICKUP,[]
7,9,1789019297.0,4939,DEPARTS_FROM_PICKUP,[4]
8,9,44996090.0,5180,ARRIVES_AT_DROPOFF,[4]
9,9,44996090.0,14020,RECEIVES_REQUEST,[]
10,9,44996090.0,14035,ACCEPTS_REQUEST,[]
11,9,44996090.0,14055,IS_ACCEPTED_BY_TRAVELLER,[]
12,9,616509534.0,14114,ARRIVES_AT_PICKUP,[]
13,9,616509534.0,14114,MEETS_TRAVELLER_AT_PICKUP,[]
14,9,616509534.0,14144,DEPARTS_FROM_PICKUP,[19]
15,9,412118193.0,14380,ARRIVES_AT_DROPOFF,[19]
16,9,412118193.0,21599,ENDS_SHIFT,[]
0,10,45003905.0,0,STARTS_DAY,[]
1,10,45003905.0,0,OPENS_APP,[]
2,10,45003905.0,8273,RECEIVES_REQUEST,[]
3,10,45003905.0,8288,ACCEPTS_REQUEST,[]
4,10,45003905.0,8308,IS_ACCEPTED_BY_TRAVELLER,[]
5,10,44986749.0,8344,ARRIVES_AT_PICKUP,[]
6,10,44986749.0,8344,MEETS_TRAVELLER_AT_PICKUP,[]
7,10,44986749.0,8374,DEPARTS_FROM_PICKUP,[10]
8,10,44982400.0,8557,ARRIVES_AT_DROPOFF,[10]
9,10,44982400.0,10087,RECEIVES_REQUEST,[]
10,10,44982400.0,10102,ACCEPTS_REQUEST,[]
11,10,44982400.0,10122,IS_ACCEPTED_BY_TRAVELLER,[]
12,10,44974257.0,10139,ARRIVES_AT_PICKUP,[]
13,10,44974257.0,10139,MEETS_TRAVELLER_AT_PICKUP,[]
14,10,44974257.0,10169,DEPARTS_FROM_PICKUP,[13]
15,10,5040974850.0,10302,ARRIVES_AT_DROPOFF,[13]
16,10,5040974850.0,21599,ENDS_SHIFT,[]
