,pax,pos,t,event,veh_id
0,0,1430378828,0,STARTS_DAY,
1,0,1430378828,0,REQUESTS_RIDE,
2,0,1430378828,0,RECEIVES_OFFER,
3,0,1430378828,15,ACCEPTS_OFFER,
4,0,1430378828,35,ARRIVES_AT_PICKUP,1.0
5,0,1430378828,162,MEETS_DRIVER_AT_PICKUP,1.0
6,0,1430378828,192,DEPARTS_FROM_PICKUP,1.0
7,0,661170896,446,ARRIVES_AT_DROPOFF,1.0
8,0,661170896,456,SETS_OFF_FOR_DEST,
9,0,661170896,456,ARRIVES_AT_DEST,
0,1,306568310,0,STARTS_DAY,
1,1,306568310,726,REQUESTS_RIDE,
2,1,306568310,726,RECEIVES_OFFER,
3,1,306568310,741,ACCEPTS_OFFER,
4,1,306568310,761,ARRIVES_AT_PICKUP,1.0
5,1,306568310,791,MEETS_DRIVER_AT_PICKUP,1.0
6,1,306568310,821,DEPARTS_FROM_PICKUP,1.0
7,1,4290089188,1020,ARRIVES_AT_DROPOFF,1.0
8,1,4290089188,1030,SETS_OFF_FOR_DEST,
9,1,4290089188,1030,ARRIVES_AT_DEST,
0,2,838045970,0,STARTS_DAY,
1,2,838045970,3081,REQUESTS_RIDE,
2,2,838045970,3081,RECEIVES_OFFER,
3,2,838045970,3096,ACCEPTS_OFFER,
4,2,838045970,3116,ARRIVES_AT_PICKUP,3.0
5,2,838045970,3158,MEETS_DRIVER_AT_PICKUP,3.0
6,2,838045970,3188,DEPARTS_FROM_PICKUP,3.0
7,2,1665808439,3434,ARRIVES_AT_DROPOFF,3.0
8,2,1665808439,3444,SETS_OFF_FOR_DEST,
9,2,1665808439,3444,ARRIVES_AT_DEST,
0,3,4290089187,0,STARTS_DAY,
1,3,4290089187,4629,REQUESTS_RIDE,
2,3,4290089187,4629,RECEIVES_OFFER,
3,3,4290089187,4644,ACCEPTS_OFFER,
4,3,4290089187,4664,ARRIVES_AT_PICKUP,1.0
5,3,4290089187,4664,MEETS_DRIVER_AT_PICKUP,1.0
6,3,4290089187,4694,DEPARTS_FROM_PICKUP,1.0
7,3,1432312433,4760,ARRIVES_AT_DROPOFF,1.0
8,3,1432312433,4770,SETS_OFF_FOR_DEST,
9,3,1432312433,4770,ARRIVES_AT_DEST,
0,4,1789019297,0,STARTS_DAY,
1,4,1789019297,4833,REQUESTS_RIDE,
2,4,1789019297,4833,RECEIVES_OFFER,
3,4,1789019297,4848,ACCEPTS_OFFER,
4,4,1789019297,4868,ARRIVES_AT_PICKUP,9.0
5,4,1789019297,4909,MEETS_DRIVER_AT_PICKUP,9.0
6,4,1789019297,4939,DEPARTS_FROM_PICKUP,9.0
7,4,44996090,5180,ARRIVES_AT_DROPOFF,9.0
8,4,44996090,5190,SETS_OFF_FOR_DEST,
9,4,44996090,5190,ARRIVES_AT_DEST,
0,5,838045949,0,STARTS_DAY,
1,5,838045949,5288,REQUESTS_RIDE,
2,5,838045949,5288,RECEIVES_OFFER,
3,5,838045949,5303,ACCEPTS_OFFER,
4,5,838045949,5323,ARRIVES_AT_PICKUP,1.0
5,5,838045949,5405,MEETS_DRIVER_AT_PICKUP,1.0
6,5,838045949,5435,DEPARTS_FROM_PICKUP,1.0
7,5,1430378814,5539,ARRIVES_AT_DROPOFF,1.0
8,5,1430378814,5549,SETS_OFF_FOR_DEST,
9,5,1430378814,5549,ARRIVES_AT_DEST,
0,6,45001819,0,STARTS_DAY,
1,6,45001819,6887,REQUESTS_RIDE,
2,6,45001819,6887,RECEIVES_OFFER,
3,6,45001819,6902,ACCEPTS_OFFER,
4,6,45001819,6922,ARRIVES_AT_PICKUP,8.0
5,6,45001819,6935,MEETS_DRIVER_AT_PICKUP,8.0
6,6,45001819,6965,DEPARTS_FROM_PICKUP,8.0
7,6,45013862,7002,ARRIVES_AT_DROPOFF,8.0
8,6,45013862,7012,SETS_OFF_FOR_DEST,
9,6,45013862,7012,ARRIVES_AT_DEST,
0,7,44972639,0,STARTS_DAY,
1,7,44972639,7958,REQUESTS_RIDE,
2,7,44972639,7958,RECEIVES_OFFER,
3,7,44972639,7973,ACCEPTS_OFFER,
4,7,44972639,7993,ARRIVES_AT_PICKUP,2.0
5,7,44972639,8018,MEETS_DRIVER_AT_PICKUP,2.0
6,7,44972639,8048,DEPARTS_FROM_PICKUP,2.0
7,7,45017056,8203,ARRIVES_AT_DROPOFF,2.0
8,7,45017056,8213,SETS_OFF_FOR_DEST,
9,7,45017056,8213,ARRIVES_AT_DEST,
0,8,44993506,0,STARTS_DAY,
1,8,44993506,7961,REQUESTS_RIDE,
2,8,44993506,7961,RECEIVES_OFFER,
3,8,44993506,7976,ACCEPTS_OFFER,
4,8,44993506,7996,ARRIVES_AT_PICKUP,3.0
5,8,44993506,8055,MEETS_DRIVER_AT_PICKUP,3.0
6,8,44993506,8085,DEPARTS_FROM_PICKUP,3.0
7,8,45023679,8291,ARRIVES_AT_DROPOFF,3.0
8,8,45023679,8301,SETS_OFF_FOR_DEST,
9,8,45023679,8301,ARRIVES_AT_DEST,
0,9,519788530,0,STARTS_DAY,
1,9,519788530,8025,REQUESTS_RIDE,
2,9,519788530,8025,RECEIVES_OFFER,
3,9,519788530,8040,ACCEPTS_OFFER,
4,9,519788530,8060,ARRIVES_AT_PICKUP,5.0
5,9,519788530,8139,MEETS_DRIVER_AT_PICKUP,5.0
6,9,519788530,8169,DEPARTS_FROM_PICKUP,5.0
7,9,44987286,8287,ARRIVES_AT_DROPOFF,5.0
8,9,44987286,8297,SETS_OFF_FOR_DEST,
9,9,44987286,8297,ARRIVES_AT_DEST,
0,10,44986749,0,STARTS_DAY,
1,10,44986749,8273,REQUESTS_RIDE,
2,10,44986749,8273,RECEIVES_OFFER,
3,10,44986749,8288,ACCEPTS_OFFER,
4,10,44986749,8308,ARRIVES_AT_PICKUP,10.0
5,10,44986749,8344,MEETS_DRIVER_AT_PICKUP,10.0
6,10,44986749,8374,DEPARTS_FROM_PICKUP,10.0
7,10,44982400,8557,ARRIVES_AT_DROPOFF,10.0
8,10,44982400,8567,SETS_OFF_FOR_DEST,
9,10,44982400,8567,ARRIVES_AT_DEST,
0,11,2503200423,0,STARTS_DAY,
1,11,2503200423,8296,REQUESTS_RIDE,
2,11,2503200423,8296,RECEIVES_OFFER,
3,11,2503200423,8311,ACCEPTS_OFFER,
4,11,2503200423,8331,ARRIVES_AT_PICKUP,2.0
5,11,2503200423,8393,MEETS_DRIVER_AT_PICKUP,2.0
6,11,2503200423,8423,DEPARTS_FROM_PICKUP,2.0
7,11,45033211,8612,ARRIVES_AT_DROPOFF,2.0
8,11,45033211,8622,SETS_OFF_FOR_DEST,
9,11,45033211,8622,ARRIVES_AT_DEST,
0,12,412118193,0,STARTS_DAY,
1,12,412118193,9344,REQUESTS_RIDE,
2,12,412118193,9344,RECEIVES_OFFER,
3,12,412118193,9359,ACCEPTS_OFFER,
4,12,412118193,9379,ARRIVES_AT_PICKUP,2.0
5,12,412118193,9448,MEETS_DRIVER_AT_PICKUP,2.0
6,12,412118193,9478,DEPARTS_FROM_PICKUP,2.0
7,12,472323871,9778,ARRIVES_AT_DROPOFF,2.0
8,12,472323871,9788,SETS_OFF_FOR_DEST,
9,12,472323871,9788,ARRIVES_AT_DEST,
0,13,44974257,0,STARTS_DAY,
1,13,44974257,10087,REQUESTS_RIDE,
2,13,44974257,10087,RECEIVES_OFFER,
3,13,44974257,10102,ACCEPTS_OFFER,
4,13,44974257,10122,ARRIVES_AT_PICKUP,10.0
5,13,44974257,10139,MEETS_DRIVER_AT_PICKUP,10.0
6,13,44974257,10169,DEPARTS_FROM_PICKUP,10.0
7,13,5040974850,10302,ARRIVES_AT_DROPOFF,10.0
8,13,5040974850,10312,SETS_OFF_FOR_DEST,
9,13,5040974850,10312,ARRIVES_AT_DEST,
0,14,515741184,0,STARTS_DAY,
1,14,515741184,10399,REQUESTS_RIDE,
2,14,515741184,10399,RECEIVES_OFFER,
3,14,515741184,10414,ACCEPTS_OFFER,
4,14,515741184,10434,ARRIVES_AT_PICKUP,5.0
5,14,515741184,10474,MEETS_DRIVER_AT_PICKUP,5.0
6,14,515741184,10504,DEPARTS_FROM_PICKUP,5.0
7,14,45008882,10617,ARRIVES_AT_DROPOFF,5.0
8,14,45008882,10627,SETS_OFF_FOR_DEST,
9,14,45008882,10627,ARRIVES_AT_DEST,
0,15,2387651314,0,STARTS_DAY,
1,15,2387651314,11023,REQUESTS_RIDE,
2,15,2387651314,11023,RECEIVES_OFFER,
3,15,2387651314,11038,ACCEPTS_OFFER,
4,15,2387651314,11058,ARRIVES_AT_PICKUP,2.0
5,15,2387651314,11089,MEETS_DRIVER_AT_PICKUP,2.0
6,15,2387651314,11119,DEPARTS_FROM_PICKUP,2.0
7,15,44995663,11301,ARRIVES_AT_DROPOFF,2.0
8,15,44995663,11311,SETS_OFF_FOR_DEST,
9,15,44995663,11311,ARRIVES_AT_DEST,
0,16,1430378828,0,STARTS_DAY,
1,16,1430378828,11983,REQUESTS_RIDE,
2,16,1430378828,11983,RECEIVES_OFFER,
3,16,1430378828,11998,ACCEPTS_OFFER,
4,16,1430378828,12018,ARRIVES_AT_PICKUP,1.0
5,16,1430378828,12018,MEETS_DRIVER_AT_PICKUP,1.0
6,16,1430378828,12048,DEPARTS_FROM_PICKUP,1.0
7,16,441422929,12140,ARRIVES_AT_DROPOFF,1.0
8,16,441422929,12150,SETS_OFF_FOR_DEST,
9,16,441422929,12150,ARRIVES_AT_DEST,
0,17,44981880,0,STARTS_DAY,
1,17,44981880,12674,REQUESTS_RIDE,
2,17,44981880,12674,RECEIVES_OFFER,
3,17,44981880,12689,ACCEPTS_OFFER,
4,17,44981880,12709,ARRIVES_AT_PICKUP,2.0
5,17,44981880,12777,MEETS_DRIVER_AT_PICKUP,2.0
6,17,44981880,12807,DEPARTS_FROM_PICKUP,2.0
7,17,510615537,12871,ARRIVES_AT_DROPOFF,2.0
8,17,510615537,12881,SETS_OFF_FOR_DEST,
9,17,510615537,12881,ARRIVES_AT_DEST,
0,18,44970561,0,STARTS_DAY,
1,18,44970561,13398,REQUESTS_RIDE,
2,18,44970561,13398,RECEIVES_OFFER,
3,18,44970561,13413,ACCEPTS_OFFER,
4,18,44970561,13433,ARRIVES_AT_PICKUP,4.0
5,18,44970561,13439,MEETS_DRIVER_AT_PICKUP,4.0
6,18,44970561,13469,DEPARTS_FROM_PICKUP,4.0
7,18,44996090,13657,ARRIVES_AT_DROPOFF,4.0
8,18,44996090,13667,SETS_OFF_FOR_DEST,
9,18,44996090,13667,ARRIVES_AT_DEST,
0,19,616509534,0,STARTS_DAY,
1,19,616509534,14020,REQUESTS_RIDE,
2,19,616509534,14020,RECEIVES_OFFER,
3,19,616509534,14035,ACCEPTS_OFFER,
4,19,616509534,14055,ARRIVES_AT_PICKUP,9.0
5,19,616509534,14114,MEETS_DRIVER_AT_PICKUP,9.0
6,19,616509534,14144,DEPARTS_FROM_PICKUP,9.0
7,19,412118193,14380,ARRIVES_AT_DROPOFF,9.0
8,19,412118193,14390,SETS_OFF_FOR_DEST,
9,19,412118193,14390,ARRIVES_AT_DEST,
