veh,pos,event,shift_start,shift_end,platform,expected_income
1,441422929,driverEvent.ENDS_SHIFT,0,86400,0,
2,510615537,driverEvent.ENDS_SHIFT,0,86400,0,
3,45023679,driverEvent.ENDS_SHIFT,0,86400,0,
4,44996090,driverEvent.ENDS_SHIFT,0,86400,0,
5,45008882,driverEvent.ENDS_SHIFT,0,86400,0,
6,45017952,driverEvent.ENDS_SHIFT,0,86400,0,
7,45032190,driverEvent.ENDS_SHIFT,0,86400,0,
8,45013862,driverEvent.ENDS_SHIFT,0,86400,0,
9,412118193,driverEvent.ENDS_SHIFT,0,86400,0,
10,5040974850,driverEvent.ENDS_SHIFT,0,86400,0,
