,veh,pos,t,event,paxes
0,1,616509534.0,0,STARTS_DAY,[]
1,1,616509534.0,0,OPENS_APP,[]
2,1,616509534.0,0,RECEIVES_REQUEST,[]
3,1,616509534.0,15,ACCEPTS_REQUEST,[]
4,1,616509534.0,35,IS_ACCEPTED_BY_TRAVELLER,[]
5,1,44969115.0,188,ARRIVES_AT_PICKUP,[]
6,1,44969115.0,188,MEETS_TRAVELLER_AT_PICKUP,[]
7,1,44969115.0,218,DEPARTS_FROM_PICKUP,[0]
8,1,44986197.0,332,ARRIVES_AT_DROPOFF,[0]
9,1,44986197.0,1524,RECEIVES_REQUEST,[]
10,1,44986197.0,1539,ACCEPTS_REQUEST,[]
11,1,44989210.0,1551,ARRIVES_AT_PICKUP,[]
12,1,44989210.0,1559,IS_ACCEPTED_BY_TRAVELLER,[]
13,1,44989210.0,1559,MEETS_TRAVELLER_AT_PICKUP,[]
14,1,44989210.0,1589,DEPARTS_FROM_PICKUP,[1]
15,1,44997217.0,1719,ARRIVES_AT_DROPOFF,[1]
16,1,44997217.0,21599,ENDS_SHIFT,[]
0,2,45007585.0,0,STARTS_DAY,[]
1,2,45007585.0,0,OPENS_APP,[]
2,2,45007585.0,21599,ENDS_SHIFT,[]
0,3,45007582.0,0,STARTS_DAY,[]
1,3,45007582.0,0,OPENS_APP,[]
2,3,45007582.0,6084,RECEIVES_REQUEST,[]
3,3,45007582.0,6099,ACCEPTS_REQUEST,[]
4,3,45007582.0,6119,IS_ACCEPTED_BY_TRAVELLER,[]
5,3,45007975.0,6123,ARRIVES_AT_PICKUP,[]
6,3,45007975.0,6123,MEETS_TRAVELLER_AT_PICKUP,[]
7,3,45007975.0,6153,DEPARTS_FROM_PICKUP,[7]
8,3,2387651314.0,6303,ARRIVES_AT_DROPOFF,[7]
9,3,2387651314.0,7917,RECEIVES_REQUEST,[]
10,3,2387651314.0,7932,ACCEPTS_REQUEST,[]
11,3,2387651314.0,7952,IS_ACCEPTED_BY_TRAVELLER,[]
12,3,441422909.0,7972,ARRIVES_AT_PICKUP,[]
13,3,441422909.0,7972,MEETS_TRAVELLER_AT_PICKUP,[]
14,3,441422909.0,8002,DEPARTS_FROM_PICKUP,[11]
15,3,44981880.0,8215,ARRIVES_AT_DROPOFF,[11]
16,3,44981880.0,10979,RECEIVES_REQUEST,[]
17,3,44981880.0,10994,ACCEPTS_REQUEST,[]
18,3,44981880.0,11014,IS_ACCEPTED_BY_TRAVELLER,[]
19,3,560171623.0,11022,ARRIVES_AT_PICKUP,[]
20,3,560171623.0,11022,MEETS_TRAVELLER_AT_PICKUP,[]
21,3,560171623.0,11052,DEPARTS_FROM_PICKUP,[14]
22,3,44992305.0,11078,ARRIVES_AT_DROPOFF,[14]
23,3,44992305.0,21599,ENDS_SHIFT,[]
0,4,44999810.0,0,STARTS_DAY,[]
1,4,44999810.0,0,OPENS_APP,[]
2,4,44999810.0,5534,RECEIVES_REQUEST,[]
3,4,44999810.0,5549,ACCEPTS_REQUEST,[]
4,4,44999810.0,5569,IS_ACCEPTED_BY_TRAVELLER,[]
5,4,44986747.0,5653,ARRIVES_AT_PICKUP,[]
6,4,44986747.0,5653,MEETS_TRAVELLER_AT_PICKUP,[]
7,4,44986747.0,5683,DEPARTS_FROM_PICKUP,[5]
8,4,1658828038.0,5866,ARRIVES_AT_DROPOFF,[5]
9,4,1658828038.0,21599,ENDS_SHIFT,[]
0,5,510604520.0,0,STARTS_DAY,[]
1,5,510604520.0,0,OPENS_APP,[]
2,5,510604520.0,11000,RECEIVES_REQUEST,[]
3,5,510604520.0,11015,ACCEPTS_REQUEST,[]
4,5,510604520.0,11035,IS_ACCEPTED_BY_TRAVELLER,[]
5,5,2502710379.0,11065,ARRIVES_AT_PICKUP,[]
6,5,2502710379.0,11065,MEETS_TRAVELLER_AT_PICKUP,[]
7,5,2502710379.0,11095,DEPARTS_FROM_PICKUP,[15]
8,5,1658828038.0,11311,ARRIVES_AT_DROPOFF,[15]
9,5,1658828038.0,21599,ENDS_SHIFT,[]
0,6,44978611.0,0,STARTS_DAY,[]
1,6,44978611.0,0,OPENS_APP,[]
2,6,44978611.0,2188,RECEIVES_REQUEST,[]
3,6,44978611.0,2203,ACCEPTS_REQUEST,[]
4,6,44978611.0,2223,IS_ACCEPTED_BY_TRAVELLER,[]
5,6,552348325.0,2300,ARRIVES_AT_PICKUP,[]
6,6,552348325.0,2300,MEETS_TRAVELLER_AT_PICKUP,[]
7,6,552348325.0,2330,DEPARTS_FROM_PICKUP,[2]
8,6,45032662.0,2431,ARRIVES_AT_DROPOFF,[2]
9,6,45032662.0,5810,RECEIVES_REQUEST,[]
10,6,45032662.0,5825,ACCEPTS_REQUEST,[]
11,6,45032662.0,5845,IS_ACCEPTED_BY_TRAVELLER,[]
12,6,45025769.0,5864,ARRIVES_AT_PICKUP,[]
13,6,45025769.0,5864,MEETS_TRAVELLER_AT_PICKUP,[]
14,6,45025769.0,5894,DEPARTS_FROM_PICKUP,[6]
15,6,1708078782.0,5985,ARRIVES_AT_DROPOFF,[6]
16,6,1708078782.0,6397,RECEIVES_REQUEST,[]
17,6,1708078782.0,6412,ACCEPTS_REQUEST,[]
18,6,1708078782.0,6432,IS_ACCEPTED_BY_TRAVELLER,[]
19,6,522125156.0,6517,ARRIVES_AT_PICKUP,[]
20,6,522125156.0,6517,MEETS_TRAVELLER_AT_PICKUP,[]
21,6,522125156.0,6547,DEPARTS_FROM_PICKUP,[8]
22,6,1454319183.0,6656,ARRIVES_AT_DROPOFF,[8]
23,6,1454319183.0,11879,RECEIVES_REQUEST,[]
24,6,1454319183.0,11894,ACCEPTS_REQUEST,[]
25,6,1454319183.0,11914,IS_ACCEPTED_BY_TRAVELLER,[]
26,6,45026017.0,12057,ARRIVES_AT_PICKUP,[]
27,6,45026017.0,12057,MEETS_TRAVELLER_AT_PICKUP,[]
28,6,45026017.0,12087,DEPARTS_FROM_PICKUP,[17]
29,6,44996094.0,12301,ARRIVES_AT_DROPOFF,[17]
30,6,44996094.0,13006,RECEIVES_REQUEST,[]
31,6,44996094.0,13021,ACCEPTS_REQUEST,[]
32,6,44996094.0,13041,IS_ACCEPTED_BY_TRAVELLER,[]
33,6,45003905.0,13065,ARRIVES_AT_PICKUP,[]
34,6,45003905.0,13065,MEETS_TRAVELLER_AT_PICKUP,[]
35,6,45003905.0,13095,DEPARTS_FROM_PICKUP,[19]
36,6,519788530.0,13224,ARRIVES_AT_DROPOFF,[19]
37,6,519788530.0,21599,ENDS_SHIFT,[]
0,7,1590515655.0,0,STARTS_DAY,[]
1,7,1590515655.0,0,OPENS_APP,[]
2,7,1590515655.0,7163,RECEIVES_REQUEST,[]
3,7,1590515655.0,7178,ACCEPTS_REQUEST,[]
4,7,1590515655.0,7198,IS_ACCEPTED_BY_TRAVELLER,[]
5,7,1852881048.0,7230,ARRIVES_AT_PICKUP,[]
6,7,1852881048.0,7230,MEETS_TRAVELLER_AT_PICKUP,[]
7,7,1852881048.0,7260,DEPARTS_FROM_PICKUP,[9]
8,7,4416643148.0,7414,ARRIVES_AT_DROPOFF,[9]
9,7,4416643148.0,10439,RECEIVES_REQUEST,[]
10,7,4416643148.0,10454,ACCEPTS_REQUEST,[]
11,7,4416643148.0,10474,IS_ACCEPTED_BY_TRAVELLER,[]
12,7,44969115.0,10663,ARRIVES_AT_PICKUP,[]
13,7,44969115.0,10663,MEETS_TRAVELLER_AT_PICKUP,[]
14,7,44969115.0,10693,DEPARTS_FROM_PICKUP,[13]
15,7,616509534.0,10874,ARRIVES_AT_DROPOFF,[13]
16,7,616509534.0,21599,ENDS_SHIFT,[]
0,8,45022517.0,0,STARTS_DAY,[]
1,8,45022517.0,0,OPENS_APP,[]
2,8,45022517.0,21599,ENDS_SHIFT,[]
0,9,44988797.0,0,STARTS_DAY,[]
1,9,44988797.0,0,OPENS_APP,[]
2,9,44988797.0,12512,RECEIVES_REQUEST,[]
3,9,44988797.0,12527,ACCEPTS_REQUEST,[]
4,9,44988797.0,12547,IS_ACCEPTED_BY_TRAVELLER,[]
5,9,44978600.0,12574,ARRIVES_AT_PICKUP,[]
6,9,44978600.0,12574,MEETS_TRAVELLER_AT_PICKUP,[]
7,9,44978600.0,12604,DEPARTS_FROM_PICKUP,[18]
8,9,44990928.0,12677,ARRIVES_AT_DROPOFF,[18]
9,9,44990928.0,21599,ENDS_SHIFT,[]
0,10,44998194.0,0,STARTS_DAY,[]
1,10,44998194.0,0,OPENS_APP,[]
2,10,44998194.0,2213,RECEIVES_REQUEST,[]
3,10,44998194.0,2228,ACCEPTS_REQUEST,[]
4,10,44998194.0,2248,IS_ACCEPTED_BY_TRAVELLER,[]
5,10,2802457954.0,2359,ARRIVES_AT_PICKUP,[]
6,10,2802457954.0,2359,MEETS_TRAVELLER_AT_PICKUP,[]
7,10,2802457954.0,2389,DEPARTS_FROM_PICKUP,[3]
8,10,45011027.0,2583,ARRIVES_AT_DROPOFF,[3]
9,10,45011027.0,5426,RECEIVES_REQUEST,[]
10,10,45011027.0,5441,ACCEPTS_REQUEST,[]
11,10,45011027.0,5461,IS_ACCEPTED_BY_TRAVELLER,[]
12,10,45003347.0,5489,ARRIVES_AT_PICKUP,[]
13,10,45003347.0,5489,MEETS_TRAVELLER_AT_PICKUP,[]
14,10,45003347.0,5519,DEPARTS_FROM_PICKUP,[4]
15,10,401350749.0,5613,ARRIVES_AT_DROPOFF,[4]
16,10,401350749.0,7567,RECEIVES_REQUEST,[]
17,10,401350749.0,7582,ACCEPTS_REQUEST,[]
18,10,401350749.0,7602,IS_ACCEPTED_BY_TRAVELLER,[]
19,10,520820370.0,7657,ARRIVES_AT_PICKUP,[]
20,10,520820370.0,7657,MEETS_TRAVELLER_AT_PICKUP,[]
21,10,520820370.0,7687,DEPARTS_FROM_PICKUP,[10]
22,10,44999808.0,7784,ARRIVES_AT_DROPOFF,[10]
23,10,44999808.0,9461,RECEIVES_REQUEST,[]
24,10,44999808.0,9476,ACCEPTS_REQUEST,[]
25,10,44999808.0,9496,IS_ACCEPTED_BY_TRAVELLER,[]
26,10,44975074.0,9608,ARRIVES_AT_PICKUP,[]
27,10,44975074.0,9608,MEETS_TRAVELLER_AT_PICKUP,[]
28,10,44975074.0,9638,DEPARTS_FROM_PICKUP,[12]
29,10,510604520.0,9825,ARRIVES_AT_DROPOFF,[12]
30,10,510604520.0,11376,RECEIVES_REQUEST,[]
31,10,510604520.0,11391,ACCEPTS_REQUEST,[]
32,10,510604520.0,11411,IS_ACCEPTED_BY_TRAVELLER,[]
33,10,2502710368.0,11434,ARRIVES_AT_PICKUP,[]
34,10,2502710368.0,11434,MEETS_TRAVELLER_AT_PICKUP,[]
35,10,2502710368.0,11464,DEPARTS_FROM_PICKUP,[16]
36,10,44982400.0,11692,ARRIVES_AT_DROPOFF,[16]
37,10,44982400.0,21599,ENDS_SHIFT,[]
