,pax,pos,t,event,veh_id
0,0,44969115,0,STARTS_DAY,
1,0,44969115,0,REQUESTS_RIDE,
2,0,44969115,0,RECEIVES_OFFER,
3,0,44969115,15,ACCEPTS_OFFER,
4,0,44969115,35,ARRIVES_AT_PICKUP,1.0
5,0,44969115,188,MEETS_DRIVER_AT_PICKUP,1.0
6,0,44969115,218,DEPARTS_FROM_PICKUP,1.0
7,0,44986197,332,ARRIVES_AT_DROPOFF,1.0
8,0,44986197,342,SETS_OFF_FOR_DEST,
9,0,44986197,342,ARRIVES_AT_DEST,
0,1,44989210,0,STARTS_DAY,
1,1,44989210,1524,REQUESTS_RIDE,
2,1,44989210,1524,RECEIVES_OFFER,
3,1,44989210,1539,ACCEPTS_OFFER,
4,1,44989210,1559,ARRIVES_AT_PICKUP,1.0
5,1,44989210,1559,MEETS_DRIVER_AT_PICKUP,1.0
6,1,44989210,1589,DEPARTS_FROM_PICKUP,1.0
7,1,44997217,1719,ARRIVES_AT_DROPOFF,1.0
8,1,44997217,1729,SETS_OFF_FOR_DEST,
9,1,44997217,1729,ARRIVES_AT_DEST,
0,2,552348325,0,STARTS_DAY,
1,2,552348325,2188,REQUESTS_RIDE,
2,2,552348325,2188,RECEIVES_OFFER,
3,2,552348325,2203,ACCEPTS_OFFER,
4,2,552348325,2223,ARRIVES_AT_PICKUP,6.0
5,2,552348325,2300,MEETS_DRIVER_AT_PICKUP,6.0
6,2,552348325,2330,DEPARTS_FROM_PICKUP,6.0
7,2,45032662,2431,ARRIVES_AT_DROPOFF,6.0
8,2,45032662,2441,SETS_OFF_FOR_DEST,
9,2,45032662,2441,ARRIVES_AT_DEST,
0,3,2802457954,0,STARTS_DAY,
1,3,2802457954,2213,REQUESTS_RIDE,
2,3,2802457954,2213,RECEIVES_OFFER,
3,3,2802457954,2228,ACCEPTS_OFFER,
4,3,2802457954,2248,ARRIVES_AT_PICKUP,10.0
5,3,2802457954,2359,MEETS_DRIVER_AT_PICKUP,10.0
6,3,2802457954,2389,DEPARTS_FROM_PICKUP,10.0
7,3,45011027,2583,ARRIVES_AT_DROPOFF,10.0
8,3,45011027,2593,SETS_OFF_FOR_DEST,
9,3,45011027,2593,ARRIVES_AT_DEST,
0,4,45003347,0,STARTS_DAY,
1,4,45003347,5426,REQUESTS_RIDE,
2,4,45003347,5426,RECEIVES_OFFER,
3,4,45003347,5441,ACCEPTS_OFFER,
4,4,45003347,5461,ARRIVES_AT_PICKUP,10.0
5,4,45003347,5489,MEETS_DRIVER_AT_PICKUP,10.0
6,4,45003347,5519,DEPARTS_FROM_PICKUP,10.0
7,4,401350749,5613,ARRIVES_AT_DROPOFF,10.0
8,4,401350749,5623,SETS_OFF_FOR_DEST,
9,4,401350749,5623,ARRIVES_AT_DEST,
0,5,44986747,0,STARTS_DAY,
1,5,44986747,5534,REQUESTS_RIDE,
2,5,44986747,5534,RECEIVES_OFFER,
3,5,44986747,5549,ACCEPTS_OFFER,
4,5,44986747,5569,ARRIVES_AT_PICKUP,4.0
5,5,44986747,5653,MEETS_DRIVER_AT_PICKUP,4.0
6,5,44986747,5683,DEPARTS_FROM_PICKUP,4.0
7,5,1658828038,5866,ARRIVES_AT_DROPOFF,4.0
8,5,1658828038,5876,SETS_OFF_FOR_DEST,
9,5,1658828038,5876,ARRIVES_AT_DEST,
0,6,45025769,0,STARTS_DAY,
1,6,45025769,5810,REQUESTS_RIDE,
2,6,45025769,5810,RECEIVES_OFFER,
3,6,45025769,5825,ACCEPTS_OFFER,
4,6,45025769,5845,ARRIVES_AT_PICKUP,6.0
5,6,45025769,5864,MEETS_DRIVER_AT_PICKUP,6.0
6,6,45025769,5894,DEPARTS_FROM_PICKUP,6.0
7,6,1708078782,5985,ARRIVES_AT_DROPOFF,6.0
8,6,1708078782,5995,SETS_OFF_FOR_DEST,
9,6,1708078782,5995,ARRIVES_AT_DEST,
0,7,45007975,0,STARTS_DAY,
1,7,45007975,6084,REQUESTS_RIDE,
2,7,45007975,6084,RECEIVES_OFFER,
3,7,45007975,6099,ACCEPTS_OFFER,
4,7,45007975,6119,ARRIVES_AT_PICKUP,3.0
5,7,45007975,6123,MEETS_DRIVER_AT_PICKUP,3.0
6,7,45007975,6153,DEPARTS_FROM_PICKUP,3.0
7,7,2387651314,6303,ARRIVES_AT_DROPOFF,3.0
8,7,2387651314,6313,SETS_OFF_FOR_DEST,
9,7,2387651314,6313,ARRIVES_AT_DEST,
0,8,522125156,0,STARTS_DAY,
1,8,522125156,6397,REQUESTS_RIDE,
2,8,522125156,6397,RECEIVES_OFFER,
3,8,522125156,6412,ACCEPTS_OFFER,
4,8,522125156,6432,ARRIVES_AT_PICKUP,6.0
5,8,522125156,6517,MEETS_DRIVER_AT_PICKUP,6.0
6,8,522125156,6547,DEPARTS_FROM_PICKUP,6.0
7,8,1454319183,6656,ARRIVES_AT_DROPOFF,6.0
8,8,1454319183,6666,SETS_OFF_FOR_DEST,
9,8,1454319183,6666,ARRIVES_AT_DEST,
0,9,1852881048,0,STARTS_DAY,
1,9,1852881048,7163,REQUESTS_RIDE,
2,9,1852881048,7163,RECEIVES_OFFER,
3,9,1852881048,7178,ACCEPTS_OFFER,
4,9,1852881048,7198,ARRIVES_AT_PICKUP,7.0
5,9,1852881048,7230,MEETS_DRIVER_AT_PICKUP,7.0
6,9,1852881048,7260,DEPARTS_FROM_PICKUP,7.0
7,9,4416643148,7414,ARRIVES_AT_DROPOFF,7.0
8,9,4416643148,7424,SETS_OFF_FOR_DEST,
9,9,4416643148,7424,ARRIVES_AT_DEST,
0,10,520820370,0,STARTS_DAY,
1,10,520820370,7567,REQUESTS_RIDE,
2,10,520820370,7567,RECEIVES_OFFER,
3,10,520820370,7582,ACCEPTS_OFFER,
4,10,520820370,7602,ARRIVES_AT_PICKUP,10.0
5,10,520820370,7657,MEETS_DRIVER_AT_PICKUP,10.0
6,10,520820370,7687,DEPARTS_FROM_PICKUP,10.0
7,10,44999808,7784,ARRIVES_AT_DROPOFF,10.0
8,10,44999808,7794,SETS_OFF_FOR_DEST,
9,10,44999808,7794,ARRIVES_AT_DEST,
0,11,441422909,0,STARTS_DAY,
1,11,441422909,7917,REQUESTS_RIDE,
2,11,441422909,7917,RECEIVES_OFFER,
3,11,441422909,7932,ACCEPTS_OFFER,
4,11,441422909,7952,ARRIVES_AT_PICKUP,3.0
5,11,441422909,7972,MEETS_DRIVER_AT_PICKUP,3.0
6,11,441422909,8002,DEPARTS_FROM_PICKUP,3.0
7,11,44981880,8215,ARRIVES_AT_DROPOFF,3.0
8,11,44981880,8225,SETS_OFF_FOR_DEST,
9,11,44981880,8225,ARRIVES_AT_DEST,
0,12,44975074,0,STARTS_DAY,
1,12,44975074,9461,REQUESTS_RIDE,
2,12,44975074,9461,RECEIVES_OFFER,
3,12,44975074,9476,ACCEPTS_OFFER,
4,12,44975074,9496,ARRIVES_AT_PICKUP,10.0
5,12,44975074,9608,MEETS_DRIVER_AT_PICKUP,10.0
6,12,44975074,9638,DEPARTS_FROM_PICKUP,10.0
7,12,510604520,9825,ARRIVES_AT_DROPOFF,10.0
8,12,510604520,9835,SETS_OFF_FOR_DEST,
9,12,510604520,9835,ARRIVES_AT_DEST,
0,13,44969115,0,STARTS_DAY,
1,13,44969115,10439,REQUESTS_RIDE,
2,13,44969115,10439,RECEIVES_OFFER,
3,13,44969115,10454,ACCEPTS_OFFER,
4,13,44969115,10474,ARRIVES_AT_PICKUP,7.0
5,13,44969115,10663,MEETS_DRIVER_AT_PICKUP,7.0
6,13,44969115,10693,DEPARTS_FROM_PICKUP,7.0
7,13,616509534,10874,ARRIVES_AT_DROPOFF,7.0
8,13,616509534,10884,SETS_OFF_FOR_DEST,
9,13,616509534,10884,ARRIVES_AT_DEST,
0,14,560171623,0,STARTS_DAY,
1,14,560171623,10979,REQUESTS_RIDE,
2,14,560171623,10979,RECEIVES_OFFER,
3,14,560171623,10994,ACCEPTS_OFFER,
4,14,560171623,11014,ARRIVES_AT_PICKUP,3.0
5,14,560171623,11022,MEETS_DRIVER_AT_PICKUP,3.0
6,14,560171623,11052,DEPARTS_FROM_PICKUP,3.0
7,14,44992305,11078,ARRIVES_AT_DROPOFF,3.0
8,14,44992305,11088,SETS_OFF_FOR_DEST,
9,14,44992305,11088,ARRIVES_AT_DEST,
0,15,2502710379,0,STARTS_DAY,
1,15,2502710379,11000,REQUESTS_RIDE,
2,15,2502710379,11000,RECEIVES_OFFER,
3,15,2502710379,11015,ACCEPTS_OFFER,
4,15,2502710379,11035,ARRIVES_AT_PICKUP,5.0
5,15,2502710379,11065,MEETS_DRIVER_AT_PICKUP,5.0
6,15,2502710379,11095,DEPARTS_FROM_PICKUP,5.0
7,15,1658828038,11311,ARRIVES_AT_DROPOFF,5.0
8,15,1658828038,11321,SETS_OFF_FOR_DEST,
9,15,1658828038,11321,ARRIVES_AT_DEST,
0,16,2502710368,0,STARTS_DAY,
1,16,2502710368,11376,REQUESTS_RIDE,
2,16,2502710368,11376,RECEIVES_OFFER,
3,16,2502710368,11391,ACCEPTS_OFFER,
4,16,2502710368,11411,ARRIVES_AT_PICKUP,10.0
5,16,2502710368,11434,MEETS_DRIVER_AT_PICKUP,10.0
6,16,2502710368,11464,DEPARTS_FROM_PICKUP,10.0
7,16,44982400,11692,ARRIVES_AT_DROPOFF,10.0
8,16,44982400,11702,SETS_OFF_FOR_DEST,
9,16,44982400,11702,ARRIVES_AT_DEST,
0,17,45026017,0,STARTS_DAY,
1,17,45026017,11879,REQUESTS_RIDE,
2,17,45026017,11879,RECEIVES_OFFER,
3,17,45026017,11894,ACCEPTS_OFFER,
4,17,45026017,11914,ARRIVES_AT_PICKUP,6.0
5,17,45026017,12057,MEETS_DRIVER_AT_PICKUP,6.0
6,17,45026017,12087,DEPARTS_FROM_PICKUP,6.0
7,17,44996094,12301,ARRIVES_AT_DROPOFF,6.0
8,17,44996094,12311,SETS_OFF_FOR_DEST,
9,17,44996094,12311,ARRIVES_AT_DEST,
0,18,44978600,0,STARTS_DAY,
1,18,44978600,12512,REQUESTS_RIDE,
2,18,44978600,12512,RECEIVES_OFFER,
3,18,44978600,12527,ACCEPTS_OFFER,
4,18,44978600,12547,ARRIVES_AT_PICKUP,9.0
5,18,44978600,12574,MEETS_DRIVER_AT_PICKUP,9.0
6,18,44978600,12604,DEPARTS_FROM_PICKUP,9.0
7,18,44990928,12677,ARRIVES_AT_DROPOFF,9.0
8,18,44990928,12687,SETS_OFF_FOR_DEST,
9,18,44990928,12687,ARRIVES_AT_DEST,
0,19,45003905,0,STARTS_DAY,
1,19,45003905,13006,REQUESTS_RIDE,
2,19,45003905,13006,RECEIVES_OFFER,
3,19,45003905,13021,ACCEPTS_OFFER,
4,19,45003905,13041,ARRIVES_AT_PICKUP,6.0
5,19,45003905,13065,MEETS_DRIVER_AT_PICKUP,6.0
6,19,45003905,13095,DEPARTS_FROM_PICKUP,6.0
7,19,519788530,13224,ARRIVES_AT_DROPOFF,6.0
8,19,519788530,13234,SETS_OFF_FOR_DEST,
9,19,519788530,13234,ARRIVES_AT_DEST,
