veh,pos,event,shift_start,shift_end,platform,expected_income
1,44997217,driverEvent.ENDS_SHIFT,0,86400,0,
2,45007585,driverEvent.ENDS_SHIFT,0,86400,0,
3,44992305,driverEvent.ENDS_SHIFT,0,86400,0,
4,1658828038,driverEvent.ENDS_SHIFT,0,86400,0,
5,1658828038,driverEvent.ENDS_SHIFT,0,86400,0,
6,519788530,driverEvent.ENDS_SHIFT,0,86400,0,
7,616509534,driverEvent.ENDS_SHIFT,0,86400,0,
8,45022517,driverEvent.ENDS_SHIFT,0,86400,0,
9,44990928,driverEvent.ENDS_SHIFT,0,86400,0,
10,44982400,driverEvent.ENDS_SHIFT,0,86400,0,
