,veh,pos,t,event,paxes
0,1,1454318552.0,0,STARTS_DAY,[]
1,1,1454318552.0,0,OPENS_APP,[]
2,1,1454318552.0,0,RECEIVES_REQUEST,[]
3,1,1454318552.0,15,ACCEPTS_REQUEST,[]
4,1,1454318552.0,35,IS_ACCEPTED_BY_TRAVELLER,[]
5,1,1590515655.0,323,ARRIVES_AT_PICKUP,[]
6,1,1590515655.0,323,MEETS_TRAVELLER_AT_PICKUP,[]
7,1,1590515655.0,353,DEPARTS_FROM_PICKUP,[0]
8,1,1402824249.0,448,ARRIVES_AT_DROPOFF,[0]
9,1,1402824249.0,656,RECEIVES_REQUEST,[]
10,1,1402824249.0,671,ACCEPTS_REQUEST,[]
11,1,1402824249.0,691,IS_ACCEPTED_BY_TRAVELLER,[]
12,1,44985737.0,739,ARRIVES_AT_PICKUP,[]
13,1,44985737.0,739,MEETS_TRAVELLER_AT_PICKUP,[]
14,1,44985737.0,769,DEPARTS_FROM_PICKUP,[2]
15,1,45001822.0,891,ARRIVES_AT_DROPOFF,[2]
16,1,45001822.0,12086,RECEIVES_REQUEST,[]
17,1,45001822.0,12101,ACCEPTS_REQUEST,[]
18,1,45001822.0,12121,IS_ACCEPTED_BY_TRAVELLER,[]
19,1,45001819.0,12157,ARRIVES_AT_PICKUP,[]
20,1,45001819.0,12157,MEETS_TRAVELLER_AT_PICKUP,[]
21,1,45001819.0,12187,DEPARTS_FROM_PICKUP,[18]
22,1,44997217.0,12255,ARRIVES_AT_DROPOFF,[18]
23,1,44997217.0,21599,ENDS_SHIFT,[]
0,2,552348325.0,0,STARTS_DAY,[]
1,2,552348325.0,0,OPENS_APP,[]
2,2,552348325.0,4571,RECEIVES_REQUEST,[]
3,2,552348325.0,4586,ACCEPTS_REQUEST,[]
4,2,552348325.0,4606,IS_ACCEPTED_BY_TRAVELLER,[]
5,2,514022771.0,4646,ARRIVES_AT_PICKUP,[]
6,2,514022771.0,4646,MEETS_TRAVELLER_AT_PICKUP,[]
7,2,514022771.0,4676,DEPARTS_FROM_PICKUP,[3]
8,2,45000375.0,4757,ARRIVES_AT_DROPOFF,[3]
9,2,45000375.0,6256,RECEIVES_REQUEST,[]
10,2,45000375.0,6271,ACCEPTS_REQUEST,[]
11,2,44995668.0,6289,ARRIVES_AT_PICKUP,[]
12,2,44995668.0,6291,IS_ACCEPTED_BY_TRAVELLER,[]
13,2,44995668.0,6291,MEETS_TRAVELLER_AT_PICKUP,[]
14,2,44995668.0,6321,DEPARTS_FROM_PICKUP,[6]
15,2,44996087.0,6467,ARRIVES_AT_DROPOFF,[6]
16,2,44996087.0,8799,RECEIVES_REQUEST,[]
17,2,44996087.0,8814,ACCEPTS_REQUEST,[]
18,2,44996087.0,8834,IS_ACCEPTED_BY_TRAVELLER,[]
19,2,44984375.0,8854,ARRIVES_AT_PICKUP,[]
20,2,44984375.0,8854,MEETS_TRAVELLER_AT_PICKUP,[]
21,2,44984375.0,8884,DEPARTS_FROM_PICKUP,[11]
22,2,1552542887.0,9028,ARRIVES_AT_DROPOFF,[11]
23,2,1552542887.0,21599,ENDS_SHIFT,[]
0,3,44969115.0,0,STARTS_DAY,[]
1,3,44969115.0,0,OPENS_APP,[]
2,3,44969115.0,5024,RECEIVES_REQUEST,[]
3,3,44969115.0,5039,ACCEPTS_REQUEST,[]
4,3,44969115.0,5059,IS_ACCEPTED_BY_TRAVELLER,[]
5,3,2802457954.0,5152,ARRIVES_AT_PICKUP,[]
6,3,2802457954.0,5152,MEETS_TRAVELLER_AT_PICKUP,[]
7,3,2802457954.0,5182,DEPARTS_FROM_PICKUP,[4]
8,3,44987282.0,5405,ARRIVES_AT_DROPOFF,[4]
9,3,44987282.0,7034,RECEIVES_REQUEST,[]
10,3,44987282.0,7049,ACCEPTS_REQUEST,[]
11,3,44987282.0,7069,IS_ACCEPTED_BY_TRAVELLER,[]
12,3,1454319183.0,7293,ARRIVES_AT_PICKUP,[]
13,3,1454319183.0,7293,MEETS_TRAVELLER_AT_PICKUP,[]
14,3,1454319183.0,7323,DEPARTS_FROM_PICKUP,[8]
15,3,1431454100.0,7697,ARRIVES_AT_DROPOFF,[8]
16,3,1431454100.0,8993,RECEIVES_REQUEST,[]
17,3,1431454100.0,9008,ACCEPTS_REQUEST,[]
18,3,1431454100.0,9028,IS_ACCEPTED_BY_TRAVELLER,[]
19,3,44975073.0,9038,ARRIVES_AT_PICKUP,[]
20,3,44975073.0,9038,MEETS_TRAVELLER_AT_PICKUP,[]
21,3,44975073.0,9068,DEPARTS_FROM_PICKUP,[12]
22,3,44991820.0,9274,ARRIVES_AT_DROPOFF,[12]
23,3,44991820.0,10193,RECEIVES_REQUEST,[]
24,3,44991820.0,10208,ACCEPTS_REQUEST,[]
25,3,44991820.0,10228,IS_ACCEPTED_BY_TRAVELLER,[]
26,3,45013245.0,10288,ARRIVES_AT_PICKUP,[]
27,3,45013245.0,10288,MEETS_TRAVELLER_AT_PICKUP,[]
28,3,45013245.0,10318,DEPARTS_FROM_PICKUP,[14]
29,3,5040974840.0,10424,ARRIVES_AT_DROPOFF,[14]
30,3,5040974840.0,10955,RECEIVES_REQUEST,[]
31,3,5040974840.0,10970,ACCEPTS_REQUEST,[]
32,3,5040974840.0,10990,IS_ACCEPTED_BY_TRAVELLER,[]
33,3,45029511.0,11069,ARRIVES_AT_PICKUP,[]
34,3,45029511.0,11069,MEETS_TRAVELLER_AT_PICKUP,[]
35,3,45029511.0,11099,DEPARTS_FROM_PICKUP,[17]
36,3,550501382.0,11308,ARRIVES_AT_DROPOFF,[17]
37,3,550501382.0,21599,ENDS_SHIFT,[]
0,4,44976031.0,0,STARTS_DAY,[]
1,4,44976031.0,0,OPENS_APP,[]
2,4,44976031.0,7042,RECEIVES_REQUEST,[]
3,4,44976031.0,7057,ACCEPTS_REQUEST,[]
4,4,44976031.0,7077,IS_ACCEPTED_BY_TRAVELLER,[]
5,4,500965113.0,7131,ARRIVES_AT_PICKUP,[]
6,4,500965113.0,7131,MEETS_TRAVELLER_AT_PICKUP,[]
7,4,500965113.0,7161,DEPARTS_FROM_PICKUP,[9]
8,4,515753071.0,7274,ARRIVES_AT_DROPOFF,[9]
9,4,515753071.0,10866,RECEIVES_REQUEST,[]
10,4,515753071.0,10881,ACCEPTS_REQUEST,[]
11,4,515753071.0,10901,IS_ACCEPTED_BY_TRAVELLER,[]
12,4,44985737.0,10981,ARRIVES_AT_PICKUP,[]
13,4,44985737.0,10981,MEETS_TRAVELLER_AT_PICKUP,[]
14,4,44985737.0,11011,DEPARTS_FROM_PICKUP,[16]
15,4,1430378821.0,11133,ARRIVES_AT_DROPOFF,[16]
16,4,1430378821.0,21599,ENDS_SHIFT,[]
0,5,522125185.0,0,STARTS_DAY,[]
1,5,522125185.0,0,OPENS_APP,[]
2,5,522125185.0,315,RECEIVES_REQUEST,[]
3,5,522125185.0,330,ACCEPTS_REQUEST,[]
4,5,522125185.0,350,IS_ACCEPTED_BY_TRAVELLER,[]
5,5,45028719.0,421,ARRIVES_AT_PICKUP,[]
6,5,45028719.0,421,MEETS_TRAVELLER_AT_PICKUP,[]
7,5,45028719.0,451,DEPARTS_FROM_PICKUP,[1]
8,5,44996083.0,769,ARRIVES_AT_DROPOFF,[1]
9,5,44996083.0,5745,RECEIVES_REQUEST,[]
10,5,44996083.0,5760,ACCEPTS_REQUEST,[]
11,5,44996083.0,5780,IS_ACCEPTED_BY_TRAVELLER,[]
12,5,493799182.0,5885,ARRIVES_AT_PICKUP,[]
13,5,493799182.0,5885,MEETS_TRAVELLER_AT_PICKUP,[]
14,5,493799182.0,5915,DEPARTS_FROM_PICKUP,[5]
15,5,44980813.0,6106,ARRIVES_AT_DROPOFF,[5]
16,5,44980813.0,6434,RECEIVES_REQUEST,[]
17,5,44980813.0,6449,ACCEPTS_REQUEST,[]
18,5,44980813.0,6469,IS_ACCEPTED_BY_TRAVELLER,[]
19,5,44987841.0,6474,ARRIVES_AT_PICKUP,[]
20,5,44987841.0,6474,MEETS_TRAVELLER_AT_PICKUP,[]
21,5,44987841.0,6504,DEPARTS_FROM_PICKUP,[7]
22,5,493799170.0,6725,ARRIVES_AT_DROPOFF,[7]
23,5,493799170.0,8227,RECEIVES_REQUEST,[]
24,5,493799170.0,8242,ACCEPTS_REQUEST,[]
25,5,493799170.0,8262,IS_ACCEPTED_BY_TRAVELLER,[]
26,5,411012808.0,8321,ARRIVES_AT_PICKUP,[]
27,5,411012808.0,8321,MEETS_TRAVELLER_AT_PICKUP,[]
28,5,411012808.0,8351,DEPARTS_FROM_PICKUP,[10]
29,5,550501481.0,8700,ARRIVES_AT_DROPOFF,[10]
30,5,550501481.0,9087,RECEIVES_REQUEST,[]
31,5,550501481.0,9102,ACCEPTS_REQUEST,[]
32,5,550501481.0,9122,IS_ACCEPTED_BY_TRAVELLER,[]
33,5,2045356979.0,9288,ARRIVES_AT_PICKUP,[]
34,5,2045356979.0,9288,MEETS_TRAVELLER_AT_PICKUP,[]
35,5,2045356979.0,9318,DEPARTS_FROM_PICKUP,[13]
36,5,45003905.0,9556,ARRIVES_AT_DROPOFF,[13]
37,5,45003905.0,10203,RECEIVES_REQUEST,[]
38,5,45003905.0,10218,ACCEPTS_REQUEST,[]
39,5,45003905.0,10238,IS_ACCEPTED_BY_TRAVELLER,[]
40,5,4290089790.0,10305,ARRIVES_AT_PICKUP,[]
41,5,4290089790.0,10305,MEETS_TRAVELLER_AT_PICKUP,[]
42,5,4290089790.0,10335,DEPARTS_FROM_PICKUP,[15]
43,5,45017204.0,10493,ARRIVES_AT_DROPOFF,[15]
44,5,45017204.0,13528,RECEIVES_REQUEST,[]
45,5,45017204.0,13543,ACCEPTS_REQUEST,[]
46,5,45017204.0,13563,IS_ACCEPTED_BY_TRAVELLER,[]
47,5,45034828.0,13687,ARRIVES_AT_PICKUP,[]
48,5,45034828.0,13687,MEETS_TRAVELLER_AT_PICKUP,[]
49,5,45034828.0,13717,DEPARTS_FROM_PICKUP,[19]
50,5,44986213.0,13914,ARRIVES_AT_DROPOFF,[19]
51,5,44986213.0,21599,ENDS_SHIFT,[]
