,pax,pos,t,event,veh_id
0,0,1590515655,0,STARTS_DAY,
1,0,1590515655,0,REQUESTS_RIDE,
2,0,1590515655,0,RECEIVES_OFFER,
3,0,1590515655,15,ACCEPTS_OFFER,
4,0,1590515655,35,ARRIVES_AT_PICKUP,1.0
5,0,1590515655,323,MEETS_DRIVER_AT_PICKUP,1.0
6,0,1590515655,353,DEPARTS_FROM_PICKUP,1.0
7,0,1402824249,448,ARRIVES_AT_DROPOFF,1.0
8,0,1402824249,458,SETS_OFF_FOR_DEST,
9,0,1402824249,458,ARRIVES_AT_DEST,
0,1,45028719,0,STARTS_DAY,
1,1,45028719,315,REQUESTS_RIDE,
2,1,45028719,315,RECEIVES_OFFER,
3,1,45028719,330,ACCEPTS_OFFER,
4,1,45028719,350,ARRIVES_AT_PICKUP,5.0
5,1,45028719,421,MEETS_DRIVER_AT_PICKUP,5.0
6,1,45028719,451,DEPARTS_FROM_PICKUP,5.0
7,1,44996083,769,ARRIVES_AT_DROPOFF,5.0
8,1,44996083,779,SETS_OFF_FOR_DEST,
9,1,44996083,779,ARRIVES_AT_DEST,
0,2,44985737,0,STARTS_DAY,
1,2,44985737,656,REQUESTS_RIDE,
2,2,44985737,656,RECEIVES_OFFER,
3,2,44985737,671,ACCEPTS_OFFER,
4,2,44985737,691,ARRIVES_AT_PICKUP,1.0
5,2,44985737,739,MEETS_DRIVER_AT_PICKUP,1.0
6,2,44985737,769,DEPARTS_FROM_PICKUP,1.0
7,2,45001822,891,ARRIVES_AT_DROPOFF,1.0
8,2,45001822,901,SETS_OFF_FOR_DEST,
9,2,45001822,901,ARRIVES_AT_DEST,
0,3,514022771,0,STARTS_DAY,
1,3,514022771,4571,REQUESTS_RIDE,
2,3,514022771,4571,RECEIVES_OFFER,
3,3,514022771,4586,ACCEPTS_OFFER,
4,3,514022771,4606,ARRIVES_AT_PICKUP,2.0
5,3,514022771,4646,MEETS_DRIVER_AT_PICKUP,2.0
6,3,514022771,4676,DEPARTS_FROM_PICKUP,2.0
7,3,45000375,4757,ARRIVES_AT_DROPOFF,2.0
8,3,45000375,4767,SETS_OFF_FOR_DEST,
9,3,45000375,4767,ARRIVES_AT_DEST,
0,4,2802457954,0,STARTS_DAY,
1,4,2802457954,5024,REQUESTS_RIDE,
2,4,2802457954,5024,RECEIVES_OFFER,
3,4,2802457954,5039,ACCEPTS_OFFER,
4,4,2802457954,5059,ARRIVES_AT_PICKUP,3.0
5,4,2802457954,5152,MEETS_DRIVER_AT_PICKUP,3.0
6,4,2802457954,5182,DEPARTS_FROM_PICKUP,3.0
7,4,44987282,5405,ARRIVES_AT_DROPOFF,3.0
8,4,44987282,5415,SETS_OFF_FOR_DEST,
9,4,44987282,5415,ARRIVES_AT_DEST,
0,5,493799182,0,STARTS_DAY,
1,5,493799182,5745,REQUESTS_RIDE,
2,5,493799182,5745,RECEIVES_OFFER,
3,5,493799182,5760,ACCEPTS_OFFER,
4,5,493799182,5780,ARRIVES_AT_PICKUP,5.0
5,5,493799182,5885,MEETS_DRIVER_AT_PICKUP,5.0
6,5,493799182,5915,DEPARTS_FROM_PICKUP,5.0
7,5,44980813,6106,ARRIVES_AT_DROPOFF,5.0
8,5,44980813,6116,SETS_OFF_FOR_DEST,
9,5,44980813,6116,ARRIVES_AT_DEST,
0,6,44995668,0,STARTS_DAY,
1,6,44995668,6256,REQUESTS_RIDE,
2,6,44995668,6256,RECEIVES_OFFER,
3,6,44995668,6271,ACCEPTS_OFFER,
4,6,44995668,6291,ARRIVES_AT_PICKUP,2.0
5,6,44995668,6291,MEETS_DRIVER_AT_PICKUP,2.0
6,6,44995668,6321,DEPARTS_FROM_PICKUP,2.0
7,6,44996087,6467,ARRIVES_AT_DROPOFF,2.0
8,6,44996087,6477,SETS_OFF_FOR_DEST,
9,6,44996087,6477,ARRIVES_AT_DEST,
0,7,44987841,0,STARTS_DAY,
1,7,44987841,6434,REQUESTS_RIDE,
2,7,44987841,6434,RECEIVES_OFFER,
3,7,44987841,6449,ACCEPTS_OFFER,
4,7,44987841,6469,ARRIVES_AT_PICKUP,5.0
5,7,44987841,6474,MEETS_DRIVER_AT_PICKUP,5.0
6,7,44987841,6504,DEPARTS_FROM_PICKUP,5.0
7,7,493799170,6725,ARRIVES_AT_DROPOFF,5.0
8,7,493799170,6735,SETS_OFF_FOR_DEST,
9,7,493799170,6735,ARRIVES_AT_DEST,
0,8,1454319183,0,STARTS_DAY,
1,8,1454319183,7034,REQUESTS_RIDE,
2,8,1454319183,7034,RECEIVES_OFFER,
3,8,1454319183,7049,ACCEPTS_OFFER,
4,8,1454319183,7069,ARRIVES_AT_PICKUP,3.0
5,8,1454319183,7293,MEETS_DRIVER_AT_PICKUP,3.0
6,8,1454319183,7323,DEPARTS_FROM_PICKUP,3.0
7,8,1431454100,7697,ARRIVES_AT_DROPOFF,3.0
8,8,1431454100,7707,SETS_OFF_FOR_DEST,
9,8,1431454100,7707,ARRIVES_AT_DEST,
0,9,500965113,0,STARTS_DAY,
1,9,500965113,7042,REQUESTS_RIDE,
2,9,500965113,7042,RECEIVES_OFFER,
3,9,500965113,7057,ACCEPTS_OFFER,
4,9,500965113,7077,ARRIVES_AT_PICKUP,4.0
5,9,500965113,7131,MEETS_DRIVER_AT_PICKUP,4.0
6,9,500965113,7161,DEPARTS_FROM_PICKUP,4.0
7,9,515753071,7274,ARRIVES_AT_DROPOFF,4.0
8,9,515753071,7284,SETS_OFF_FOR_DEST,
9,9,515753071,7284,ARRIVES_AT_DEST,
0,10,411012808,0,STARTS_DAY,
1,10,411012808,8227,REQUESTS_RIDE,
2,10,411012808,8227,RECEIVES_OFFER,
3,10,411012808,8242,ACCEPTS_OFFER,
4,10,411012808,8262,ARRIVES_AT_PICKUP,5.0
5,10,411012808,8321,MEETS_DRIVER_AT_PICKUP,5.0
6,10,411012808,8351,DEPARTS_FROM_PICKUP,5.0
7,10,550501481,8700,ARRIVES_AT_DROPOFF,5.0
8,10,550501481,8710,SETS_OFF_FOR_DEST,
9,10,550501481,8710,ARRIVES_AT_DEST,
0,11,44984375,0,STARTS_DAY,
1,11,44984375,8799,REQUESTS_RIDE,
2,11,44984375,8799,RECEIVES_OFFER,
3,11,44984375,8814,ACCEPTS_OFFER,
4,11,44984375,8834,ARRIVES_AT_PICKUP,2.0
5,11,44984375,8854,MEETS_DRIVER_AT_PICKUP,2.0
6,11,44984375,8884,DEPARTS_FROM_PICKUP,2.0
7,11,1552542887,9028,ARRIVES_AT_DROPOFF,2.0
8,11,1552542887,9038,SETS_OFF_FOR_DEST,
9,11,1552542887,9038,ARRIVES_AT_DEST,
0,12,44975073,0,STARTS_DAY,
1,12,44975073,8993,REQUESTS_RIDE,
2,12,44975073,8993,RECEIVES_OFFER,
3,12,44975073,9008,ACCEPTS_OFFER,
4,12,44975073,9028,ARRIVES_AT_PICKUP,3.0
5,12,44975073,9038,MEETS_DRIVER_AT_PICKUP,3.0
6,12,44975073,9068,DEPARTS_FROM_PICKUP,3.0
7,12,44991820,9274,ARRIVES_AT_DROPOFF,3.0
8,12,44991820,9284,SETS_OFF_FOR_DEST,
9,12,44991820,9284,ARRIVES_AT_DEST,
0,13,2045356979,0,STARTS_DAY,
1,13,2045356979,9087,REQUESTS_RIDE,
2,13,2045356979,9087,RECEIVES_OFFER,
3,13,2045356979,9102,ACCEPTS_OFFER,
4,13,2045356979,9122,ARRIVES_AT_PICKUP,5.0
5,13,2045356979,9288,MEETS_DRIVER_AT_PICKUP,5.0
6,13,2045356979,9318,DEPARTS_FROM_PICKUP,5.0
7,13,45003905,9556,ARRIVES_AT_DROPOFF,5.0
8,13,45003905,9566,SETS_OFF_FOR_DEST,
9,13,45003905,9566,ARRIVES_AT_DEST,
0,14,45013245,0,STARTS_DAY,
1,14,45013245,10193,REQUESTS_RIDE,
2,14,45013245,10193,RECEIVES_OFFER,
3,14,45013245,10208,ACCEPTS_OFFER,
4,14,45013245,10228,ARRIVES_AT_PICKUP,3.0
5,14,45013245,10288,MEETS_DRIVER_AT_PICKUP,3.0
6,14,45013245,10318,DEPARTS_FROM_PICKUP,3.0
7,14,5040974840,10424,ARRIVES_AT_DROPOFF,3.0
8,14,5040974840,10434,SETS_OFF_FOR_DEST,
9,14,5040974840,10434,ARRIVES_AT_DEST,
0,15,4290089790,0,STARTS_DAY,
1,15,4290089790,10203,REQUESTS_RIDE,
2,15,4290089790,10203,RECEIVES_OFFER,
3,15,4290089790,10218,ACCEPTS_OFFER,
4,15,4290089790,10238,ARRIVES_AT_PICKUP,5.0
5,15,4290089790,10305,MEETS_DRIVER_AT_PICKUP,5.0
6,15,4290089790,10335,DEPARTS_FROM_PICKUP,5.0
7,15,45017204,10493,ARRIVES_AT_DROPOFF,5.0
8,15,45017204,10503,SETS_OFF_FOR_DEST,
9,15,45017204,10503,ARRIVES_AT_DEST,
0,16,44985737,0,STARTS_DAY,
1,16,44985737,10866,REQUESTS_RIDE,
2,16,44985737,10866,RECEIVES_OFFER,
3,16,44985737,10881,ACCEPTS_OFFER,
4,16,44985737,10901,ARRIVES_AT_PICKUP,4.0
5,16,44985737,10981,MEETS_DRIVER_AT_PICKUP,4.0
6,16,44985737,11011,DEPARTS_FROM_PICKUP,4.0
7,16,1430378821,11133,ARRIVES_AT_DROPOFF,4.0
8,16,1430378821,11143,SETS_OFF_FOR_DEST,
9,16,1430378821,11143,ARRIVES_AT_DEST,
0,17,45029511,0,STARTS_DAY,
1,17,45029511,10955,REQUESTS_RIDE,
2,17,45029511,10955,RECEIVES_OFFER,
3,17,45029511,10970,ACCEPTS_OFFER,
4,17,45029511,10990,ARRIVES_AT_PICKUP,3.0
5,17,45029511,11069,MEETS_DRIVER_AT_PICKUP,3.0
6,17,45029511,11099,DEPARTS_FROM_PICKUP,3.0
7,17,550501382,11308,ARRIVES_AT_DROPOFF,3.0
8,17,550501382,11318,SETS_OFF_FOR_DEST,
9,17,550501382,11318,ARRIVES_AT_DEST,
0,18,45001819,0,STARTS_DAY,
1,18,45001819,12086,REQUESTS_RIDE,
2,18,45001819,12086,RECEIVES_OFFER,
3,18,45001819,12101,ACCEPTS_OFFER,
4,18,45001819,12121,ARRIVES_AT_PICKUP,1.0
5,18,45001819,12157,MEETS_DRIVER_AT_PICKUP,1.0
6,18,45001819,12187,DEPARTS_FROM_PICKUP,1.0
7,18,44997217,12255,ARRIVES_AT_DROPOFF,1.0
8,18,44997217,12265,SETS_OFF_FOR_DEST,
9,18,44997217,12265,ARRIVES_AT_DEST,
0,19,45034828,0,STARTS_DAY,
1,19,45034828,13528,REQUESTS_RIDE,
2,19,45034828,13528,RECEIVES_OFFER,
3,19,45034828,13543,ACCEPTS_OFFER,
4,19,45034828,13563,ARRIVES_AT_PICKUP,5.0
5,19,45034828,13687,MEETS_DRIVER_AT_PICKUP,5.0
6,19,45034828,13717,DEPARTS_FROM_PICKUP,5.0
7,19,44986213,13914,ARRIVES_AT_DROPOFF,5.0
8,19,44986213,13924,SETS_OFF_FOR_DEST,
9,19,44986213,13924,ARRIVES_AT_DEST,
