veh,nRIDES,nREJECTED,OUT,STARTS_DAY,OPENS_APP,RECEIVES_REQUEST,ACCEPTS_REQUEST,REJECTS_REQUEST,IS_ACCEPTED_BY_TRAVELLER,IS_REJECTED_BY_TRAVELLER,ARRIVES_AT_PICKUP,MEETS_TRAVELLER_AT_PICKUP,DEPARTS_FROM_PICKUP,ARRIVES_AT_DROPOFF,CONTINUES_SHIFT,STARTS_REPOSITIONING,REPOSITIONED,DECIDES_NOT_TO_DRIVE,ENDS_SHIFT,TRAVEL,WAIT,CRUISE,OPERATIONS,IDLE,PAX_KM,REVENUE
1,3,0.0,False,0,0,11403.0,45.0,0,60.0,0,372.0,0,90.0,285.0,0,0,0,0,9344.0,285.0,0,372.0,195.0,8492.0,2.858,2.858
2,3,0.0,False,0,0,8402.0,45.0,0,42.0,0,78.0,0,90.0,371.0,0,0,0,0,12571.0,371.0,0,78.0,177.0,11945.0,3.723,3.723
3,5,0.0,False,0,0,9399.0,75.0,0,100.0,0,466.0,0,150.0,1118.0,0,0,0,0,10291.0,1118.0,0,466.0,325.0,8382.0,11.211,11.211
4,2,0.0,False,0,0,10634.0,30.0,0,40.0,0,134.0,0,60.0,235.0,0,0,0,0,10466.0,235.0,0,134.0,130.0,9967.0,2.359,2.359
5,7,0.0,False,0,0,11190.0,105.0,0,140.0,0,597.0,0,210.0,1672.0,0,0,0,0,7685.0,1672.0,0,597.0,455.0,4961.0,16.739,16.739
