pax,ACCEPTS_OFFER,ARRIVES_AT_DROPOFF,ARRIVES_AT_PICKUP,DEPARTS_FROM_PICKUP,MEETS_DRIVER_AT_PICKUP,REQUESTS_RIDE,SETS_OFF_FOR_DEST,STARTS_DAY,RECEIVES_OFFER,IS_REJECTED_BY_VEHICLE,REJECTS_OFFER,ARRIVES_AT_DEST,PREFERS_OTHER_SERVICE,LOSES_PATIENCE,TRAVEL,WAIT,OPERATIONS
0,15.0,144.0,20.0,30.0,5.0,0.0,10.0,0,0,0,0,0,0,0,144.0,5.0,55.0
1,15.0,160.0,20.0,30.0,62.0,1954.0,10.0,0,0,0,0,0,0,0,160.0,62.0,55.0
2,15.0,264.0,20.0,30.0,17.0,4985.0,10.0,0,0,0,0,0,0,0,264.0,17.0,55.0
3,15.0,156.0,20.0,30.0,56.0,6953.0,10.0,0,0,0,0,0,0,0,156.0,56.0,55.0
4,15.0,125.0,20.0,30.0,66.0,7555.0,10.0,0,0,0,0,0,0,0,125.0,66.0,55.0
