,veh,pos,t,event,paxes
0,1,44980271.0,0,STARTS_DAY,[]
1,1,44980271.0,0,OPENS_APP,[]
2,1,44980271.0,0,RECEIVES_REQUEST,[]
3,1,44980271.0,15,ACCEPTS_REQUEST,[]
4,1,44980271.0,35,IS_ACCEPTED_BY_TRAVELLER,[]
5,1,515739010.0,40,ARRIVES_AT_PICKUP,[]
6,1,515739010.0,40,MEETS_TRAVELLER_AT_PICKUP,[]
7,1,515739010.0,70,DEPARTS_FROM_PICKUP,[0]
8,1,519520441.0,214,ARRIVES_AT_DROPOFF,[0]
9,1,519520441.0,4985,RECEIVES_REQUEST,[]
10,1,519520441.0,5000,ACCEPTS_REQUEST,[]
11,1,519520441.0,5020,IS_ACCEPTED_BY_TRAVELLER,[]
12,1,510841574.0,5037,ARRIVES_AT_PICKUP,[]
13,1,510841574.0,5037,MEETS_TRAVELLER_AT_PICKUP,[]
14,1,510841574.0,5067,DEPARTS_FROM_PICKUP,[2]
15,1,1432312436.0,5331,ARRIVES_AT_DROPOFF,[2]
16,1,1432312436.0,7555,RECEIVES_REQUEST,[]
17,1,1432312436.0,7570,ACCEPTS_REQUEST,[]
18,1,1432312436.0,7590,IS_ACCEPTED_BY_TRAVELLER,[]
19,1,1432312429.0,7656,ARRIVES_AT_PICKUP,[]
20,1,1432312429.0,7656,MEETS_TRAVELLER_AT_PICKUP,[]
21,1,1432312429.0,7686,DEPARTS_FROM_PICKUP,[4]
22,1,44987834.0,7811,ARRIVES_AT_DROPOFF,[4]
23,1,44987834.0,21599,ENDS_SHIFT,[]
0,2,45009740.0,0,STARTS_DAY,[]
1,2,45009740.0,0,OPENS_APP,[]
2,2,45009740.0,21599,ENDS_SHIFT,[]
0,3,520773599.0,0,STARTS_DAY,[]
1,3,520773599.0,0,OPENS_APP,[]
2,3,520773599.0,1954,RECEIVES_REQUEST,[]
3,3,520773599.0,1969,ACCEPTS_REQUEST,[]
4,3,520773599.0,1989,IS_ACCEPTED_BY_TRAVELLER,[]
5,3,45014110.0,2051,ARRIVES_AT_PICKUP,[]
6,3,45014110.0,2051,MEETS_TRAVELLER_AT_PICKUP,[]
7,3,45014110.0,2081,DEPARTS_FROM_PICKUP,[1]
8,3,45007127.0,2241,ARRIVES_AT_DROPOFF,[1]
9,3,45007127.0,21599,ENDS_SHIFT,[]
0,4,44969496.0,0,STARTS_DAY,[]
1,4,44969496.0,0,OPENS_APP,[]
2,4,44969496.0,21599,ENDS_SHIFT,[]
0,5,1432078770.0,0,STARTS_DAY,[]
1,5,1432078770.0,0,OPENS_APP,[]
2,5,1432078770.0,6953,RECEIVES_REQUEST,[]
3,5,1432078770.0,6968,ACCEPTS_REQUEST,[]
4,5,1432078770.0,6988,IS_ACCEPTED_BY_TRAVELLER,[]
5,5,522125171.0,7044,ARRIVES_AT_PICKUP,[]
6,5,522125171.0,7044,MEETS_TRAVELLER_AT_PICKUP,[]
7,5,522125171.0,7074,DEPARTS_FROM_PICKUP,[3]
8,5,45005552.0,7230,ARRIVES_AT_DROPOFF,[3]
9,5,45005552.0,21599,ENDS_SHIFT,[]
