,pax,pos,t,event,veh_id
0,0,515739010,0,STARTS_DAY,
1,0,515739010,0,REQUESTS_RIDE,
2,0,515739010,0,RECEIVES_OFFER,
3,0,515739010,15,ACCEPTS_OFFER,
4,0,515739010,35,ARRIVES_AT_PICKUP,1.0
5,0,515739010,40,MEETS_DRIVER_AT_PICKUP,1.0
6,0,515739010,70,DEPARTS_FROM_PICKUP,1.0
7,0,519520441,214,ARRIVES_AT_DROPOFF,1.0
8,0,519520441,224,SETS_OFF_FOR_DEST,
9,0,519520441,224,ARRIVES_AT_DEST,
0,1,45014110,0,STARTS_DAY,
1,1,45014110,1954,REQUESTS_RIDE,
2,1,45014110,1954,RECEIVES_OFFER,
3,1,45014110,1969,ACCEPTS_OFFER,
4,1,45014110,1989,ARRIVES_AT_PICKUP,3.0
5,1,45014110,2051,MEETS_DRIVER_AT_PICKUP,3.0
6,1,45014110,2081,DEPARTS_FROM_PICKUP,3.0
7,1,45007127,2241,ARRIVES_AT_DROPOFF,3.0
8,1,45007127,2251,SETS_OFF_FOR_DEST,
9,1,45007127,2251,ARRIVES_AT_DEST,
0,2,510841574,0,STARTS_DAY,
1,2,510841574,4985,REQUESTS_RIDE,
2,2,510841574,4985,RECEIVES_OFFER,
3,2,510841574,5000,ACCEPTS_OFFER,
4,2,510841574,5020,ARRIVES_AT_PICKUP,1.0
5,2,510841574,5037,MEETS_DRIVER_AT_PICKUP,1.0
6,2,510841574,5067,DEPARTS_FROM_PICKUP,1.0
7,2,1432312436,5331,ARRIVES_AT_DROPOFF,1.0
8,2,1432312436,5341,SETS_OFF_FOR_DEST,
9,2,1432312436,5341,ARRIVES_AT_DEST,
0,3,522125171,0,STARTS_DAY,
1,3,522125171,6953,REQUESTS_RIDE,
2,3,522125171,6953,RECEIVES_OFFER,
3,3,522125171,6968,ACCEPTS_OFFER,
4,3,522125171,6988,ARRIVES_AT_PICKUP,5.0
5,3,522125171,7044,MEETS_DRIVER_AT_PICKUP,5.0
6,3,522125171,7074,DEPARTS_FROM_PICKUP,5.0
7,3,45005552,7230,ARRIVES_AT_DROPOFF,5.0
8,3,45005552,7240,SETS_OFF_FOR_DEST,
9,3,45005552,7240,ARRIVES_AT_DEST,
0,4,1432312429,0,STARTS_DAY,
1,4,1432312429,7555,REQUESTS_RIDE,
2,4,1432312429,7555,RECEIVES_OFFER,
3,4,1432312429,7570,ACCEPTS_OFFER,
4,4,1432312429,7590,ARRIVES_AT_PICKUP,1.0
5,4,1432312429,7656,MEETS_DRIVER_AT_PICKUP,1.0
6,4,1432312429,7686,DEPARTS_FROM_PICKUP,1.0
7,4,44987834,7811,ARRIVES_AT_DROPOFF,1.0
8,4,44987834,7821,SETS_OFF_FOR_DEST,
9,4,44987834,7821,ARRIVES_AT_DEST,
