veh,nRIDES,nREJECTED,OUT,STARTS_DAY,OPENS_APP,RECEIVES_REQUEST,ACCEPTS_REQUEST,REJECTS_REQUEST,IS_ACCEPTED_BY_TRAVELLER,IS_REJECTED_BY_TRAVELLER,ARRIVES_AT_PICKUP,MEETS_TRAVELLER_AT_PICKUP,DEPARTS_FROM_PICKUP,ARRIVES_AT_DROPOFF,CONTINUES_SHIFT,STARTS_REPOSITIONING,REPOSITIONED,DECIDES_NOT_TO_DRIVE,ENDS_SHIFT,TRAVEL,WAIT,CRUISE,OPERATIONS,IDLE,PAX_KM,REVENUE
1,3.0,0.0,False,0,0,6995.0,45.0,0,60.0,0,88.0,0,90.0,533.0,0,0,0,0,13788.0,533.0,0,88.0,195.0,12972.0,5.337,5.337
2,0.0,0.0,False,0,0,0.0,0.0,0,0.0,0,0.0,0,0.0,0.0,0,0,0,0,21599.0,0.0,0,0.0,0.0,21599.0,0.0,0.0
3,1.0,0.0,False,0,0,1954.0,15.0,0,20.0,0,62.0,0,30.0,160.0,0,0,0,0,19358.0,160.0,0,62.0,65.0,19071.0,1.609,1.609
4,0.0,0.0,False,0,0,0.0,0.0,0,0.0,0,0.0,0,0.0,0.0,0,0,0,0,21599.0,0.0,0,0.0,0.0,21599.0,0.0,0.0
5,1.0,0.0,False,0,0,6953.0,15.0,0,20.0,0,56.0,0,30.0,156.0,0,0,0,0,14369.0,156.0,0,56.0,65.0,14092.0,1.563,1.563
