pax,ACCEPTS_OFFER,ARRIVES_AT_DROPOFF,ARRIVES_AT_PICKUP,DEPARTS_FROM_PICKUP,MEETS_DRIVER_AT_PICKUP,REQUESTS_RIDE,SETS_OFF_FOR_DEST,STARTS_DAY,RECEIVES_OFFER,IS_REJECTED_BY_VEHICLE,REJECTS_OFFER,ARRIVES_AT_DEST,PREFERS_OTHER_SERVICE,LOSES_PATIENCE,TRAVEL,WAIT,OPERATIONS
0,15.0,79.0,20.0,30.0,84.0,0.0,10.0,0,0,0,0,0,0,0,79.0,84.0,55.0
1,15.0,172.0,20.0,30.0,159.0,1783.0,10.0,0,0,0,0,0,0,0,172.0,159.0,55.0
2,15.0,250.0,20.0,30.0,142.0,4011.0,10.0,0,0,0,0,0,0,0,250.0,142.0,55.0
3,15.0,121.0,20.0,30.0,51.0,8196.0,10.0,0,0,0,0,0,0,0,121.0,51.0,55.0
4,15.0,111.0,20.0,30.0,20.0,9587.0,10.0,0,0,0,0,0,0,0,111.0,20.0,55.0
