,veh,pos,t,event,paxes
0,1,45005552.0,0,STARTS_DAY,[]
1,1,45005552.0,0,OPENS_APP,[]
2,1,45005552.0,0,RECEIVES_REQUEST,[]
3,1,45005552.0,15,ACCEPTS_REQUEST,[]
4,1,45005552.0,35,IS_ACCEPTED_BY_TRAVELLER,[]
5,1,519520441.0,119,ARRIVES_AT_PICKUP,[]
6,1,519520441.0,119,MEETS_TRAVELLER_AT_PICKUP,[]
7,1,519520441.0,149,DEPARTS_FROM_PICKUP,[0]
8,1,45009475.0,228,ARRIVES_AT_DROPOFF,[0]
9,1,45009475.0,1783,RECEIVES_REQUEST,[]
10,1,45009475.0,1798,ACCEPTS_REQUEST,[]
11,1,45009475.0,1818,IS_ACCEPTED_BY_TRAVELLER,[]
12,1,45036680.0,1977,ARRIVES_AT_PICKUP,[]
13,1,45036680.0,1977,MEETS_TRAVELLER_AT_PICKUP,[]
14,1,45036680.0,2007,DEPARTS_FROM_PICKUP,[1]
15,1,45009477.0,2179,ARRIVES_AT_DROPOFF,[1]
16,1,45009477.0,21599,ENDS_SHIFT,[]
0,2,44986752.0,0,STARTS_DAY,[]
1,2,44986752.0,0,OPENS_APP,[]
2,2,44986752.0,4011,RECEIVES_REQUEST,[]
3,2,44986752.0,4026,ACCEPTS_REQUEST,[]
4,2,44986752.0,4046,IS_ACCEPTED_BY_TRAVELLER,[]
5,2,2387651314.0,4188,ARRIVES_AT_PICKUP,[]
6,2,2387651314.0,4188,MEETS_TRAVELLER_AT_PICKUP,[]
7,2,2387651314.0,4218,DEPARTS_FROM_PICKUP,[2]
8,2,1658828039.0,4468,ARRIVES_AT_DROPOFF,[2]
9,2,1658828039.0,21599,ENDS_SHIFT,[]
0,3,44981880.0,0,STARTS_DAY,[]
1,3,44981880.0,0,OPENS_APP,[]
2,3,44981880.0,21599,ENDS_SHIFT,[]
0,4,44999815.0,0,STARTS_DAY,[]
1,4,44999815.0,0,OPENS_APP,[]
2,4,44999815.0,8196,RECEIVES_REQUEST,[]
3,4,44999815.0,8211,ACCEPTS_REQUEST,[]
4,4,44999815.0,8231,IS_ACCEPTED_BY_TRAVELLER,[]
5,4,45022517.0,8282,ARRIVES_AT_PICKUP,[]
6,4,45022517.0,8282,MEETS_TRAVELLER_AT_PICKUP,[]
7,4,45022517.0,8312,DEPARTS_FROM_PICKUP,[3]
8,4,44993509.0,8433,ARRIVES_AT_DROPOFF,[3]
9,4,44993509.0,21599,ENDS_SHIFT,[]
0,5,3445597509.0,0,STARTS_DAY,[]
1,5,3445597509.0,0,OPENS_APP,[]
2,5,3445597509.0,9587,RECEIVES_REQUEST,[]
3,5,3445597509.0,9602,ACCEPTS_REQUEST,[]
4,5,3445597509.0,9622,IS_ACCEPTED_BY_TRAVELLER,[]
5,5,44974254.0,9642,ARRIVES_AT_PICKUP,[]
6,5,44974254.0,9642,MEETS_TRAVELLER_AT_PICKUP,[]
7,5,44974254.0,9672,DEPARTS_FROM_PICKUP,[4]
8,5,45005027.0,9783,ARRIVES_AT_DROPOFF,[4]
9,5,45005027.0,21599,ENDS_SHIFT,[]
