,pax,pos,t,event,veh_id
0,0,519520441,0,STARTS_DAY,
1,0,519520441,0,REQUESTS_RIDE,
2,0,519520441,0,RECEIVES_OFFER,
3,0,519520441,15,ACCEPTS_OFFER,
4,0,519520441,35,ARRIVES_AT_PICKUP,1.0
5,0,519520441,119,MEETS_DRIVER_AT_PICKUP,1.0
6,0,519520441,149,DEPARTS_FROM_PICKUP,1.0
7,0,45009475,228,ARRIVES_AT_DROPOFF,1.0
8,0,45009475,238,SETS_OFF_FOR_DEST,
9,0,45009475,238,ARRIVES_AT_DEST,
0,1,45036680,0,STARTS_DAY,
1,1,45036680,1783,REQUESTS_RIDE,
2,1,45036680,1783,RECEIVES_OFFER,
3,1,45036680,1798,ACCEPTS_OFFER,
4,1,45036680,1818,ARRIVES_AT_PICKUP,1.0
5,1,45036680,1977,MEETS_DRIVER_AT_PICKUP,1.0
6,1,45036680,2007,DEPARTS_FROM_PICKUP,1.0
7,1,45009477,2179,ARRIVES_AT_DROPOFF,1.0
8,1,45009477,2189,SETS_OFF_FOR_DEST,
9,1,45009477,2189,ARRIVES_AT_DEST,
0,2,2387651314,0,STARTS_DAY,
1,2,2387651314,4011,REQUESTS_RIDE,
2,2,2387651314,4011,RECEIVES_OFFER,
3,2,2387651314,4026,ACCEPTS_OFFER,
4,2,2387651314,4046,ARRIVES_AT_PICKUP,2.0
5,2,2387651314,4188,MEETS_DRIVER_AT_PICKUP,2.0
6,2,2387651314,4218,DEPARTS_FROM_PICKUP,2.0
7,2,1658828039,4468,ARRIVES_AT_DROPOFF,2.0
8,2,1658828039,4478,SETS_OFF_FOR_DEST,
9,2,1658828039,4478,ARRIVES_AT_DEST,
0,3,45022517,0,STARTS_DAY,
1,3,45022517,8196,REQUESTS_RIDE,
2,3,45022517,8196,RECEIVES_OFFER,
3,3,45022517,8211,ACCEPTS_OFFER,
4,3,45022517,8231,ARRIVES_AT_PICKUP,4.0
5,3,45022517,8282,MEETS_DRIVER_AT_PICKUP,4.0
6,3,45022517,8312,DEPARTS_FROM_PICKUP,4.0
7,3,44993509,8433,ARRIVES_AT_DROPOFF,4.0
8,3,44993509,8443,SETS_OFF_FOR_DEST,
9,3,44993509,8443,ARRIVES_AT_DEST,
0,4,44974254,0,STARTS_DAY,
1,4,44974254,9587,REQUESTS_RIDE,
2,4,44974254,9587,RECEIVES_OFFER,
3,4,44974254,9602,ACCEPTS_OFFER,
4,4,44974254,9622,ARRIVES_AT_PICKUP,5.0
5,4,44974254,9642,MEETS_DRIVER_AT_PICKUP,5.0
6,4,44974254,9672,DEPARTS_FROM_PICKUP,5.0
7,4,45005027,9783,ARRIVES_AT_DROPOFF,5.0
8,4,45005027,9793,SETS_OFF_FOR_DEST,
9,4,45005027,9793,ARRIVES_AT_DEST,
