veh,nRIDES,nREJECTED,OUT,STARTS_DAY,OPENS_APP,RECEIVES_REQUEST,ACCEPTS_REQUEST,REJECTS_REQUEST,IS_ACCEPTED_BY_TRAVELLER,IS_REJECTED_BY_TRAVELLER,ARRIVES_AT_PICKUP,MEETS_TRAVELLER_AT_PICKUP,DEPARTS_FROM_PICKUP,ARRIVES_AT_DROPOFF,CONTINUES_SHIFT,STARTS_REPOSITIONING,REPOSITIONED,DECIDES_NOT_TO_DRIVE,ENDS_SHIFT,TRAVEL,WAIT,CRUISE,OPERATIONS,IDLE,PAX_KM,REVENUE
1,2.0,0.0,False,0,0,1555.0,30.0,0,40.0,0,243.0,0,60.0,251.0,0,0,0,0,19420.0,251.0,0,243.0,130.0,18796.0,2.518,2.518
2,1.0,0.0,False,0,0,4011.0,15.0,0,20.0,0,142.0,0,30.0,250.0,0,0,0,0,17131.0,250.0,0,142.0,65.0,16674.0,2.502,2.502
3,0.0,0.0,False,0,0,0.0,0.0,0,0.0,0,0.0,0,0.0,0.0,0,0,0,0,21599.0,0.0,0,0.0,0.0,21599.0,0.0,0.0
4,1.0,0.0,False,0,0,8196.0,15.0,0,20.0,0,51.0,0,30.0,121.0,0,0,0,0,13166.0,121.0,0,51.0,65.0,12929.0,1.214,1.214
5,1.0,0.0,False,0,0,9587.0,15.0,0,20.0,0,20.0,0,30.0,111.0,0,0,0,0,11816.0,111.0,0,20.0,65.0,11620.0,1.114,1.114
