,P_WOM_U,P_MARKETING_U,P_EXPERIENCE_U,P_SHARE,V_WOM_U,V_MARKETING_U,V_EXPERIENCE_U,V_SHARE
0,0.010000000000000163,0.011646476351982274,0.010000000000000163,0.0,0.010000000000000007,0.01164647635198195,0.010000000000000007,0.0
1,0.010000350735376437,0.013547090682313443,0.010030122489127867,0.014,0.010000407831832868,0.013656006958748365,0.010023041246028175,0.01
2,0.010001141167686321,0.015663961614521084,0.010110405965719077,0.016,0.010001060362765445,0.016020712065328534,0.010023041246028175,0.035
3,0.010002145256830304,0.01828674457693547,0.010180518556930016,0.0265,0.010001629385683606,0.017909224587166803,0.010056675021896545,0.02
4,0.010004013563447298,0.021167099595724045,0.010421188741137158,0.0415,0.010003723471910364,0.020039773278861396,0.010199529801784308,0.045
5,0.010006793308404286,0.024259984518705785,0.010647673864800694,0.0465,0.010006107033230429,0.02312270714003978,0.010442056350086312,0.04
6,0.01001014806877837,0.02794614023387224,0.010914208080155132,0.045,0.010009245603232665,0.026213520756188897,0.010558111618935264,0.06
7,0.010014377143381109,0.032060956929773,0.011106844484158407,0.0515,0.010012894215296424,0.029780526957079924,0.010997983424876226,0.04
8,0.01002004430045765,0.036564668554844804,0.011556363613429575,0.061,0.01001937187531768,0.033694827902813966,0.011131547967856713,0.07
9,0.010028476082575581,0.040699105124542806,0.011856264968124822,0.0775,0.010028300746937523,0.03844049593310364,0.011999856752631832,0.045
10,0.01003644361875427,0.04589900084852641,0.012299724293300014,0.068,0.01003860481358372,0.04306514587846518,0.012590359875771123,0.065
11,0.010047317937145679,0.051158036974602486,0.012917918680335394,0.0765,0.01004968839093185,0.04973503061943362,0.012811840557366526,0.09
12,0.010059112244220679,0.05709462159509004,0.01356354454109192,0.0695,0.01006146413872046,0.05433632966701712,0.01282609929377932,0.085
13,0.010073371128465953,0.0627763536030609,0.014489531264705341,0.0755,0.010071341298298737,0.060503283874093795,0.012659497319905486,0.115
14,0.010089281305547535,0.06932061890629691,0.01475892590407639,0.0775,0.010087333218032396,0.06754255900433048,0.01351940080798455,0.04
15,0.010106898595469106,0.07612673519641984,0.015243177928854074,0.0835,0.010105094199878473,0.07491211411611594,0.01430453177824107,0.07
16,0.010127426904504017,0.08272085699796411,0.01575303480020904,0.0755,0.010127869390257926,0.08223437925481321,0.015048090932730396,0.055
17,0.010147965227418149,0.09017246335430816,0.01638704741810342,0.0835,0.010146608917770836,0.08932882411310869,0.016666323838401872,0.055
18,0.010172117290932496,0.09778891482026235,0.017186546168813086,0.083,0.01017610460373137,0.09625158587306118,0.01725623549967015,0.08
19,0.01019863657194137,0.10529074198970127,0.017644245002351188,0.083,0.010199562785839077,0.10408397060053616,0.017967216531555683,0.065
20,0.0102268233891624,0.11338641347985255,0.01882818855912168,0.0865,0.01023080858201359,0.11050997574076335,0.01882897763849253,0.095
21,0.010258487473167913,0.12223517179191522,0.01975103155545944,0.0855,0.010269956638273346,0.11830055370923176,0.019566793220125025,0.08
22,0.010292526808601292,0.13164464901048337,0.020936973864340434,0.0845,0.010309398340280678,0.12757672259086958,0.020543805613368788,0.085
23,0.010333452406618359,0.14125956395518308,0.021901240326827453,0.0875,0.010346268468031675,0.1355292724828705,0.021852774252346493,0.075
24,0.010373207301852408,0.15051957937208518,0.02362545514254083,0.0865,0.010383634090645365,0.14442632778938452,0.022313206645632105,0.105
25,0.010424263348885859,0.1607425009510262,0.025417803256394148,0.0935,0.010421104552525661,0.15628349597152136,0.022590166569432107,0.1
26,0.010473466237390344,0.17087979047491283,0.027250716050047193,0.0895,0.010461050172989093,0.16449594971707499,0.022644671322977535,0.11
27,0.010530536048203903,0.1811247745888242,0.028868462375076853,0.095,0.010508382425248692,0.17533594233836627,0.02322691217099825,0.1
28,0.010608631057468346,0.19188651853421182,0.029890502650033637,0.0875,0.01057516538528036,0.18508377013164584,0.026776004916378014,0.055
29,0.01066916423298447,0.20260293183459024,0.032587348390459125,0.105,0.010641076321443186,0.19691949239994094,0.029933881522826312,0.1
30,0.010740512792682528,0.21347045649454288,0.03433972717466428,0.0885,0.010701808569822408,0.21025782034469984,0.03079367357384845,0.085
31,0.010818742318606868,0.22465862918204377,0.03747227880609903,0.1115,0.010748233373862057,0.22129801341838495,0.033522748417055374,0.115
32,0.010903023018185163,0.23595788622796995,0.03970161345839319,0.0995,0.010845796534931007,0.23125700809222166,0.03530609150159659,0.085
33,0.010993885466123466,0.2473405951881484,0.041089779923484185,0.1045,0.010915715041063178,0.24398051378010902,0.03810082380270123,0.06
34,0.011097825624137901,0.2584377020671302,0.04431468504817459,0.1075,0.011012398437291212,0.25631873067642147,0.04023878901952145,0.105
35,0.011210426332265664,0.26972854515149486,0.04709883688544421,0.106,0.011180333789711266,0.2672687814527134,0.044100559978145944,0.09
36,0.011337144424893635,0.2814220261076281,0.05016252308194226,0.108,0.011352344292482452,0.28000824984036066,0.048257747201989484,0.09
37,0.011444437885975297,0.29302785674984944,0.05534583880188577,0.1105,0.011534482269403306,0.28997247644259067,0.04886443421638134,0.135
38,0.011580170614686336,0.3046509682905013,0.05993091971857118,0.11,0.011646448631549358,0.3011916951854289,0.05164330621357653,0.105
39,0.011718862453654465,0.3167513501146652,0.06437812597860855,0.1145,0.01176697917852123,0.3133713267657215,0.05327364639713844,0.115
40,0.01188758768627758,0.3283448861099611,0.06802823444739986,0.111,0.011883356056961381,0.3255557729182356,0.05518331187986644,0.105
41,0.012072922965294958,0.3402469628031628,0.07095900141631861,0.127,0.012008873318127467,0.3366183883600072,0.06142523430912633,0.08
42,0.012275019094142112,0.35143995528296756,0.07434417568872845,0.1205,0.012253279140890123,0.34934081762559294,0.0676582060431255,0.11
43,0.012468050403685609,0.36262211004316686,0.08002158698500929,0.1395,0.012402900193099246,0.3599969374001575,0.07094974727622037,0.13
44,0.012674357384508145,0.37398759884573524,0.08437162400260609,0.121,0.012530165671544661,0.3708929475720399,0.07621498937520571,0.115
45,0.012919616828864507,0.3850959650874253,0.08657436539826877,0.1385,0.012725650328150637,0.3804369980783486,0.08498658875209149,0.085
46,0.013157796491835183,0.3960711521479509,0.09389437571423707,0.1395,0.013006278685027456,0.3922805348258329,0.09097668152360537,0.14
47,0.013462198469037909,0.4077329192114449,0.10064806785899283,0.14,0.013263675892236313,0.40398749829044645,0.09226081759200389,0.165
48,0.013794191665272574,0.4185921807697124,0.10705239525319583,0.151,0.013578487183169926,0.4139254513152862,0.09864124226850647,0.15
49,0.014104027991119584,0.4292883763290207,0.11066871237949488,0.155,0.013823858034628383,0.4247367173387868,0.10981859708018041,0.11
50,0.014452996638630719,0.44025868832222603,0.11886387408845721,0.146,0.014122261857396026,0.435148985202112,0.1081990889631854,0.195
51,0.014819375742419425,0.4507024343600464,0.12596758497926608,0.154,0.014628554695320657,0.44757129150289626,0.11205284397219387,0.16
52,0.015265851988959293,0.4607524677243799,0.13144097540647193,0.168,0.014953945661612176,0.45734645780348837,0.12305960596894515,0.145
53,0.015702441934444384,0.4710262772840885,0.1369894156558095,0.1795,0.015193867752701545,0.4677085389782796,0.13314328674584783,0.15
54,0.01613448369092611,0.4811123793529043,0.1401981692015062,0.179,0.015592627692614033,0.4780367355604638,0.14528749848454076,0.13
55,0.016669258147008235,0.4909813210995006,0.14796530775762218,0.1645,0.01605078476540628,0.4871964381325735,0.14787327763915925,0.18
56,0.017167640700092877,0.5015354786619478,0.15582564367065854,0.1735,0.016449289143224705,0.4981889810982535,0.15527879624855603,0.18
57,0.017723083565648733,0.5113987167378571,0.16445824609888499,0.1855,0.016937260279250913,0.5076987176851658,0.16773198379523888,0.165
58,0.018282498484060813,0.5215741237627798,0.17329583952289246,0.182,0.017564396400292302,0.5174060583537455,0.16852386901900157,0.22
59,0.018941496006021505,0.531080291657746,0.1772660083176,0.206,0.018186396155426096,0.5277253924849121,0.18320356820244707,0.145
60,0.019691486776478462,0.54033192824458,0.18729533768476095,0.2065,0.019068052125583716,0.5361018838470717,0.18893975655699374,0.23
61,0.020450250789202335,0.5489328995053178,0.19628238036840523,0.213,0.0198831328769277,0.5442633733942693,0.2005131052079265,0.18
62,0.021170659571782387,0.5580336436889679,0.2050032761859495,0.217,0.020579509374445124,0.5527040725363098,0.21206700325026215,0.195
63,0.022007588801513666,0.5665029735760344,0.21638814132911532,0.2275,0.02139846568838623,0.5619575464210365,0.21900547880643517,0.24
64,0.023025242800152546,0.575444039073948,0.22593790348632378,0.239,0.022296785898345717,0.5706757833979776,0.23346548925132027,0.225
65,0.023938789095124507,0.5838376688785083,0.2377094762585123,0.248,0.023527892565379984,0.578885323989608,0.24520544962459268,0.245
66,0.024938113260438346,0.5922060544401885,0.24728383093954975,0.242,0.02467826597980811,0.588442641535636,0.25482689867048597,0.235
67,0.026211442795906304,0.6005303105710785,0.257097727137345,0.251,0.026014720182954695,0.5966260860227873,0.26567375827894996,0.24
68,0.027668803691589354,0.6082725944233447,0.26616780750652613,0.262,0.027246465687367282,0.6045692999585244,0.27643882801470465,0.245
69,0.029063184651874806,0.6162636010024548,0.27487964516268154,0.271,0.028349563932467115,0.6131258813600933,0.2872965450946651,0.25
70,0.03067419246419515,0.6233291403568513,0.2845439881816719,0.262,0.029167193790888727,0.6210482092250913,0.2882762101669602,0.31
71,0.032401541270442306,0.6309029475909028,0.29274699175164137,0.271,0.030900875260569595,0.6293222286043625,0.2935055894021826,0.255
72,0.03402978675297274,0.6383110014634795,0.3053761817852757,0.303,0.03229971078339863,0.6336051154267464,0.30721686725644687,0.295
73,0.035722314067585983,0.6451740112108822,0.3166589934505819,0.302,0.03399364521754805,0.6395516370414777,0.31792997474760387,0.305
74,0.03776640091010435,0.6518549549786602,0.3279607356999763,0.309,0.03620483636934604,0.645525042158376,0.3228575281949854,0.325
75,0.03989607123263516,0.6588417840020188,0.33925766456865514,0.338,0.038191926000742754,0.6505589771996929,0.3361659500915596,0.29
76,0.042043134019512485,0.6660345066702853,0.3489942846929911,0.327,0.039452509910937794,0.656300804566448,0.34565584381443765,0.29
77,0.04424294020211277,0.6724710462856035,0.3591460469692233,0.3265,0.0414638273270914,0.6631597800220683,0.3552043521949213,0.33
78,0.04687117669889788,0.6791228621561713,0.3677806394010401,0.339,0.043664085922949576,0.6676934810243818,0.3683059911056199,0.29
79,0.04959728883100364,0.6851068334718962,0.3779067512633623,0.352,0.04656485965359145,0.6748693932064426,0.3814084244669895,0.335
80,0.0527551168682799,0.6912585036978343,0.3872814363029023,0.3565,0.04930974383434833,0.6822907917462847,0.3928791543966479,0.375
81,0.055596979620893106,0.6977242164369164,0.397531218551216,0.384,0.05181813682334552,0.687760987259792,0.40631446258243303,0.33
82,0.05874913268257937,0.7033712923482376,0.4069691642593384,0.375,0.05470214874761213,0.6915709318177029,0.42328449239554394,0.325
83,0.062126832077820715,0.7089667288051436,0.416586749521587,0.387,0.05834686954790024,0.6987966361867568,0.43737490635834725,0.35
84,0.0658800032785844,0.7145148643452366,0.4265932034029469,0.3985,0.06173098760973029,0.7024249438319353,0.4472303300193652,0.37
85,0.06944198310403103,0.7197382424793227,0.43611452678854373,0.3875,0.06667109996359641,0.7071471020029623,0.4599660109730308,0.405
86,0.07372002706634147,0.7254092234914234,0.4455786661676999,0.404,0.07235026325909161,0.7113253529859196,0.4722296246812953,0.415
87,0.07837865689771259,0.7303039513950577,0.4555113803071031,0.4165,0.07595948919946753,0.7167367390638387,0.4823267597435689,0.45
88,0.08333656923791706,0.7354617717865094,0.4638835819098774,0.4285,0.08004776300514711,0.7217586242197449,0.49170220649450264,0.41
89,0.08889639483689266,0.7405546463228333,0.4720342273205237,0.429,0.08852801503838816,0.730012329095777,0.5034345383163416,0.43
90,0.09456462250399617,0.7450507616235922,0.48012320522201596,0.437,0.09476789219774621,0.7351064764657638,0.5121904183127107,0.44
91,0.10025436712085789,0.7497326584259062,0.489918436490322,0.458,0.10024467813749537,0.7386868989618992,0.5179394555853397,0.49
92,0.10613086707798228,0.7542354743869184,0.4980825449596438,0.466,0.10769238795716023,0.7439366676774575,0.5316942970378166,0.465
93,0.11264879679993081,0.7581787207859023,0.505657567555778,0.4535,0.11438843457556779,0.748466735938866,0.5447450344162298,0.445
94,0.11892817435815747,0.7626725180841457,0.5135163009641469,0.472,0.12011005778734456,0.753849068629713,0.553292529169466,0.47
95,0.1259914388655937,0.7671719018004564,0.5206727625739489,0.4545,0.1293001592339484,0.758762787329872,0.5523165744843102,0.535
96,0.13357782716362554,0.7715266564261842,0.5281772589687667,0.46,0.1349514299913473,0.7641998135868513,0.555606263800973,0.48
97,0.14134951029298323,0.7755478737401981,0.5349030293502935,0.4705,0.13952499686737266,0.7672507294264176,0.557396326293293,0.515
98,0.14931010157680075,0.7793887437423482,0.5413212207777276,0.483,0.1451415450076405,0.7707075951987877,0.5666355382119356,0.485
99,0.1570948227868412,0.7834176808521509,0.5469493424596137,0.4845,0.1532988282198421,0.7743839911828829,0.5774191775258882,0.465
100,0.1644717344582741,0.7834176808521509,0.5470028223417295,0.497,0.16190788415563545,0.7743839911828829,0.580416961815226,0.525
101,0.17157645518113193,0.7834176808521509,0.5473114815031549,0.501,0.17156496090711715,0.7743839911828829,0.586419253875009,0.53
102,0.18027079497672693,0.7834176808521509,0.546564910085473,0.5045,0.18173882476979,0.7743839911828829,0.5916427472346338,0.54
103,0.18794549595345797,0.7834176808521509,0.5465307702723597,0.5,0.18891804514860858,0.7743839911828829,0.603334839151744,0.515
104,0.19545713159775674,0.7834176808521509,0.5457619901127356,0.519,0.19987556683717103,0.7743839911828829,0.6113986600345029,0.505
105,0.20443195627488964,0.7834176808521509,0.5453021544662718,0.504,0.21149147663151296,0.7743839911828829,0.6158039241719717,0.575
106,0.2127645596550574,0.7834176808521509,0.5461166418528595,0.491,0.22279146341555214,0.7743839911828829,0.6162544763291258,0.555
107,0.2206663512457646,0.7834176808521509,0.5463123809062903,0.507,0.23230585243024748,0.7743839911828829,0.6194569719498753,0.54
108,0.22896730175062552,0.7834176808521509,0.5470232956583654,0.5115,0.24174161125771762,0.7743839911828829,0.6165409757000389,0.605
109,0.2371217752643609,0.7834176808521509,0.5474989815112136,0.518,0.2510110087653897,0.7743839911828829,0.6188816060834196,0.58
110,0.2457283868665019,0.7834176808521509,0.5478189095902982,0.5025,0.26317613881384416,0.7743839911828829,0.6236993767970515,0.55
111,0.2536952180898434,0.7834176808521509,0.547863051478042,0.509,0.2754402935107256,0.7743839911828829,0.6239924005010746,0.575
112,0.26126703774291915,0.7834176808521509,0.5477141826859875,0.5305,0.2880765580969631,0.7743839911828829,0.6301575546810381,0.535
113,0.26965832730551503,0.7834176808521509,0.5476349186175167,0.508,0.29620199421170873,0.7743839911828829,0.6320858651720169,0.56
114,0.27777348638692745,0.7834176808521509,0.5486099817585592,0.5175,0.3058955229251218,0.7743839911828829,0.628449722548603,0.625
115,0.2847654896609205,0.7834176808521509,0.5492901715790809,0.5235,0.31057424857008464,0.7743839911828829,0.6323552145794616,0.58
116,0.2917426033828184,0.7834176808521509,0.5491519125169207,0.5235,0.3182835888813849,0.7743839911828829,0.6318188341488702,0.555
117,0.2999151776478692,0.7834176808521509,0.5497434291504828,0.527,0.327131326901857,0.7743839911828829,0.6309980747818037,0.63
118,0.30818930517919735,0.7834176808521509,0.5499848449315895,0.5265,0.33779027502653897,0.7743839911828829,0.6357749992581109,0.565
119,0.3163549727149501,0.7834176808521509,0.550449456484587,0.534,0.34715147618271297,0.7743839911828829,0.6274528328427784,0.65
120,0.32425083128826093,0.7834176808521509,0.550814981382718,0.5365,0.3572822876856949,0.7743839911828829,0.6260348394528993,0.595
121,0.33207895082855393,0.7834176808521509,0.5510504929920798,0.5335,0.3683491166134411,0.7743839911828829,0.6309138592948769,0.58
122,0.3397079420234952,0.7834176808521509,0.5512152846761553,0.521,0.3786549830300615,0.7743839911828829,0.6315731078358435,0.585
123,0.34578788926838283,0.7834176808521509,0.5516338956479615,0.53,0.3857177067387065,0.7743839911828829,0.6284827696450273,0.61
124,0.35332001351450726,0.7834176808521509,0.5520132403465716,0.517,0.3944320652837338,0.7743839911828829,0.627654950219189,0.615
125,0.3603546498174733,0.7834176808521509,0.552416832980032,0.5405,0.40181370914146486,0.7743839911828829,0.6238515564549009,0.64
126,0.3666438232798214,0.7834176808521509,0.5521468137239375,0.534,0.40892830985458695,0.7743839911828829,0.6241898474493159,0.615
127,0.3735325693460813,0.7834176808521509,0.5523155640416795,0.539,0.41637578687081733,0.7743839911828829,0.624545989774413,0.61
128,0.37944920941093285,0.7834176808521509,0.5521122508825602,0.5255,0.4237636767030874,0.7743839911828829,0.6323717859835337,0.55
129,0.3865078994473044,0.7834176808521509,0.5523416341506876,0.538,0.433462550226313,0.7743839911828829,0.6314224371474345,0.63
130,0.39205068233581064,0.7834176808521509,0.5524400115761857,0.5395,0.4393671087638047,0.7743839911828829,0.628793442153018,0.64
131,0.39786108339856424,0.7834176808521509,0.5527314475236927,0.5535,0.44817629961993355,0.7743839911828829,0.6370393884803299,0.575
132,0.40449236612721884,0.7834176808521509,0.5528020246989375,0.547,0.4550258856600104,0.7743839911828829,0.6363311717042286,0.605
133,0.41140324553515245,0.7834176808521509,0.5525864931048706,0.553,0.46528928751229537,0.7743839911828829,0.6448702411664553,0.55
134,0.4172695197042087,0.7834176808521509,0.5528056486727472,0.534,0.4724589772666603,0.7743839911828829,0.6472674509929405,0.615
135,0.4232970912586228,0.7834176808521509,0.5529559980152922,0.5425,0.4772833044337741,0.7743839911828829,0.6431742731719698,0.65
136,0.42741006387451747,0.7834176808521509,0.553140202963273,0.55,0.48469846087197416,0.7743839911828829,0.6450709794992068,0.625
137,0.4333141358960997,0.7834176808521509,0.5532466575533361,0.5495,0.4906839970704358,0.7743839911828829,0.6528654479526019,0.58
138,0.43777156894834063,0.7834176808521509,0.5535868376073426,0.5555,0.4991894614853301,0.7743839911828829,0.6582849154111408,0.595
139,0.44277676614582306,0.7834176808521509,0.5537401068444704,0.5435,0.5031999114033585,0.7743839911828829,0.6570365552451054,0.605
140,0.4468760087358617,0.7834176808521509,0.5542813041843292,0.5545,0.5107327392745638,0.7743839911828829,0.6551957366217487,0.65
141,0.45229710620079416,0.7834176808521509,0.5550850137669605,0.537,0.516820639035254,0.7743839911828829,0.6508370039226986,0.655
142,0.4567435430063656,0.7834176808521509,0.5551188458467625,0.5425,0.519435962767545,0.7743839911828829,0.6537052061995773,0.6
143,0.4614000790442928,0.7834176808521509,0.5555121256857377,0.5455,0.5252543353098933,0.7743839911828829,0.6530747492211499,0.635
144,0.4652590236551344,0.7834176808521509,0.5559044513746209,0.5455,0.5304389988942892,0.7743839911828829,0.6489473028035364,0.68
145,0.4690004388553761,0.7834176808521509,0.5561565165349748,0.542,0.5364172961197269,0.7743839911828829,0.6463138847123239,0.645
146,0.4736446999904499,0.7834176808521509,0.5564240082006761,0.56,0.5397354883081353,0.7743839911828829,0.6498100041516023,0.61
147,0.478639934572764,0.7834176808521509,0.5567546062278675,0.5545,0.5448669493101262,0.7743839911828829,0.6464134185924703,0.66
148,0.4818676062958942,0.7834176808521509,0.5569796194737966,0.542,0.5511184538860693,0.7743839911828829,0.6483686551071177,0.61
149,0.48592215281999135,0.7834176808521509,0.5573664289847703,0.5545,0.5550038120497479,0.7743839911828829,0.6479564624999817,0.66
150,0.48980450730627445,0.7834176808521509,0.5579127624634718,0.542,0.558100025985184,0.7743839911828829,0.6450205236566204,0.66
151,0.49331233727596235,0.7834176808521509,0.5583030167818779,0.567,0.5585000435422088,0.7743839911828829,0.6433308681729892,0.655
152,0.4964572509407558,0.7834176808521509,0.5588920545217921,0.556,0.5646793344919548,0.7743839911828829,0.6423985953792452,0.62
153,0.5000549275517203,0.7834176808521509,0.559136395992142,0.574,0.565692956914167,0.7743839911828829,0.6432983000304879,0.645
154,0.5038707953820168,0.7834176808521509,0.5592411452688124,0.5595,0.5693329269871716,0.7743839911828829,0.6430328851718272,0.655
155,0.5065214675328289,0.7834176808521509,0.5593370164568202,0.554,0.5723821828965883,0.7743839911828829,0.642625392298952,0.635
156,0.5082629576775928,0.7834176808521509,0.5593497835327121,0.571,0.5700830462828859,0.7743839911828829,0.649938731337361,0.595
157,0.5114208822386003,0.7834176808521509,0.5594993365184038,0.5565,0.5740162609817083,0.7743839911828829,0.6515475702453486,0.62
158,0.5144744493370847,0.7834176808521509,0.5597607739716542,0.5655,0.5762361791339705,0.7743839911828829,0.6489086994926719,0.65
159,0.5154511048555208,0.7834176808521509,0.559799347316593,0.5715,0.5775043816549873,0.7743839911828829,0.6528528924690029,0.62
160,0.5182675390767214,0.7834176808521509,0.56005147025556,0.5815,0.5786839454143067,0.7743839911828829,0.6538744737822004,0.615
161,0.5220352442236292,0.7834176808521509,0.5601372304393051,0.572,0.5834932377296561,0.7743839911828829,0.6625641015575361,0.61
162,0.5247587490302232,0.7834176808521509,0.5606677372751697,0.5565,0.5887622846353457,0.7743839911828829,0.6521593788055903,0.69
163,0.5263614418520306,0.7834176808521509,0.5610100232235222,0.565,0.5911598467364526,0.7743839911828829,0.6529412655657789,0.635
164,0.5274849511485533,0.7834176808521509,0.5612005800105314,0.5885,0.5948937260442839,0.7743839911828829,0.6513131131641484,0.66
165,0.5305905986266533,0.7834176808521509,0.5613771221904402,0.5725,0.5968906482849975,0.7743839911828829,0.6533497297621474,0.645
166,0.5320332776465637,0.7834176808521509,0.5615336500282954,0.562,0.5977852229568725,0.7743839911828829,0.6543577965013452,0.65
167,0.5345782808374379,0.7834176808521509,0.5616816575552435,0.546,0.5996850284593256,0.7743839911828829,0.6416214977142006,0.67
168,0.5365623532485121,0.7834176808521509,0.5615768403307114,0.57,0.6035566856208711,0.7743839911828829,0.6495593958100905,0.545
169,0.5381777147500281,0.7834176808521509,0.5618922330534948,0.5705,0.6024305711128798,0.7743839911828829,0.6484440640062836,0.655
170,0.5403617209229876,0.7834176808521509,0.5621963620861318,0.565,0.6011536062592535,0.7743839911828829,0.6485397653891727,0.65
171,0.5421627725795879,0.7834176808521509,0.5622680436424465,0.5775,0.6026858340373398,0.7743839911828829,0.6515060731845547,0.63
172,0.5436334062445882,0.7834176808521509,0.5619261882000995,0.57,0.6046282148696583,0.7743839911828829,0.6539481944888318,0.62
173,0.5453530597943615,0.7834176808521509,0.5621370857196573,0.5605,0.6071507996385029,0.7743839911828829,0.6522182805790041,0.645
174,0.5471288471421126,0.7834176808521509,0.5625998216177935,0.567,0.6093458639926976,0.7743839911828829,0.6507887747517194,0.665
175,0.5499669192504969,0.7834176808521509,0.5625585955842546,0.563,0.61721582791603,0.7743839911828829,0.6546235413822531,0.615
176,0.5505212144257495,0.7834176808521509,0.562883909513676,0.564,0.616838874577245,0.7743839911828829,0.6495688766730399,0.695
177,0.5527460812049161,0.7834176808521509,0.5630725315056148,0.5545,0.6160731151179589,0.7743839911828829,0.6443687878586539,0.675
178,0.5533201209377052,0.7834176808521509,0.5632788604720159,0.564,0.6153901788273506,0.7743839911828829,0.6446309381770194,0.63
179,0.5555899651417354,0.7834176808521509,0.5633821471975332,0.563,0.61798397526106,0.7743839911828829,0.6427444014371586,0.63
180,0.5573444962664873,0.7834176808521509,0.5632836718719012,0.5665,0.6182490737963287,0.7743839911828829,0.6463573516527629,0.59
181,0.5578896106107758,0.7834176808521509,0.5635695880835125,0.5745,0.6193255762437339,0.7743839911828829,0.6436019614653332,0.67
182,0.5594497345330162,0.7834176808521509,0.5632860563739979,0.581,0.6172135895530234,0.7743839911828829,0.640895115486234,0.635
183,0.5609286217831595,0.7834176808521509,0.5635429215060553,0.5695,0.6169001271260135,0.7743839911828829,0.6383709635170889,0.645
184,0.5625429844403252,0.7834176808521509,0.5636758772027634,0.5755,0.6209696322027948,0.7743839911828829,0.6370068185607682,0.61
185,0.5637508622081445,0.7834176808521509,0.5635159948152375,0.5735,0.6227204398902697,0.7743839911828829,0.6389287875968428,0.615
186,0.5644993378122435,0.7834176808521509,0.5633016172218296,0.571,0.6242042317477503,0.7743839911828829,0.6400541285532898,0.585
187,0.5652436610127107,0.7834176808521509,0.5632400157448485,0.5655,0.6265314584053708,0.7743839911828829,0.639742557650299,0.625
188,0.5671582210000512,0.7834176808521509,0.5631631679274289,0.567,0.624457073510085,0.7743839911828829,0.6419622414867913,0.595
189,0.5673942274868329,0.7834176808521509,0.563207168944471,0.577,0.6242418843926734,0.7743839911828829,0.6462547831325121,0.615
190,0.5693115786789629,0.7834176808521509,0.5632045030120959,0.576,0.6262638144651809,0.7743839911828829,0.6443174387518795,0.68
191,0.5694651243609777,0.7834176808521509,0.5630864295665012,0.5615,0.6264685183667851,0.7743839911828829,0.6431037485035616,0.645
192,0.5699020556076071,0.7834176808521509,0.5631012156032306,0.5645,0.630163473527614,0.7743839911828829,0.6441937002392499,0.64
193,0.5711377073827091,0.7834176808521509,0.5630053825773332,0.5675,0.6316027238101791,0.7743839911828829,0.6422590358834204,0.63
194,0.5706847485789074,0.7834176808521509,0.5630420247571661,0.581,0.6313863034560239,0.7743839911828829,0.6489660109079943,0.595
195,0.5704982348174159,0.7834176808521509,0.5631739383187324,0.572,0.6322653806398508,0.7743839911828829,0.6492964852381004,0.67
196,0.5709727185000503,0.7834176808521509,0.5631642925819075,0.5845,0.6332693834581921,0.7743839911828829,0.653914050395494,0.63
197,0.5723883768100021,0.7834176808521509,0.5630458551405552,0.5735,0.6369555422133552,0.7743839911828829,0.6500319429299397,0.645
198,0.5728546725981181,0.7834176808521509,0.5629768052480775,0.578,0.6387232928599755,0.7743839911828829,0.6530412890099728,0.605
199,0.5741276335917015,0.7834176808521509,0.5632321015599996,0.577,0.640130181718671,0.7743839911828829,0.6471109957645855,0.695
200,0.57438636364454,0.7834176808521509,0.5633084506549676,0.578,0.6406249033093221,0.7743839911828829,0.6444064578022529,0.65
201,0.5738905841131461,0.7834176808521509,0.5632484487924194,0.564,0.6441591520869073,0.7743839911828829,0.6466729014770338,0.625
202,0.5741564591088063,0.7834176808521509,0.5633658172733867,0.5735,0.6455705442671028,0.7743839911828829,0.6483097166687126,0.635
203,0.5748731826186346,0.7834176808521509,0.56327185169204,0.568,0.6457302513192618,0.7743839911828829,0.6409480243814403,0.69
204,0.5760133425589032,0.7834176808521509,0.5632825772115728,0.5845,0.6453865319230137,0.7743839911828829,0.6459940206361567,0.665
205,0.575742786444737,0.7834176808521509,0.5632790097072049,0.571,0.6483051264529682,0.7743839911828829,0.64973721266671,0.62
206,0.5776138789405336,0.7834176808521509,0.563267306086905,0.5725,0.6503950308541665,0.7743839911828829,0.648157068174583,0.63
207,0.577874660780416,0.7834176808521509,0.5633654050023102,0.5685,0.6509900267819246,0.7743839911828829,0.6482886046636455,0.67
208,0.5789913995086399,0.7834176808521509,0.5633688360666066,0.5865,0.6519712798460146,0.7743839911828829,0.6441238945746153,0.67
209,0.5789562159300632,0.7834176808521509,0.5635220736872188,0.562,0.6506412823669345,0.7743839911828829,0.6411821885867265,0.675
210,0.580922521758065,0.7834176808521509,0.5635079871332648,0.5695,0.651765836403853,0.7743839911828829,0.6408748780782743,0.645
211,0.5816650670563692,0.7834176808521509,0.5635161127755106,0.5835,0.6512305552202268,0.7743839911828829,0.6459186464411225,0.645
212,0.5815646732805014,0.7834176808521509,0.5635608025654473,0.583,0.652123924274944,0.7743839911828829,0.642442967486514,0.665
213,0.5810616155739357,0.7834176808521509,0.5636449221820368,0.5735,0.6551897772424123,0.7743839911828829,0.6370315733635162,0.65
214,0.5818772326290941,0.7834176808521509,0.5636446083450793,0.5735,0.6576000530720972,0.7743839911828829,0.6389102031311984,0.61
215,0.5812962843530255,0.7834176808521509,0.5636422863543794,0.586,0.6560827363912743,0.7743839911828829,0.640177901715741,0.65
216,0.5828978893068081,0.7834176808521509,0.5637011927441333,0.573,0.6569460749040759,0.7743839911828829,0.6417584944881746,0.595
217,0.5824210913726837,0.7834176808521509,0.5636553653117741,0.5615,0.6583593086372052,0.7743839911828829,0.6456209159725164,0.62
218,0.5816766746261861,0.7834176808521509,0.5636158835982621,0.587,0.6581453150518601,0.7743839911828829,0.651569908256244,0.605
219,0.5811869757555171,0.7834176808521509,0.5635343358173358,0.589,0.6601259437993058,0.7743839911828829,0.6528361645620133,0.645
220,0.5808018070116358,0.7834176808521509,0.5636284583669372,0.574,0.6572818087213953,0.7743839911828829,0.6537231215410816,0.64
221,0.5806007733980459,0.7834176808521509,0.5635987651678246,0.5715,0.6550996973555832,0.7743839911828829,0.6484283920628094,0.65
222,0.5812513348520126,0.7834176808521509,0.5636429486123491,0.579,0.6545098678227262,0.7743839911828829,0.6497434209291771,0.645
223,0.5824506304430297,0.7834176808521509,0.5635666377317422,0.586,0.6553055056897081,0.7743839911828829,0.6577258570153925,0.585
224,0.5826390322959201,0.7834176808521509,0.5633528886202933,0.562,0.6577015297595186,0.7743839911828829,0.6542623616742128,0.635
225,0.5835735171559993,0.7834176808521509,0.5634086006542335,0.5765,0.6582960519428965,0.7743839911828829,0.6518819854893249,0.665
226,0.5826424111225593,0.7834176808521509,0.5633960222380696,0.5725,0.6585303539271103,0.7743839911828829,0.6471089491534867,0.655
227,0.5813553074116641,0.7834176808521509,0.5635469448095636,0.584,0.6571556397747093,0.7743839911828829,0.6506389375093284,0.695
228,0.582012601462489,0.7834176808521509,0.5635651046159406,0.565,0.6554776196051907,0.7743839911828829,0.6498427482023115,0.65
229,0.5830731105925634,0.7834176808521509,0.5635981853093585,0.57,0.6531380627673583,0.7743839911828829,0.6519921399310878,0.64
230,0.5839311078630537,0.7834176808521509,0.5637640258759434,0.578,0.6543703853694102,0.7743839911828829,0.6553453179645552,0.635
231,0.5845197283630407,0.7834176808521509,0.5638067444201449,0.5745,0.6543893084708985,0.7743839911828829,0.6482237157945003,0.67
232,0.5849372460151594,0.7834176808521509,0.5637815630781671,0.569,0.6539124891995933,0.7743839911828829,0.6473593047459859,0.645
233,0.5848203742347493,0.7834176808521509,0.5637410669532222,0.5795,0.6534117443757073,0.7743839911828829,0.6498453083159563,0.66
234,0.5850365908964864,0.7834176808521509,0.5637583498173843,0.562,0.6531031342232901,0.7743839911828829,0.6477180022411316,0.65
235,0.5850034801076907,0.7834176808521509,0.563714190934034,0.5765,0.653059275896145,0.7743839911828829,0.6478634052130282,0.635
236,0.5848927606933251,0.7834176808521509,0.5637532303401412,0.5645,0.652165671927869,0.7743839911828829,0.6530569478327584,0.615
237,0.5851492494651743,0.7834176808521509,0.5637076643254552,0.575,0.6479688033715381,0.7743839911828829,0.6534876169050176,0.66
238,0.5842562430265344,0.7834176808521509,0.5638633357705203,0.5755,0.6472460615572476,0.7743839911828829,0.6510804129815818,0.67
239,0.5835547180304814,0.7834176808521509,0.5639640100209689,0.562,0.6445574230163083,0.7743839911828829,0.6529484883339373,0.635
240,0.5830589794775877,0.7834176808521509,0.5639666843441554,0.575,0.6466863237966649,0.7743839911828829,0.6550687430113957,0.635
241,0.5837381293008435,0.7834176808521509,0.5641467586245619,0.5695,0.6466141715562902,0.7743839911828829,0.6541199535899159,0.67
242,0.5839999460226059,0.7834176808521509,0.5640463820070125,0.5895,0.6472701550439978,0.7743839911828829,0.6580498719438485,0.625
243,0.583302593095382,0.7834176808521509,0.564175613339606,0.5755,0.649513699681536,0.7743839911828829,0.6607359150149387,0.635
244,0.5843922838911715,0.7834176808521509,0.5641343774971543,0.5855,0.6524395344573725,0.7743839911828829,0.6615161655478284,0.615
245,0.5856582776389826,0.7834176808521509,0.5643283229239804,0.582,0.6515645441047404,0.7743839911828829,0.6623431204320147,0.685
246,0.5869020072727742,0.7834176808521509,0.5643972069912779,0.5805,0.6506814882237175,0.7743839911828829,0.6653781695399428,0.685
247,0.5872135521216462,0.7834176808521509,0.5641987381011547,0.5795,0.6496560619474606,0.7743839911828829,0.6659071999976546,0.67
248,0.5884155015983636,0.7834176808521509,0.5642744619638628,0.572,0.6506770715428223,0.7743839911828829,0.6634819975229298,0.645
249,0.5895899141458466,0.7834176808521509,0.5644266164056506,0.572,0.6495984936864642,0.7743839911828829,0.6625312261285898,0.655
250,0.589957949718103,0.7834176808521509,0.5643384639003705,0.578,0.6521710672009239,0.7743839911828829,0.6621403862424566,0.675
251,0.5901870534757617,0.7834176808521509,0.5644465275434158,0.5785,0.6541688430961413,0.7743839911828829,0.6618300770731074,0.65
252,0.5894598992138673,0.7834176808521509,0.5645907054923088,0.583,0.6564219529290957,0.7743839911828829,0.6640456977992725,0.645
253,0.5911992591024811,0.7834176808521509,0.5646446456791763,0.5815,0.6585990947006977,0.7743839911828829,0.6673568999995362,0.635
254,0.591861479324323,0.7834176808521509,0.5646374751795779,0.576,0.6573825997323952,0.7743839911828829,0.666096163039995,0.62
255,0.5901757538135254,0.7834176808521509,0.5646227507655075,0.582,0.6564062207445478,0.7743839911828829,0.6623211987872222,0.675
256,0.5902448308167059,0.7834176808521509,0.5646743477887096,0.578,0.6560227211691452,0.7743839911828829,0.6623432965685478,0.655
257,0.5902670400061257,0.7834176808521509,0.564786560253195,0.5645,0.6572146903129621,0.7743839911828829,0.6619144207432269,0.655
258,0.5906101650839173,0.7834176808521509,0.5648052165658711,0.59,0.6585388301613391,0.7743839911828829,0.6602502030325907,0.66
259,0.591085762909788,0.7834176808521509,0.564878052807384,0.578,0.6607146800358947,0.7743839911828829,0.6614331777749863,0.695
260,0.5911339750679931,0.7834176808521509,0.5650387409719825,0.577,0.6614418381290054,0.7743839911828829,0.6582446160913331,0.64
261,0.5917532501615641,0.7834176808521509,0.564968600580769,0.565,0.6620913517722026,0.7743839911828829,0.6579024317535779,0.66
262,0.5918657781793185,0.7834176808521509,0.565115376133922,0.572,0.6648091293582579,0.7743839911828829,0.6537262432985048,0.675
263,0.5909491745264432,0.7834176808521509,0.5651025370535643,0.5775,0.6641663778216065,0.7743839911828829,0.6571636449593625,0.585
264,0.591069570243567,0.7834176808521509,0.5651222473752048,0.5775,0.6661200417288602,0.7743839911828829,0.6554337124873847,0.66
265,0.5924850158652086,0.7834176808521509,0.5652278151632243,0.5825,0.6703664966789136,0.7743839911828829,0.6569395679786575,0.685
266,0.5909854037075221,0.7834176808521509,0.5651982541804605,0.577,0.6735441754145137,0.7743839911828829,0.6551518114091683,0.66
267,0.590366399736367,0.7834176808521509,0.5651542184939583,0.565,0.6747591861169618,0.7743839911828829,0.6564719501892422,0.625
268,0.5912654172708832,0.7834176808521509,0.5650940142043545,0.567,0.6759343807778118,0.7743839911828829,0.6555560566966396,0.665
269,0.5905277172709694,0.7834176808521509,0.5651167950700954,0.571,0.6778401329915829,0.7743839911828829,0.6558715113237212,0.665
270,0.5905707207438139,0.7834176808521509,0.5652315495420774,0.574,0.6818118801727675,0.7743839911828829,0.6543741902401764,0.6
271,0.591052971052034,0.7834176808521509,0.5653272962156604,0.575,0.6824585386176306,0.7743839911828829,0.6557011524394596,0.655
272,0.5915801488416023,0.7834176808521509,0.5653335037687444,0.5615,0.6839266817320855,0.7743839911828829,0.6581160777668758,0.655
273,0.5916332715520422,0.7834176808521509,0.5653580650600488,0.5765,0.6842550005712659,0.7743839911828829,0.6566140807034813,0.67
274,0.5908965773424026,0.7834176808521509,0.5652386079233123,0.5845,0.6861886772741635,0.7743839911828829,0.652540022329231,0.67
275,0.5904609090677749,0.7834176808521509,0.5652925851900386,0.5825,0.6859660159081752,0.7743839911828829,0.6536370651521449,0.66
276,0.590610490386982,0.7834176808521509,0.5652996569470847,0.568,0.6864195734557758,0.7743839911828829,0.6459840726531878,0.665
277,0.5909230349304406,0.7834176808521509,0.5652796389335213,0.579,0.6875685211997629,0.7743839911828829,0.651493957674153,0.595
278,0.5918529899002256,0.7834176808521509,0.5654072994530329,0.5855,0.6837644140690453,0.7743839911828829,0.6528944879808155,0.65
279,0.5913532445382989,0.7834176808521509,0.5655130297686097,0.5725,0.6857168032442509,0.7743839911828829,0.6507746374985518,0.665
280,0.5906554324801792,0.7834176808521509,0.5654878409339194,0.5855,0.684271792970886,0.7743839911828829,0.6526606241726313,0.645
281,0.5907157499523102,0.7834176808521509,0.5655116201098692,0.5725,0.6843934993733685,0.7743839911828829,0.6550881425405162,0.65
282,0.590978659290712,0.7834176808521509,0.5656572137649564,0.5645,0.6857965431193156,0.7743839911828829,0.6488686029591885,0.67
283,0.5917337096055705,0.7834176808521509,0.5656510540646735,0.575,0.6845586393302874,0.7743839911828829,0.6479838408604184,0.63
284,0.5928954810592939,0.7834176808521509,0.5656701775331986,0.5795,0.6858113058731038,0.7743839911828829,0.6516550129185791,0.63
285,0.5941810545210717,0.7834176808521509,0.5656334550301476,0.579,0.6882232469323988,0.7743839911828829,0.6588547847443436,0.65
286,0.5942745177705412,0.7834176808521509,0.5656532793826,0.5635,0.6885492324496583,0.7743839911828829,0.6554267988665405,0.685
287,0.5937597532493142,0.7834176808521509,0.5657272697402469,0.591,0.6907461265933178,0.7743839911828829,0.6583186388567854,0.64
288,0.5940289706369605,0.7834176808521509,0.5657825865986591,0.5725,0.6895015480222989,0.7743839911828829,0.6628736807595057,0.62
289,0.5942231445850971,0.7834176808521509,0.5657048693601318,0.58,0.6896595037967218,0.7743839911828829,0.6614015569194025,0.655
290,0.5946928703062608,0.7834176808521509,0.5657990828098645,0.583,0.6892438662361378,0.7743839911828829,0.6583332190735185,0.685
291,0.5936832120755554,0.7834176808521509,0.5658763725097864,0.5725,0.688067296897414,0.7743839911828829,0.6478069257657773,0.68
292,0.5946102740360113,0.7834176808521509,0.5658434107182725,0.5935,0.6916114415850099,0.7743839911828829,0.6461004080821303,0.695
293,0.5940445847756614,0.7834176808521509,0.5656887296438283,0.5845,0.6929680600880352,0.7743839911828829,0.6477587566098196,0.66
294,0.5934485158829014,0.7834176808521509,0.5657651348453093,0.57,0.6931719390073345,0.7743839911828829,0.6469739157067448,0.63
295,0.5928743360390739,0.7834176808521509,0.5656289459718996,0.566,0.6901477863236335,0.7743839911828829,0.6421049073853576,0.66
296,0.5925760255135712,0.7834176808521509,0.5657151475672665,0.58,0.6916550964948334,0.7743839911828829,0.6452607567455263,0.65
297,0.5933583412035847,0.7834176808521509,0.565760762409315,0.5805,0.6912169295375797,0.7743839911828829,0.6469170281594424,0.64
298,0.5931405954966873,0.7834176808521509,0.5658443407875259,0.557,0.6892741527287336,0.7743839911828829,0.6470855946373578,0.655
299,0.5939073792112056,0.7834176808521509,0.5658707770045472,0.5745,0.6890224381269257,0.7743839911828829,0.6512332332751124,0.61
300,0.5944367715051685,0.7834176808521509,0.5658101243386322,0.582,0.6900394140313673,0.7743839911828829,0.6536024683195961,0.63
301,0.5945606845567772,0.7834176808521509,0.5659026876354513,0.5775,0.6887015469642592,0.7743839911828829,0.654480367168183,0.66
302,0.5946871418306565,0.7834176808521509,0.5660213872044274,0.5845,0.6889266771735368,0.7743839911828829,0.6569091380178844,0.685
303,0.5936939600540613,0.7834176808521509,0.566056078830481,0.5725,0.6863184714362336,0.7743839911828829,0.6600805023824299,0.65
304,0.5936899910632571,0.7834176808521509,0.5661096768858853,0.5835,0.6870035779393093,0.7743839911828829,0.6600312592878694,0.665
305,0.5941105239878236,0.7834176808521509,0.5661901045157778,0.58,0.6886313122413761,0.7743839911828829,0.6621046485267652,0.62
306,0.5925426593141709,0.7834176808521509,0.5662574438000656,0.582,0.6896141009329338,0.7743839911828829,0.6586945229321914,0.675
307,0.5925183672759378,0.7834176808521509,0.5663036608504334,0.577,0.6865302443031134,0.7743839911828829,0.6609116421390087,0.605
308,0.5919574224040569,0.7834176808521509,0.5663322979709333,0.5675,0.6836494233702181,0.7743839911828829,0.6617880449970202,0.65
309,0.5930530455513875,0.7834176808521509,0.5662348370950727,0.5805,0.6847863688898599,0.7743839911828829,0.660082524730753,0.65
310,0.5931941558945989,0.7834176808521509,0.5663564610070515,0.579,0.6866333417253087,0.7743839911828829,0.6598441068615238,0.655
311,0.593589643148971,0.7834176808521509,0.5663478718063023,0.572,0.6875879212827779,0.7743839911828829,0.664359866265906,0.63
312,0.5931175995822084,0.7834176808521509,0.5663369214501549,0.5765,0.6891141165824562,0.7743839911828829,0.6670796829879315,0.66
313,0.5938527842273705,0.7834176808521509,0.5662662494452211,0.58,0.6870519254347992,0.7743839911828829,0.6643161358872932,0.675
314,0.5941322745598779,0.7834176808521509,0.5663943173832141,0.57,0.6872457929659713,0.7743839911828829,0.6573077910281957,0.715
315,0.5936575354214579,0.7834176808521509,0.5664847369256418,0.586,0.6852090490642653,0.7743839911828829,0.6620617834671296,0.595
316,0.5941406181099405,0.7834176808521509,0.5665949231239928,0.583,0.6848009830891804,0.7743839911828829,0.6625489274850318,0.64
317,0.5943438236251213,0.7834176808521509,0.5666333385534517,0.586,0.6841614471893189,0.7743839911828829,0.6659260264203852,0.645
318,0.5928069157862318,0.7834176808521509,0.5667075564039059,0.571,0.6814221095392291,0.7743839911828829,0.665828153000134,0.67
319,0.5932489453800209,0.7834176808521509,0.5666347471793842,0.5725,0.6855942383919706,0.7743839911828829,0.6694221910799246,0.645
320,0.5924007805771275,0.7834176808521509,0.5666406368857806,0.584,0.6854758882359998,0.7743839911828829,0.670623555618844,0.645
321,0.5913406551539371,0.7834176808521509,0.5664689339032662,0.572,0.6839674333041502,0.7743839911828829,0.675256602346777,0.64
322,0.5923118423836601,0.7834176808521509,0.5666178892128387,0.5845,0.6835066021241164,0.7743839911828829,0.6748984029305315,0.695
323,0.5944763982693245,0.7834176808521509,0.5666831262544656,0.5775,0.6821609141140442,0.7743839911828829,0.6740371567299541,0.685
324,0.5947895062133455,0.7834176808521509,0.5667121723305782,0.5695,0.6807513955967434,0.7743839911828829,0.6701564196609153,0.675
325,0.5949758067626991,0.7834176808521509,0.5667467003963608,0.5825,0.6821928813962959,0.7743839911828829,0.6721051466708633,0.655
326,0.5941336786221155,0.7834176808521509,0.5668248829793374,0.5815,0.6787482406817182,0.7743839911828829,0.6655156364136187,0.69
327,0.5941853683965033,0.7834176808521509,0.5667895734082217,0.5815,0.6768221062089728,0.7743839911828829,0.6624165122852144,0.71
328,0.5946981579446485,0.7834176808521509,0.566884719884674,0.565,0.6738583993044779,0.7743839911828829,0.6637692871374874,0.64
329,0.5944189450754377,0.7834176808521509,0.566877950099473,0.5915,0.6743522083985631,0.7743839911828829,0.6662426775517573,0.65
330,0.5954242781367837,0.7834176808521509,0.5668593118670765,0.5755,0.6763407585231204,0.7743839911828829,0.6627571280819634,0.68
331,0.5941902442932314,0.7834176808521509,0.566871025319792,0.581,0.6735753945652242,0.7743839911828829,0.6637017325212979,0.665
332,0.594397735409659,0.7834176808521509,0.5669733746423564,0.5705,0.6706291308453003,0.7743839911828829,0.662782543254506,0.685
333,0.5948486231592339,0.7834176808521509,0.5670873495973489,0.5705,0.6737975767573617,0.7743839911828829,0.6600858702841912,0.655
334,0.5941981358773607,0.7834176808521509,0.5671070248907161,0.5835,0.673456843521081,0.7743839911828829,0.6615794665033401,0.655
335,0.5944919708774751,0.7834176808521509,0.5671026845373967,0.581,0.675497356339811,0.7743839911828829,0.6637944083782361,0.62
336,0.5940843355090248,0.7834176808521509,0.5672072420125941,0.581,0.6740979509465062,0.7743839911828829,0.6586551307607885,0.665
337,0.593824158498895,0.7834176808521509,0.5671627191161753,0.5835,0.6728801618913144,0.7743839911828829,0.6583076616826508,0.68
338,0.5947685345378089,0.7834176808521509,0.5671144068218241,0.5875,0.6753721400379261,0.7743839911828829,0.6542242534079754,0.655
339,0.5934372100631199,0.7834176808521509,0.5672440575101612,0.5825,0.6768492901842658,0.7743839911828829,0.652609373036411,0.685
340,0.5940179981518078,0.7834176808521509,0.5673019466513002,0.592,0.680256287056548,0.7743839911828829,0.657635278903453,0.63
341,0.5939903527166424,0.7834176808521509,0.5673401771190717,0.569,0.6803081203482323,0.7743839911828829,0.6586459999889067,0.635
342,0.5948949814071388,0.7834176808521509,0.5674431975825954,0.5745,0.6820260567309512,0.7743839911828829,0.6573751459788455,0.665
343,0.594071264109637,0.7834176808521509,0.5675104864843581,0.5775,0.6817435866829559,0.7743839911828829,0.655218173082538,0.64
344,0.5939578629599715,0.7834176808521509,0.5674934692609367,0.5705,0.6812633235021122,0.7743839911828829,0.654257911405991,0.63
345,0.5928585705709415,0.7834176808521509,0.5674424419506225,0.5955,0.678387229451135,0.7743839911828829,0.6586681549083376,0.61
346,0.5935439038519711,0.7834176808521509,0.5673702269995201,0.5675,0.6780051383260526,0.7743839911828829,0.6580562040043442,0.66
347,0.5936640250203371,0.7834176808521509,0.5674112092813856,0.564,0.6778766424833665,0.7743839911828829,0.6608298392902364,0.63
348,0.5932410472141041,0.7834176808521509,0.5673238657832851,0.583,0.6792210572629862,0.7743839911828829,0.6590824531699141,0.68
349,0.5925158206043332,0.7834176808521509,0.567327652126523,0.585,0.6779434901896638,0.7743839911828829,0.6552809625547255,0.66
350,0.5923853357136308,0.7834176808521509,0.5673690328001556,0.57,0.6790534668178142,0.7743839911828829,0.6562533984383105,0.65
351,0.5924247312772705,0.7834176808521509,0.5673541793958699,0.5745,0.6812201963333574,0.7743839911828829,0.6576992575055889,0.65
352,0.5935921574121187,0.7834176808521509,0.5674415864382293,0.5845,0.68021336062794,0.7743839911828829,0.6568045037477944,0.695
353,0.5934255326482557,0.7834176808521509,0.5674954010686207,0.575,0.6784308996696659,0.7743839911828829,0.6534452236967351,0.665
354,0.5939368195548734,0.7834176808521509,0.5675421756887479,0.583,0.6822245371992476,0.7743839911828829,0.6487067097627061,0.695
355,0.5940960573785842,0.7834176808521509,0.5675108112055398,0.5785,0.6822804751735402,0.7743839911828829,0.645757454199622,0.66
356,0.59377814084135,0.7834176808521509,0.5675739292410907,0.581,0.6817673230059489,0.7743839911828829,0.6455037567171574,0.63
357,0.5925752489661883,0.7834176808521509,0.5675716741482038,0.588,0.6840684378407641,0.7743839911828829,0.642532260473748,0.665
358,0.5936915899551245,0.7834176808521509,0.5675898636682526,0.582,0.6843498822717627,0.7743839911828829,0.6451901375926313,0.64
359,0.5934058798718966,0.7834176808521509,0.5674974130479074,0.5615,0.68468607893653,0.7743839911828829,0.6444883680545686,0.63
360,0.5934302165842946,0.7834176808521509,0.5673999704096364,0.582,0.6824469878688313,0.7743839911828829,0.644239500081026,0.645
361,0.5925655751280673,0.7834176808521509,0.5673765122018056,0.5745,0.6823931735771098,0.7743839911828829,0.6465157065609545,0.63
362,0.5921672439405465,0.7834176808521509,0.5674777978889839,0.582,0.6812586362593226,0.7743839911828829,0.6445139817420779,0.65
363,0.5916248104066361,0.7834176808521509,0.56756904613558,0.5815,0.6811456021287077,0.7743839911828829,0.6457094801550134,0.66
364,0.592666820757568,0.7834176808521509,0.5675460942541487,0.587,0.68247925057629,0.7743839911828829,0.6488017704451007,0.615
