,P_P1_WOM_U,P_P1_MARKETING_U,P_P1_EXPERIENCE_U,P_P1_SHARE,P_P2_WOM_U,P_P2_MARKETING_U,P_P2_EXPERIENCE_U,P_P2_SHARE,V_P1_WOM_U,V_P1_MARKETING_U,V_P1_EXPERIENCE_U,V_P1_SHARE,V_P2_WOM_U,V_P2_MARKETING_U,V_P2_EXPERIENCE_U,V_P2_SHARE
0,0.010000000000000163,0.011646476351982285,0.010000000000000163,0.0,0.010000000000000163,0.010000000000000163,0.010000000000000163,0.0,0.010000000000000007,0.011646476351981953,0.010000000000000007,0.0,0.010000000000000007,0.010000000000000007,0.010000000000000007,0.0
1,0.010000277325646517,0.013547090682313466,0.010012805219866496,0.0085,0.010000000000000163,0.010000000000000163,0.010000000000000163,0.0,0.010000734097299157,0.01353498887382021,0.010000000000000007,0.005,0.010000000000000007,0.010000000000000007,0.010000000000000007,0.0
2,0.010001148785778851,0.015651071830531216,0.010152148295650833,0.0235,0.010000000000000163,0.010000000000000163,0.010000000000000163,0.0,0.010001222848195712,0.015657657810544064,0.010000000000000007,0.04,0.010000000000000007,0.010000000000000007,0.010000000000000007,0.0
3,0.010002582636106466,0.01808180180805473,0.010316973583899974,0.034,0.010000000000000163,0.010000000000000163,0.010000000000000163,0.0,0.01000162873838073,0.01766718841731049,0.010177054207507535,0.03,0.010000000000000007,0.010000000000000007,0.010000000000000007,0.0
4,0.010004320064794908,0.020964520753334492,0.010452981523013462,0.0405,0.010000000000000163,0.010000000000000163,0.010000000000000163,0.0,0.010003335225220613,0.021000038203315897,0.010492949738153933,0.03,0.010000000000000007,0.010000000000000007,0.010000000000000007,0.0
5,0.01000721840720143,0.024032074234369927,0.010610351235971071,0.051,0.010000000000000163,0.010000000000000163,0.010000000000000163,0.0,0.010006903505355531,0.024785441309151054,0.01083413780433018,0.04,0.010000000000000007,0.010000000000000007,0.010000000000000007,0.0
6,0.010010875495904221,0.02773755020716445,0.010917756983730388,0.0455,0.010000000000000163,0.010000000000000163,0.010000000000000163,0.0,0.010010236923049804,0.02911950985821534,0.010782992489779661,0.06,0.010000000000000007,0.010000000000000007,0.010000000000000007,0.0
7,0.01001547855624025,0.031493038201637874,0.011077643105280909,0.0595,0.010000000000000163,0.010000000000000163,0.010000000000000163,0.0,0.010013753149851217,0.032678636304135644,0.01129391590104897,0.035,0.010000000000000007,0.010000000000000007,0.010000000000000007,0.0
8,0.010021106660724937,0.035696759629471296,0.011413114510743963,0.0665,0.010000000000000163,0.010000000000000163,0.010000000000000163,0.0,0.010020637696132156,0.03663389108847401,0.01173765993547278,0.06,0.010000000000000007,0.010000000000000007,0.010000000000000007,0.0
9,0.010027996277132223,0.040110123986781133,0.011742033450412925,0.0745,0.010000000000000163,0.010000000000000163,0.010000000000000163,0.0,0.010026182915254858,0.04175233655940369,0.012482905224289126,0.05,0.010000000000000007,0.010000000000000007,0.010000000000000007,0.0
10,0.010035751098016247,0.044806743279822724,0.012457114909484222,0.0715,0.010000000000000163,0.010000000000000163,0.010000000000000163,0.0,0.010037030320945318,0.04720894176685292,0.012465760642012469,0.09,0.010000000000000007,0.010000000000000007,0.010000000000000007,0.0
11,0.010044032240022259,0.0505486882208423,0.012971314690620532,0.065,0.010000000000000163,0.010000000000000163,0.010000000000000163,0.0,0.010045778040464266,0.05233372337226643,0.012619053337715984,0.08,0.010000000000000007,0.010000000000000007,0.010000000000000007,0.0
12,0.010056389847376165,0.056410305785177535,0.013317326909854,0.0865,0.010000000000000163,0.010000000000000163,0.010000000000000163,0.0,0.010054229699391652,0.058180385526520044,0.013526617560458667,0.06,0.010000000000000007,0.010000000000000007,0.010000000000000007,0.0
13,0.010069747130796142,0.06221391056115564,0.013790805733206327,0.068,0.010000000000000163,0.010000000000000163,0.010000000000000163,0.0,0.010065742235389254,0.06292605355680979,0.014168913921908713,0.07,0.010000000000000007,0.010000000000000007,0.010000000000000007,0.0
14,0.010084244487969851,0.06859773994563402,0.01423140808381474,0.0875,0.010000000000000163,0.010000000000000163,0.010000000000000163,0.0,0.010085716842812105,0.06846397826393563,0.015831458227503082,0.06,0.010000000000000007,0.010000000000000007,0.010000000000000007,0.0
15,0.010099895440261897,0.07491706717451295,0.014723055759014541,0.0735,0.010000000000000163,0.010000000000000163,0.010000000000000163,0.0,0.010098630233270098,0.07367854730152855,0.016166786184240865,0.07,0.010000000000000007,0.010000000000000007,0.010000000000000007,0.0
16,0.010117676051955791,0.08187379184534853,0.015321593215985661,0.093,0.010000000000000163,0.010000000000000163,0.010000000000000163,0.0,0.010115682078717896,0.08133109242177465,0.017484086239997726,0.075,0.010000000000000007,0.010000000000000007,0.010000000000000007,0.0
17,0.010138296248215096,0.08898373494460421,0.016110717946952742,0.0835,0.010000000000000163,0.010000000000000163,0.010000000000000163,0.0,0.010136778355790738,0.08933438089128704,0.018126136980762916,0.09,0.010000000000000007,0.010000000000000007,0.010000000000000007,0.0
18,0.010158677510727285,0.09700742066044227,0.017169123728818476,0.0805,0.010000000000000163,0.010000000000000163,0.010000000000000163,0.0,0.010164761802827174,0.09861054977292484,0.01850903566111549,0.12,0.010000000000000007,0.010000000000000007,0.010000000000000007,0.0
19,0.010181629668749135,0.10546642612794296,0.01830562716415823,0.0825,0.010000000000000163,0.010000000000000163,0.010000000000000163,0.0,0.010200710479719885,0.10507490442136001,0.018959972929779544,0.09,0.010000000000000007,0.010000000000000007,0.010000000000000007,0.0
20,0.010208978289510095,0.11403930111435309,0.01965678230873626,0.0815,0.010000000000000163,0.010000000000000163,0.010000000000000163,0.0,0.01022731783633579,0.11319730599186409,0.018580175636255292,0.125,0.010000000000000007,0.010000000000000007,0.010000000000000007,0.0
21,0.01024174203533591,0.12346237984060468,0.020817588467393677,0.085,0.010000000000000163,0.010000000000000163,0.010000000000000163,0.0,0.010250633266723925,0.12078667430390137,0.018895918780605942,0.1,0.010000000000000007,0.010000000000000007,0.010000000000000007,0.0
22,0.01027625144950784,0.1326989376401255,0.022563007097309448,0.0835,0.010000000000000163,0.010000000000000163,0.010000000000000163,0.0,0.010288165734089647,0.1292572235396507,0.020224259478830556,0.095,0.010000000000000007,0.010000000000000007,0.010000000000000007,0.0
23,0.010315737772755752,0.14193534979916678,0.02335110411860026,0.0815,0.010000000000000163,0.010000000000000163,0.010000000000000163,0.0,0.010319418084499299,0.13986305974605645,0.02133015772345101,0.05,0.010000000000000007,0.010000000000000007,0.010000000000000007,0.0
24,0.01036052715757043,0.15189121301205258,0.025049728232003788,0.091,0.010000000000000163,0.010000000000000163,0.010000000000000163,0.0,0.010368825938843784,0.14951929764577299,0.022255486890558673,0.085,0.010000000000000007,0.010000000000000007,0.010000000000000007,0.0
25,0.010405343854643971,0.16136195926855296,0.02591782495193805,0.0885,0.010000000000000163,0.011646476351982292,0.010000000000000163,0.0,0.010410170751374705,0.16010811908888453,0.023536139630989862,0.05,0.010000000000000007,0.011646476351981946,0.010000000000000007,0.0
26,0.010464088562749758,0.17108181782973966,0.02785030196589793,0.0865,0.0100002610123732,0.013631803341763175,0.010000000000000163,0.008,0.01045385155543829,0.17263297659124013,0.02429488538963481,0.1,0.010000652530932585,0.01341397078889205,0.010000000000000007,0.0
27,0.010528414738897453,0.18125246717146953,0.028722060913668822,0.086,0.010000904129929671,0.01581970917393356,0.010082928107597052,0.0135,0.010504741414028199,0.1830564741269751,0.025533081219563835,0.065,0.010001221684257716,0.015544519480586622,0.010000000000000007,0.01
28,0.010591652282004427,0.19171743722664264,0.030973271798194858,0.075,0.010002145566686469,0.018198880015497455,0.010189391350894896,0.0135,0.010553487037249247,0.19508585814736026,0.025564506843110166,0.105,0.010002602745545517,0.018272278841951258,0.010013204433963191,0.01
29,0.010655546859217649,0.2026651272225623,0.033315229437365035,0.0895,0.010003906479043987,0.020875109077615712,0.010426164088707938,0.026,0.010596398811848843,0.2064582592430132,0.027524582953007224,0.085,0.010004435954592614,0.021468351033087085,0.010117352348557871,0.025
30,0.010723331885818749,0.21331919071733316,0.03499715168883717,0.0805,0.010006454710715141,0.024026742748978844,0.010832100111499416,0.031,0.010651916938253651,0.21802983178400837,0.028098040936501117,0.085,0.010007693452471005,0.02495529298765428,0.010198745767117417,0.03
31,0.010816294547539197,0.22480570296471167,0.037937565486205235,0.0855,0.010010119713230736,0.02759660823219958,0.011347952819430449,0.036,0.010717865782883218,0.2285502728016663,0.02649970549842443,0.12,0.010012749052697955,0.02803822684883268,0.010354103336501315,0.035
32,0.010911990587470485,0.2356974557033705,0.03850587488638158,0.0885,0.010015392221829983,0.03143595534736993,0.012222925814270348,0.0395,0.010801904355749983,0.23955856483459873,0.029780269296090452,0.035,0.01001656501595628,0.03195252779456672,0.010356691414132386,0.06
33,0.010998694980292767,0.2464922047027463,0.041339480213139025,0.091,0.010023113942866126,0.03513248141366075,0.012882529928499312,0.053,0.010866731357504966,0.25118705981593153,0.02845135000170584,0.125,0.01002138648144129,0.03539063615555886,0.010588819140083756,0.045
34,0.01109574453784914,0.25749918737089494,0.04272198957589455,0.085,0.010033443274844303,0.03951521053602024,0.013388116916888092,0.045,0.010931158143805148,0.2620398862444913,0.03143630332533058,0.065,0.01002525676044293,0.038957642356449884,0.01091974360676067,0.03
35,0.011207570219018609,0.2687142206951155,0.04358291838304452,0.0795,0.01004475059602675,0.043897969639419325,0.014165568094143313,0.047,0.011014808062715814,0.27254194626730216,0.03343835490792429,0.05,0.010031463425072426,0.04312185922701097,0.011204423027116408,0.04
36,0.011309681530032107,0.28025884169125936,0.04641077806351164,0.0845,0.010055810305840516,0.04879577616694483,0.014918593848752871,0.052,0.011098912107648223,0.28338477035702875,0.034100995927310605,0.085,0.010039503977418209,0.04727031658763063,0.011850133298560425,0.03
37,0.01143109127236723,0.290903846460281,0.048572165371065956,0.074,0.010069068997890406,0.054392861078721724,0.01621772303130839,0.054,0.011183847343131026,0.2950500428206289,0.0351697525056677,0.07,0.010048370861307752,0.053333267473073404,0.012042577401642773,0.06
38,0.011578093010146739,0.3021934915164964,0.05156944706258958,0.082,0.010085126474548236,0.06067342108497831,0.01737739963958068,0.0525,0.011273614779715713,0.30720468195979256,0.035141389051557816,0.095,0.010056472585393494,0.05795791741843494,0.01255447224625831,0.04
39,0.011709461794228292,0.3133204147355879,0.054871273168491316,0.0915,0.010104467170567061,0.06730858020515554,0.01853007777695522,0.0545,0.0113738134818551,0.31909957846746284,0.03795418575095721,0.085,0.010064996222591924,0.06449706088861965,0.013162540296860982,0.04
40,0.011868703174306038,0.32457686569958644,0.05605617641537209,0.104,0.010125572461104015,0.07376093180223263,0.020603694674230833,0.0515,0.011500054719323171,0.33168397488482626,0.043572942660224934,0.06,0.010080471111244433,0.07137436409532383,0.012975262586663922,0.095
41,0.011991134345301649,0.3362220835066384,0.056779412722394104,0.087,0.010154029701580511,0.08103111595784887,0.022622925500362306,0.061,0.011627713129456985,0.3430574206999229,0.048001707360693216,0.06,0.010097408485888247,0.07779248948058037,0.013558460306143964,0.055
42,0.012146414581784712,0.3475737473472702,0.0604842568026278,0.085,0.010186080136693167,0.08893005249897493,0.024504424426583914,0.056,0.011755943705721505,0.35396091736325114,0.04719264466887324,0.1,0.010113126469289442,0.08589787628779023,0.013655810432488279,0.065
43,0.012310134684738915,0.35933522641537835,0.06490646135579826,0.1085,0.010219508795940732,0.09679242199593972,0.02670941062938793,0.0555,0.011865058232644742,0.36362958809205703,0.0471084177276417,0.13,0.010131834004083457,0.09304480653390268,0.013895893131742292,0.05
44,0.012502149099274284,0.3708143136817203,0.06773599023058083,0.118,0.010255071156026217,0.10515262619542715,0.027664302881607934,0.0555,0.012004740850476727,0.37337984882714204,0.05411418814516779,0.08,0.010153574661098994,0.10272343988844236,0.014543848544465523,0.035
45,0.01270364346335683,0.38174508545836766,0.07216192464766787,0.1,0.01029634264031748,0.11417809100322139,0.03119737463786416,0.066,0.012235051965846604,0.3828178065631463,0.05530775415189476,0.1,0.010171117061918892,0.11083796170397571,0.014656128638618968,0.09
46,0.01292900438780984,0.3928059605442119,0.07581439606241054,0.1015,0.01034199934368057,0.12275156716248721,0.03489917209598684,0.0655,0.012384441230910537,0.394151322642975,0.05750875716488617,0.09,0.01020101074387517,0.11972049540866385,0.015014296810372675,0.08
47,0.013123809047848515,0.4041254281984109,0.08074921055401173,0.107,0.010393874976132618,0.1317985406976438,0.03606787822231086,0.059,0.012561117872148513,0.4051129963444311,0.05762226328778187,0.135,0.01023334692362183,0.12815009080580886,0.015644334393459667,0.04
48,0.013365117824817668,0.4153350380546411,0.08457507927469826,0.1215,0.010456004907092416,0.14101186431143234,0.03940250638917909,0.072,0.01270020947833163,0.4172513731954395,0.06268445826221672,0.11,0.010273805005714383,0.1375223832541099,0.016221090372436027,0.065
49,0.013651817879605534,0.4261946344712848,0.08789535043725268,0.109,0.010528135923781353,0.15120750040543177,0.040696262735785534,0.067,0.012900046125238589,0.4280757753920439,0.06665879043892621,0.095,0.010308737484618144,0.14838181023606722,0.01800893264799448,0.03
50,0.01391764092875772,0.43702772074326024,0.09069006402353448,0.1145,0.010614758304425287,0.16136204858913536,0.043431788453159995,0.0665,0.013038772610586556,0.43895615563972334,0.07033122294056035,0.09,0.010337724928077021,0.15823394706335203,0.019755400687852018,0.045
51,0.01422793598646729,0.44830775631295944,0.09508723621376461,0.1125,0.010681166161120038,0.17177881222046473,0.0476755951452538,0.068,0.013213353757351156,0.45119709342958664,0.0732249211360154,0.105,0.01039612488441944,0.16834657592172156,0.020482209203386247,0.06
52,0.014546904588407936,0.4591238712619277,0.09865778935496243,0.124,0.010776745065845096,0.18243473325629497,0.05082588610164081,0.073,0.01348128967391516,0.4611558771135397,0.07948768992451234,0.11,0.010436927696258725,0.17935034292792906,0.02196206762113803,0.055
53,0.014826973475455316,0.46987098401565747,0.10214954725066745,0.122,0.010878014619147187,0.19272343778460696,0.05201112668294322,0.068,0.013753508361374124,0.4711023495767543,0.08577201779147049,0.1,0.010471870946913939,0.19016976561226356,0.023394679208179406,0.04
54,0.015146737895295644,0.48053683567914435,0.10733050022825623,0.126,0.01097628828937764,0.20333728786046473,0.05687060507756705,0.0725,0.014086891062096995,0.48193999308244456,0.08949223030389662,0.125,0.010539933380668012,0.20152074515284224,0.02578318761954552,0.06
55,0.015485442531337858,0.4904293306055787,0.11361198459750277,0.122,0.011103453769833526,0.2144167737760181,0.060969148896523155,0.0715,0.01450292169630205,0.4922487992194408,0.08834638763615599,0.17,0.010620973554637847,0.2133306233618909,0.02677071442645212,0.065
56,0.01587483806300517,0.5000207372628126,0.12007093208469319,0.135,0.01122129176527356,0.22548394494678223,0.05872548151435486,0.082,0.014775600733341367,0.5035342428189373,0.09031888997069391,0.155,0.010680791525639687,0.22371833941726782,0.03022596181224737,0.02
57,0.01631429892323289,0.5094368367284918,0.12577213439982365,0.134,0.011337675376421148,0.23673542625745422,0.06350903215251168,0.0595,0.01519286463221269,0.5130086285265111,0.09300850149446313,0.14,0.010795006594311,0.23469461217450271,0.029685873380093177,0.09
58,0.016787995964389665,0.5184205541060357,0.12777140824717495,0.14,0.011485692228319347,0.24786963088304895,0.06683397924453471,0.0785,0.01565530751461219,0.5233562523681587,0.10014242725289067,0.095,0.01084457264288724,0.24782472568648647,0.0310480764336087,0.06
59,0.01727619832081266,0.5272904960702239,0.13391201306246117,0.153,0.011635041922732252,0.25915387328650025,0.07147189210736817,0.074,0.016057865527128557,0.5329422188747547,0.10638312469862372,0.135,0.010924687086039775,0.26021270266087276,0.03316831793048144,0.075
60,0.01782488566110105,0.5362046334755565,0.14121419264945942,0.154,0.01179731075964751,0.2704774216389728,0.07749054127217685,0.0895,0.016454988778091446,0.5423600427091511,0.10835002926628111,0.16,0.011006798451316224,0.27091403665157854,0.037058762338989394,0.075
61,0.018357265724457374,0.5456891419893832,0.14634877046025288,0.1475,0.011971249065218192,0.28192510273684995,0.08020371816838369,0.0885,0.01681936049704619,0.5520303469979273,0.11276855371048349,0.135,0.011130618106066591,0.28121044821929364,0.04230742160886826,0.06
62,0.018918597539281188,0.5549887225702496,0.15261996311314652,0.149,0.012159996841296618,0.29374916848895294,0.08494368958598142,0.0885,0.01720215609547157,0.5619793326709366,0.11737839690175914,0.16,0.011325434132418629,0.29082079632684205,0.04425707617858124,0.08
63,0.019504471865683735,0.5636992603912778,0.1577980948235793,0.1375,0.012358866183977421,0.30534937633728637,0.08751889215116226,0.0825,0.017511899862206595,0.5694081825788162,0.12246648499396189,0.13,0.01151097634460248,0.3011590743166195,0.04879463496481911,0.06
64,0.020067874207052784,0.5724036071375852,0.1614860381831762,0.1715,0.01257479916130197,0.31670949807555016,0.0879696979110602,0.095,0.01814810202004165,0.577756972965556,0.1308728988893572,0.135,0.011674581454464879,0.3147110866621711,0.056593108706321324,0.05
65,0.02068537666157462,0.5811387036014486,0.16574944642476158,0.173,0.012810217811308162,0.3278511378671623,0.09303849714866853,0.106,0.018569153293937154,0.5851486983984087,0.13809385836284258,0.14,0.011823199611285109,0.3252011072843243,0.06307295813945744,0.07
66,0.021364925401164532,0.5896071700230804,0.17261093108323505,0.146,0.013040709329329152,0.3399090186065856,0.09942683132597234,0.095,0.019110513775102554,0.5929564041088377,0.13413951716376452,0.19,0.01193522850849386,0.33654375321842395,0.06641063304420046,0.085
67,0.02217092104156143,0.5977796504739107,0.17845203588030778,0.1705,0.013272367603200712,0.3507975581570096,0.10588165389268987,0.097,0.019686717807807428,0.6001697797972525,0.14251925623730943,0.15,0.01210378222472141,0.3476493420743521,0.06979276108933796,0.09
68,0.023055215036458018,0.6056162921974713,0.18498688238350014,0.1775,0.013539773613560308,0.361800685258509,0.109713130331885,0.098,0.020271075026671307,0.6095025977293361,0.15187087895221324,0.17,0.012300806924022164,0.35884935798080053,0.07288617501168276,0.075
69,0.024011731578718037,0.6130063353022387,0.19084324977165512,0.1625,0.013815370498327945,0.37280516068966013,0.11443989481236792,0.094,0.021042747957637765,0.6167309777534888,0.16024801010775036,0.16,0.012569764988529873,0.3700794891772679,0.07669190003588272,0.08
70,0.025121783633553843,0.6208281028700693,0.19411440176004668,0.186,0.014113857312020734,0.3838747983373699,0.12177008058210116,0.114,0.021832276168602945,0.6263335610499748,0.17296439427583607,0.14,0.012709433323548926,0.38179528958595094,0.08264291138403626,0.11
71,0.026106592682526072,0.6282821274563176,0.19856096668387083,0.195,0.014469801523330144,0.3946585704010963,0.12738203133076287,0.111,0.022500371192645748,0.6350036773101181,0.182913307079846,0.15,0.013064610365252529,0.39067308728199335,0.08706771043896928,0.095
72,0.027069377307657294,0.635693525271123,0.20599830955798276,0.2025,0.014865444212820593,0.40559161989731807,0.13536081838054542,0.111,0.023114470806523846,0.6420825140097025,0.19184386338422732,0.175,0.013282915754272973,0.401388334690565,0.09009623376742266,0.105
73,0.028132941811947303,0.6424700619194933,0.20936432322658852,0.1915,0.015264263756761409,0.41666486764696803,0.13524769216214455,0.118,0.02399038170130993,0.650666764846613,0.20216289386024783,0.145,0.013613912814044733,0.41302293790035904,0.0974632549670667,0.075
74,0.029219412504263676,0.6500587341566839,0.21599650542945567,0.1935,0.015699260828794432,0.4277727647361672,0.1373736798679898,0.1165,0.025162020616033197,0.6575502733385005,0.21518712155365935,0.17,0.01382268131011462,0.42455206466454415,0.10513807220190609,0.085
75,0.030383863654902504,0.6568511535406996,0.22381356255960924,0.1955,0.016173804131875108,0.4389025117649457,0.14603634717423644,0.1215,0.026358218876513226,0.662915676263904,0.22126294778839717,0.22,0.014084225896319809,0.43638305832492363,0.1101279899720725,0.115
76,0.03161749502756746,0.6637654622379123,0.23077477547728245,0.219,0.016648621001326986,0.44910158402041755,0.15443154007536636,0.1235,0.02714875653493011,0.6681694816837759,0.2332279192515049,0.185,0.014418464242015292,0.4462988163008303,0.11361898620163194,0.125
77,0.03313049114626326,0.6700692361278887,0.23675090135169113,0.2095,0.017203675280188305,0.459078162192492,0.15833526753870525,0.1435,0.028999946242702232,0.6756547012119013,0.24235524105475634,0.2,0.014828133533416164,0.45791323865538985,0.12451923377735465,0.095
78,0.03474669383527268,0.676364940154993,0.24419415965172322,0.2265,0.017670389624788306,0.46898055601682026,0.16724573963535844,0.128,0.030053419968677334,0.6844404110150982,0.2502680902610295,0.22,0.0152346137942053,0.468454003076408,0.12754499103848416,0.125
79,0.03643055204062297,0.6821910115640887,0.25210239169239,0.2195,0.018275180408698657,0.47888549319665324,0.1755780665080856,0.1435,0.03124072917384863,0.6907593960548701,0.2468074557373248,0.285,0.015545356480066672,0.4787701304290626,0.1338434441829766,0.125
80,0.03815040081026171,0.6885699132604671,0.25887484925414683,0.2245,0.018914082630742905,0.48937184589460037,0.1861827444530681,0.15,0.03303214618923321,0.6954304471640483,0.2530740351942588,0.225,0.016275588250135066,0.49089445905414375,0.1399163747526415,0.165
81,0.03993315984069504,0.6946778565658122,0.2654550605040472,0.2315,0.019568437717091925,0.4994666140241978,0.18998249416005694,0.157,0.0342296959040519,0.7005433130721158,0.25872282788063106,0.25,0.016740831598478823,0.5009432170567423,0.14913188620574902,0.12
82,0.041715663448820405,0.700473621369973,0.27193848673597576,0.2395,0.020225086049054406,0.5093844953686425,0.19561241418843958,0.172,0.036252367687742,0.7076234752210061,0.26386450487089586,0.24,0.017197825850833504,0.5111241262451509,0.1576097803848515,0.125
83,0.043724103801372836,0.7058971410379764,0.2768528223022285,0.2355,0.020996997589967013,0.5196522195343645,0.20583299550608364,0.1565,0.03773790460837479,0.7139366272712888,0.2725542314369187,0.22,0.017822424328993922,0.5208410065764767,0.16258000232794761,0.145
84,0.04567183325858183,0.7116120217676715,0.2835685554346689,0.2475,0.0218062747480864,0.529522078542463,0.21161433081612332,0.161,0.03947272567718868,0.7192234153562832,0.2781188869911267,0.265,0.01832499782782566,0.531267422974402,0.1717435800341597,0.13
85,0.04769226175093994,0.7175332475886192,0.2895516136342272,0.2425,0.02271400963381872,0.5383960627946371,0.22057170406306675,0.1575,0.041326455661911426,0.7250355067235225,0.28239517132831027,0.265,0.01911986198118854,0.5424062880359246,0.1805809811739508,0.15
86,0.049990342902082534,0.7226186964630646,0.29398797581995145,0.256,0.02362286568786844,0.5477984049218594,0.23166219434192686,0.175,0.0431984625219011,0.7295741843103339,0.2935923608609641,0.215,0.02043499009819576,0.5501850906571167,0.18805985768153677,0.175
87,0.05227639023811331,0.7278789132241947,0.29977120053733736,0.2585,0.024691947225551455,0.5572428777519444,0.2410951174534053,0.17,0.04521077686903605,0.7355113533186128,0.30172601136260535,0.235,0.02123572964090932,0.560646035526355,0.19139200247123112,0.205
88,0.054542165372344284,0.7332092623661053,0.305385333524143,0.25,0.025986906419610177,0.5669031786155021,0.25132368592075777,0.2005,0.04794444123623931,0.7403507127920079,0.3046466240850958,0.265,0.02176567406844126,0.571402476201274,0.20405484055958442,0.175
89,0.05711932836560847,0.7378848187253394,0.31096006532088327,0.273,0.027050124243935714,0.5753166077912766,0.25564143725787447,0.195,0.05003787064893096,0.7444254019473112,0.3121683716150861,0.255,0.02251456339672391,0.5807529086740415,0.21370436355584593,0.165
90,0.0600221079532183,0.7425911276838527,0.315793452077882,0.2665,0.028390419927005008,0.5850426157420656,0.2613536421196295,0.196,0.05366342434670556,0.7493088776703978,0.316052861387344,0.28,0.02329185542228599,0.589023529985314,0.22451622296804646,0.165
91,0.06263646536515954,0.7472124787920105,0.3210624783552174,0.2555,0.029879168908767975,0.5935419004916862,0.2670876869447362,0.2145,0.05580008033534613,0.7559572613966823,0.3159470698704298,0.31,0.024253278149903728,0.5963091452551632,0.23479459297232083,0.18
92,0.06566169263301617,0.7514488333692435,0.32567475828326187,0.263,0.03120627333656973,0.6019904158512612,0.2762219245296673,0.2195,0.05763393316702696,0.7612241929986358,0.32724617868733136,0.25,0.025550919061048463,0.6047078645723759,0.24530329661625308,0.195
93,0.06863436955137125,0.7559290844976015,0.3303197629534229,0.276,0.03266607770722904,0.6094866006820087,0.28175072063402823,0.218,0.05952095321936521,0.7658095636204869,0.33147968052609805,0.275,0.02671493621333378,0.6103159813098883,0.2503477947334387,0.195
94,0.07177089765493323,0.7601036420225445,0.3352697322488099,0.2755,0.034309830980255925,0.6174974405128245,0.2906605879761428,0.2145,0.06275231955998839,0.7712626084885291,0.33554462577110705,0.285,0.028376143776456034,0.6191798440889279,0.25690858799233285,0.21
95,0.07524382705736188,0.7642284664049801,0.3394707980297009,0.2845,0.03588833014431889,0.6247245174210149,0.28818005567881816,0.228,0.06658786759041141,0.7756617019959151,0.3432301390658218,0.29,0.029841776257897582,0.6262609119938549,0.2646512617162308,0.17
96,0.07862051439450228,0.7680066276604804,0.3439258161075334,0.273,0.03760992244486155,0.6323790471112185,0.29975849863327747,0.2255,0.06994412530557001,0.7794729357531348,0.3443737072298221,0.29,0.031151536963051382,0.6326828951190163,0.2740531033956227,0.205
97,0.0825158644085285,0.7721331296839323,0.34654784073405975,0.287,0.03945076883722094,0.6399793382969657,0.3075216172680111,0.2285,0.07293047412926079,0.7829739395772377,0.35061059939002864,0.235,0.03218556502911836,0.6396821038576467,0.2780788831878595,0.21
98,0.08597492075193325,0.7762366705090457,0.35133417999389077,0.2915,0.04127702740013728,0.6470672855270374,0.3141458663216181,0.2355,0.07560211361877,0.7878032175448145,0.3527264182438381,0.325,0.033815566971807806,0.6468250558113726,0.2812524899098147,0.23
99,0.08988067837449236,0.779964001002555,0.35540854116377124,0.303,0.04334371035066332,0.6536024836724814,0.32499886137872536,0.246,0.07913463225004906,0.791451537135272,0.36070275510977046,0.29,0.03494254422077971,0.6536543662621043,0.2845744869151442,0.25
100,0.09432995417043637,0.779964001002555,0.35568630689628206,0.2855,0.04556493402691944,0.6607826589695598,0.3294884884614015,0.242,0.08495165340899254,0.791451537135272,0.35936669352050665,0.305,0.036274882456542826,0.6590008655836672,0.2913818860212338,0.215
101,0.09836047988896982,0.779964001002555,0.3560117743533267,0.286,0.047814544468246484,0.6675104869296626,0.33409754824256455,0.267,0.09093906468510118,0.791451537135272,0.36183650916990684,0.305,0.03801684997742027,0.6659029884584872,0.2990956586903312,0.225
102,0.10267272655735961,0.779964001002555,0.356909518831406,0.277,0.0504957433469762,0.6742071696327584,0.34349085666397666,0.276,0.09485801463829731,0.791451537135272,0.3624443637211561,0.295,0.040597846084883454,0.6730434276587878,0.30361182532641406,0.265
103,0.10691236751845806,0.779964001002555,0.3579332766053527,0.28,0.05309321022465252,0.6809750229046665,0.3520228777472646,0.264,0.10043147823177911,0.791451537135272,0.3665451481516243,0.3,0.041903835193901104,0.6783887453695437,0.3117467703803295,0.26
104,0.11125994508981822,0.779964001002555,0.35798174981771685,0.2775,0.05593469891857824,0.6874468348209193,0.3597286280663616,0.2755,0.10685505595956775,0.791451537135272,0.3703713170813501,0.26,0.04373225251641385,0.6835240620834939,0.3198858786370129,0.245
105,0.11564370862467896,0.779964001002555,0.35849975900196585,0.2925,0.05898387075172955,0.6938829621944628,0.3667486550670291,0.2695,0.11150914013452123,0.791451537135272,0.37117113181570366,0.305,0.04626465751227376,0.6907051402025395,0.3281743641886991,0.25
106,0.12057095631013658,0.779964001002555,0.35885976536338104,0.292,0.061849577652357254,0.7002824456181918,0.36950079469056923,0.291,0.11671641811345987,0.791451537135272,0.37197128696078996,0.305,0.04943622105488637,0.6980269805239115,0.3357309041742301,0.27
107,0.12563539217679118,0.779964001002555,0.35972216463575774,0.2815,0.06502998744516948,0.705309671509912,0.37615775864074075,0.291,0.12054964475718727,0.791451537135272,0.37291299417105483,0.29,0.052758142310740705,0.7032415328740391,0.34296252913313524,0.29
108,0.13074610367115286,0.779964001002555,0.35994912627457676,0.291,0.06848375065206357,0.7111505466092083,0.37974567561785294,0.294,0.12489754878816971,0.791451537135272,0.3754216487639466,0.315,0.05513969711254155,0.7082889407080423,0.3505139029660508,0.29
109,0.13503381594496855,0.779964001002555,0.3602112907116204,0.283,0.07245827152826836,0.7164990009351868,0.38469784389609074,0.294,0.12901945764561293,0.791451537135272,0.3754227763125681,0.31,0.05801339568853087,0.7135227466973446,0.3539384247999658,0.295
110,0.1401188676320961,0.779964001002555,0.360681356094377,0.2825,0.07616193001396236,0.721899653914057,0.3907045432456008,0.297,0.13407028810567845,0.791451537135272,0.37218515735995167,0.34,0.06088167001582968,0.7187094431417077,0.3570013754034299,0.3
111,0.14453947628307257,0.779964001002555,0.3607243812335951,0.292,0.08000235006884011,0.7274279372534612,0.3911679312053371,0.3095,0.13848326877349723,0.791451537135272,0.37370179935216524,0.295,0.0641395573310539,0.7239562888271617,0.36181012893142545,0.265
112,0.14843973708262498,0.779964001002555,0.3611981939280414,0.2895,0.08458507744716393,0.7320874215737663,0.39877772777661175,0.294,0.14226496816948503,0.791451537135272,0.3761606157237138,0.325,0.06757825243664844,0.7276245393447702,0.36759140778899435,0.31
113,0.15245413491289578,0.779964001002555,0.3615671302398271,0.285,0.08908708670348833,0.737316001870902,0.40655046138601086,0.3105,0.1488498651093465,0.791451537135272,0.3721150229827851,0.32,0.06928162152909301,0.7338481445651653,0.3744370675755435,0.315
114,0.1575305386412824,0.779964001002555,0.3615251452047194,0.2875,0.09340961768043855,0.742034718160059,0.41148426203364386,0.311,0.15328145287736106,0.791451537135272,0.3736816372026492,0.29,0.07251777003209203,0.7394152454609647,0.38068985699811086,0.295
115,0.1623532293022317,0.779964001002555,0.3619860287622319,0.2815,0.09850189865116186,0.7467740693366341,0.4143069975350381,0.323,0.15825689426520106,0.791451537135272,0.3747577095136841,0.33,0.07523584137464566,0.7427941618218535,0.38776512284917364,0.325
116,0.166841262197979,0.779964001002555,0.3623109064694845,0.286,0.10321870648196682,0.751302774310977,0.4170105698565559,0.3255,0.16156766154362195,0.791451537135272,0.3761184958551153,0.32,0.08061496017264934,0.7480780625915726,0.39245874904161204,0.315
117,0.171249613798485,0.779964001002555,0.3624636242579576,0.28,0.10823254527505152,0.7555579348763919,0.4214664574535826,0.348,0.16829979189609962,0.791451537135272,0.3746070775307285,0.325,0.08298154180159166,0.7531559832015147,0.403521657724767,0.325
118,0.17717400472652517,0.779964001002555,0.36284559506255615,0.2815,0.11327425495713885,0.7597233810455268,0.42305304804279964,0.3345,0.1738690686291975,0.791451537135272,0.3721871468297543,0.315,0.08755871319287216,0.7572512868146114,0.41295413344583026,0.3
119,0.18227604766421918,0.779964001002555,0.36287447861829036,0.2835,0.11833768533250642,0.7640155246276192,0.42825511449721676,0.329,0.1805977326412987,0.791451537135272,0.37771339786577945,0.265,0.09234598776807422,0.7620915283005057,0.42071537758724065,0.315
120,0.18781467280555467,0.779964001002555,0.36329273319177025,0.288,0.12335946479578994,0.7679519770395135,0.4323213874890395,0.3445,0.18491885687406664,0.791451537135272,0.37919564050121013,0.32,0.09813030785868619,0.7661309803295958,0.42643269072058293,0.34
121,0.1929040247465539,0.779964001002555,0.3634176765866062,0.281,0.1288213730759445,0.7719828041434238,0.436879662326099,0.3385,0.19271484169671824,0.791451537135272,0.37652504482240984,0.315,0.10190485258754968,0.770039105474835,0.4326058457090964,0.355
122,0.1978251993148254,0.779964001002555,0.3634624267729707,0.292,0.13472858734098553,0.775664162157914,0.44009745555729873,0.3345,0.19642503080796872,0.791451537135272,0.37490330340207284,0.33,0.10631076955804407,0.774752146132344,0.4391597405970231,0.355
123,0.2029733929943079,0.779964001002555,0.3638307760280256,0.272,0.14026136052416321,0.7798568527153364,0.44516560358208457,0.3465,0.20029507928229612,0.791451537135272,0.3752844067033409,0.31,0.11220744733258192,0.7786769999068963,0.443821802475181,0.36
124,0.20822220113076031,0.779964001002555,0.36437351795181705,0.2895,0.14551138615338222,0.7837170523316198,0.44094060919997324,0.348,0.20473647210186738,0.791451537135272,0.37999328760499684,0.31,0.12004987789554239,0.7818137977786891,0.452378364006844,0.29
125,0.2121207882353307,0.779964001002555,0.3647667766703977,0.288,0.15117372490181452,0.7837170523316198,0.44345838106692276,0.346,0.21141869587977039,0.791451537135272,0.3797957139564534,0.32,0.12619515871667555,0.7818137977786891,0.4564603627974111,0.38
126,0.21773197322814802,0.779964001002555,0.3650947214447264,0.271,0.15728284179779342,0.7837170523316198,0.44928424741493034,0.3585,0.21504370526647468,0.791451537135272,0.3793472815788608,0.31,0.13227423510637143,0.7818137977786891,0.459521801610054,0.365
127,0.22282909605979714,0.779964001002555,0.3650652809032291,0.276,0.16366311041640141,0.7837170523316198,0.455007115613299,0.355,0.2182671642093448,0.791451537135272,0.3763769527070388,0.31,0.1377018261929087,0.7818137977786891,0.4596868816253328,0.415
128,0.2285215314285448,0.779964001002555,0.36518763962735634,0.2725,0.16922382771235853,0.7837170523316198,0.45854252691116615,0.352,0.22269756305633834,0.791451537135272,0.3778404472608667,0.295,0.14409747397101375,0.7818137977786891,0.46081249542100094,0.395
129,0.2330791578953314,0.779964001002555,0.36558302890979094,0.268,0.17594992060985115,0.7837170523316198,0.4596305666362858,0.3645,0.22798526953166298,0.791451537135272,0.3776121768748126,0.285,0.15138510803097993,0.7818137977786891,0.4644836598559868,0.405
130,0.23758791246828018,0.779964001002555,0.3653019929445013,0.2815,0.18246852666005306,0.7837170523316198,0.4624049811441287,0.3675,0.23239278974251895,0.791451537135272,0.3765806990699128,0.3,0.15748767705745564,0.7818137977786891,0.4689795517268771,0.375
131,0.24179403668736485,0.779964001002555,0.3653071806156191,0.294,0.1880116170180875,0.7837170523316198,0.4653172089549409,0.3715,0.23626895949242396,0.791451537135272,0.3765641993546502,0.295,0.16557043453425913,0.7818137977786891,0.47269241360523767,0.385
132,0.24722135540316978,0.779964001002555,0.3657129258603747,0.2705,0.19433921887549072,0.7837170523316198,0.4675457247692224,0.371,0.24361874505437892,0.791451537135272,0.3730981188095362,0.325,0.17208441264745855,0.7818137977786891,0.4755414815141644,0.41
133,0.25168551384434396,0.779964001002555,0.3654833179077784,0.2775,0.2004335433913104,0.7837170523316198,0.46853122413859716,0.3675,0.24916850716213357,0.791451537135272,0.37077160098344436,0.305,0.17875630984492488,0.7818137977786891,0.4785777293937216,0.35
134,0.25585741392692474,0.779964001002555,0.3655646078366124,0.2805,0.20725857475910886,0.7837170523316198,0.4700700458658555,0.378,0.2531507358834192,0.791451537135272,0.3667899310941487,0.325,0.18670114313646832,0.7818137977786891,0.48056904040463017,0.35
135,0.2600990155402605,0.779964001002555,0.3656236159215229,0.288,0.21400634188266154,0.7837170523316198,0.4721286680794707,0.3655,0.2551906710336831,0.791451537135272,0.3727696575654536,0.28,0.19450444492550237,0.7818137977786891,0.48369531157800105,0.405
136,0.26417837162330643,0.779964001002555,0.3655697301129061,0.275,0.22044457821718064,0.7837170523316198,0.47487192100412445,0.3875,0.2602928129373295,0.791451537135272,0.3692670487001394,0.31,0.20317719818577906,0.7818137977786891,0.48757811232570303,0.375
137,0.267408177279264,0.779964001002555,0.3659041679466517,0.281,0.22709609372476203,0.7837170523316198,0.4778696260603404,0.38,0.2655786471832872,0.791451537135272,0.36839279607730335,0.31,0.20884965496178048,0.7818137977786891,0.4893494928184394,0.41
138,0.27207790780338065,0.779964001002555,0.36616319242789525,0.2795,0.23408290467300852,0.7837170523316198,0.4779851672399653,0.376,0.2720096823751809,0.791451537135272,0.3666537531338663,0.3,0.2134698658384908,0.7818137977786891,0.4906428051769465,0.435
139,0.2766596622154748,0.779964001002555,0.3658238859000496,0.2925,0.2401258835698084,0.7837170523316198,0.4784946983912561,0.393,0.2762718412603762,0.791451537135272,0.365943069345973,0.27,0.2193215347214193,0.7818137977786891,0.49459332396680183,0.395
140,0.2786565382818682,0.779964001002555,0.3658988607326107,0.2735,0.24678643368087919,0.7837170523316198,0.4807347277149392,0.371,0.2779073291913043,0.791451537135272,0.36825324234922524,0.285,0.22916979416609423,0.7818137977786891,0.49611981696720053,0.41
141,0.28235620294872693,0.779964001002555,0.36571549352082183,0.2825,0.253817137408176,0.7837170523316198,0.48222997856035554,0.388,0.2824838565748828,0.791451537135272,0.36459336846864004,0.3,0.23651006995415205,0.7818137977786891,0.5007711742411557,0.4
142,0.28536005059399494,0.779964001002555,0.36580170598096395,0.2725,0.26098216285170656,0.7837170523316198,0.48314034307234827,0.4035,0.2853022658702766,0.791451537135272,0.36257053227878827,0.31,0.24231699158017947,0.7818137977786891,0.5031682430714384,0.41
143,0.2881928826643607,0.779964001002555,0.36575728142086156,0.2755,0.26804278227703643,0.7837170523316198,0.47876908902924614,0.4,0.28805880997937366,0.791451537135272,0.3596739054225925,0.31,0.24760383914499,0.7818137977786891,0.5056443316653395,0.365
144,0.29067689297486354,0.779964001002555,0.3660997009003349,0.2735,0.2750212258383463,0.7837170523316198,0.484254304801111,0.383,0.29159761491135205,0.791451537135272,0.3546227674032832,0.325,0.2555390358934175,0.7818137977786891,0.506333841398007,0.425
145,0.29404791224456445,0.779964001002555,0.3657507008296845,0.288,0.28121189321520934,0.7837170523316198,0.48617386334958634,0.377,0.29824898443354514,0.791451537135272,0.35850627827772164,0.25,0.25982085941783806,0.7818137977786891,0.5062980497659486,0.445
146,0.2985174840521542,0.779964001002555,0.36591949399855583,0.2845,0.28720686417175195,0.7837170523316198,0.4888877484799589,0.392,0.3010755835844821,0.791451537135272,0.3568566659513222,0.295,0.2668862915140796,0.7818137977786891,0.5094774638280221,0.43
147,0.3013332394722291,0.779964001002555,0.3659438654643734,0.2755,0.2950792324262797,0.7837170523316198,0.48912677435464197,0.408,0.3062562053906859,0.791451537135272,0.3583575335845102,0.285,0.2737047449981311,0.7818137977786891,0.5125577209964182,0.415
148,0.30431539110101985,0.779964001002555,0.3659971659168253,0.2815,0.3024506729914045,0.7837170523316198,0.4903476487344572,0.395,0.31015374693656683,0.791451537135272,0.35840201320809933,0.3,0.2797110912559619,0.7818137977786891,0.5139622156693574,0.44
149,0.30676789067229965,0.779964001002555,0.36579594679588345,0.28,0.30894587149393676,0.7837170523316198,0.4905035472961049,0.3875,0.31172422578113684,0.791451537135272,0.35955873030574176,0.28,0.2888801762776419,0.7818137977786891,0.5157040070502359,0.415
150,0.30983004634222283,0.779964001002555,0.36565238792388954,0.2685,0.315212820676724,0.7837170523316198,0.49608586664783644,0.388,0.3145240071395899,0.791451537135272,0.360979425997977,0.25,0.2947081066560692,0.7818137977786891,0.5161881330350114,0.495
151,0.31232104103367775,0.779964001002555,0.3656131692867617,0.282,0.32181411723822634,0.7837170523316198,0.4918424477877107,0.4155,0.3174513613661606,0.791451537135272,0.3621276432238719,0.295,0.30012971312603404,0.7818137977786891,0.5187314696334263,0.425
152,0.31511300673549314,0.779964001002555,0.3657071423976515,0.2775,0.3277685711646061,0.7837170523316198,0.4935640455506003,0.4135,0.3175102852278172,0.791451537135272,0.36479934049938706,0.295,0.3103339469974108,0.7818137977786891,0.5168409078022944,0.46
153,0.31887263513903813,0.779964001002555,0.36585824766578495,0.2705,0.33302116226574363,0.7837170523316198,0.4936028020711457,0.41,0.3169772437484493,0.791451537135272,0.36500531513856976,0.295,0.31875702192749444,0.7818137977786891,0.519903082677396,0.415
154,0.3224426241017764,0.779964001002555,0.36575402610655205,0.286,0.33849200701704035,0.7837170523316198,0.49594899780062307,0.3935,0.32261136165021365,0.791451537135272,0.3666608285584399,0.305,0.3229799854315265,0.7818137977786891,0.522740275900743,0.435
155,0.32449187211479685,0.779964001002555,0.36603053824329335,0.2685,0.34516722961841034,0.7837170523316198,0.4960650020460223,0.4255,0.325584215604878,0.791451537135272,0.35962382627095457,0.345,0.3260907682278858,0.7818137977786891,0.5253137755415301,0.46
156,0.32765055555897993,0.779964001002555,0.3659649116747845,0.269,0.35017022820946964,0.7837170523316198,0.4971890155579114,0.422,0.3289268634333491,0.791451537135272,0.36055517511978713,0.29,0.33236582363990747,0.7818137977786891,0.5281627165024692,0.41
157,0.3300546136492944,0.779964001002555,0.36591040604869396,0.2775,0.3557585416848398,0.7837170523316198,0.49915726877270006,0.409,0.3335906356544441,0.791451537135272,0.36222602468210235,0.31,0.3380532708454777,0.7818137977786891,0.5284684514760422,0.46
158,0.3317154198719423,0.779964001002555,0.3661913378755115,0.2725,0.36166943246718924,0.7837170523316198,0.49998768467605725,0.422,0.3378584446267203,0.791451537135272,0.360909932534531,0.305,0.3430289375369502,0.7818137977786891,0.531301728583354,0.46
159,0.33416567134798136,0.779964001002555,0.36623015773190054,0.272,0.36808608999655634,0.7837170523316198,0.5016017547703847,0.427,0.3380561737864092,0.791451537135272,0.35907204203508836,0.3,0.34955895674316856,0.7818137977786891,0.53378781136614,0.445
160,0.33711129578966914,0.779964001002555,0.3662829899968033,0.27,0.3736761960524591,0.7837170523316198,0.5006598586409884,0.417,0.34054791518689265,0.791451537135272,0.36078297800259773,0.265,0.35781675221146464,0.7818137977786891,0.5362226739843119,0.42
161,0.3400092218304954,0.779964001002555,0.3663118984651217,0.277,0.37863456739488077,0.7837170523316198,0.5023397712976795,0.4275,0.34251736258863247,0.791451537135272,0.361783387525477,0.285,0.362009551502013,0.7818137977786891,0.5384585882712342,0.45
162,0.34152346329884387,0.779964001002555,0.36633207798194517,0.272,0.3840974674504221,0.7837170523316198,0.5051884511730942,0.4125,0.3457093640870433,0.791451537135272,0.3595554673685752,0.305,0.3659066054485063,0.7818137977786891,0.5383112610817394,0.47
163,0.34343786014034633,0.779964001002555,0.3663588708759887,0.2835,0.3892648487761403,0.7837170523316198,0.5073404157318427,0.428,0.348897214804556,0.791451537135272,0.35773205067641983,0.295,0.37380244843608956,0.7818137977786891,0.541610352198347,0.445
164,0.3461306544731256,0.779964001002555,0.36647277873262263,0.266,0.3939697519067098,0.7837170523316198,0.5085555725593542,0.4185,0.3503373352261401,0.791451537135272,0.3575511480056729,0.33,0.38074122088483775,0.7818137977786891,0.5432061203620158,0.475
165,0.34779911688751197,0.779964001002555,0.366290294072209,0.277,0.39927889832497143,0.7837170523316198,0.5088071302344658,0.422,0.3508311910830434,0.791451537135272,0.35962229969077214,0.27,0.3887744778241568,0.7818137977786891,0.5440285971190179,0.48
166,0.35024128878170446,0.779964001002555,0.36632745570253783,0.258,0.403696976490403,0.7837170523316198,0.5058305112975133,0.4435,0.35278438102579424,0.791451537135272,0.3579562221897162,0.285,0.3954808315388261,0.7818137977786891,0.5466388242278185,0.41
167,0.35212194123875745,0.779964001002555,0.3662335729113294,0.273,0.4087117202398346,0.7837170523316198,0.5072954943348519,0.4315,0.35906100228565846,0.791451537135272,0.35592553472102023,0.3,0.3979003998804845,0.7818137977786891,0.5474397077088217,0.475
168,0.35367124935751126,0.779964001002555,0.36599554109928806,0.2775,0.4130725288085146,0.7837170523316198,0.5112857704034159,0.4425,0.3612781375598962,0.791451537135272,0.3567897209195046,0.27,0.3993078216568196,0.7818137977786891,0.5478380934358397,0.475
169,0.3553976725198383,0.779964001002555,0.3661229561651277,0.268,0.4182331085223397,0.7837170523316198,0.5102518641488344,0.436,0.3627982555878672,0.791451537135272,0.3578596831832365,0.29,0.40543305929645207,0.7818137977786891,0.5504783561213964,0.45
170,0.3581861197473976,0.779964001002555,0.36617690204112785,0.2695,0.42264278285146367,0.7837170523316198,0.5113315947700073,0.4415,0.3648132691899795,0.791451537135272,0.3589058578055468,0.3,0.41054595263663307,0.7818137977786891,0.550757810421739,0.47
171,0.35905912137020785,0.779964001002555,0.36628843887506457,0.27,0.4273224831832076,0.7837170523316198,0.5121451547222166,0.434,0.36571475444985097,0.791451537135272,0.3577834785786101,0.285,0.41602622528944017,0.7818137977786891,0.5559569832229453,0.44
172,0.36228092692108366,0.779964001002555,0.36623005708343864,0.276,0.43084455464652394,0.7837170523316198,0.5114495860551265,0.4375,0.372041179252335,0.791451537135272,0.35507456265304443,0.295,0.4197978742593353,0.7818137977786891,0.5599637661304664,0.495
173,0.36529542875315013,0.779964001002555,0.36622226672784497,0.2695,0.4338074866010654,0.7837170523316198,0.5144225796282111,0.4285,0.3713954360294938,0.791451537135272,0.3539233363623978,0.295,0.4262927441583965,0.7818137977786891,0.5623463869338775,0.48
174,0.3684355365077054,0.779964001002555,0.3662098169670483,0.2735,0.43609634716638657,0.7837170523316198,0.51177909369917,0.435,0.3727096194668277,0.791451537135272,0.3567796370261825,0.28,0.43165935867057165,0.7818137977786891,0.5630895183442126,0.47
175,0.36828692172770416,0.779964001002555,0.3661892691774021,0.2675,0.4404779098479123,0.7837170523316198,0.5161951245638344,0.4415,0.3735720539383917,0.791451537135272,0.3578404367118123,0.27,0.43606848281816935,0.7818137977786891,0.5636397446444528,0.515
176,0.3704033207604847,0.779964001002555,0.36633976624825726,0.2765,0.44459361721102486,0.7837170523316198,0.5148648402909974,0.4245,0.3757698278880982,0.791451537135272,0.35798378801819086,0.31,0.4424167350784838,0.7818137977786891,0.5646104491837269,0.485
177,0.3708539548447334,0.779964001002555,0.36640180834979047,0.278,0.4483996430627588,0.7837170523316198,0.5156223873010378,0.4355,0.3764442856522121,0.791451537135272,0.35476791215559444,0.305,0.4477367287605389,0.7818137977786891,0.5657346420620527,0.46
178,0.3720322117789658,0.779964001002555,0.3662737384208769,0.2725,0.45215611738812644,0.7837170523316198,0.5177955247990231,0.4285,0.374588860300814,0.791451537135272,0.3549587904880799,0.28,0.45755117290125047,0.7818137977786891,0.5679405968108862,0.51
179,0.37321682745264634,0.779964001002555,0.3663244918427116,0.2695,0.45508136359530377,0.7837170523316198,0.5176354188742532,0.4455,0.3743114562324776,0.791451537135272,0.35652847844053837,0.285,0.46407059920151966,0.7818137977786891,0.5721663033976199,0.51
180,0.3745843400157473,0.779964001002555,0.3661355530455376,0.2805,0.45875128063093934,0.7837170523316198,0.5168205569503012,0.442,0.3763917645917534,0.791451537135272,0.36044671280737434,0.265,0.46788673525638325,0.7818137977786891,0.5695145455996046,0.5
181,0.3764299269330024,0.779964001002555,0.3661192240290935,0.2655,0.46180940946984045,0.7837170523316198,0.5180320767915514,0.4385,0.3788197085834853,0.791451537135272,0.3583473092053304,0.29,0.46991906646477566,0.7818137977786891,0.5726174987034194,0.52
182,0.37809848774216853,0.779964001002555,0.3660593682147912,0.26,0.464550743324512,0.7837170523316198,0.5177590214848284,0.447,0.3807827992701274,0.791451537135272,0.35982969508517504,0.27,0.4729352133168738,0.7818137977786891,0.5790859354879956,0.48
183,0.3792187858086507,0.779964001002555,0.3658333281316499,0.269,0.4675672856852607,0.7837170523316198,0.5209425821760094,0.448,0.3819439699845399,0.791451537135272,0.3570760989663201,0.285,0.4779331629772921,0.7818137977786891,0.5767601588922825,0.525
184,0.3789041891433315,0.779964001002555,0.36590527108877124,0.2645,0.47148604405134853,0.7837170523316198,0.5194238994552577,0.4555,0.38463565874770816,0.791451537135272,0.35558142233415324,0.285,0.48370965164561,0.7818137977786891,0.5774918099375014,0.495
185,0.3800233051122573,0.779964001002555,0.36611337542518385,0.271,0.474682718583038,0.7837170523316198,0.5208010996081731,0.4415,0.3898705351607314,0.791451537135272,0.3561598814699923,0.3,0.4845539137363338,0.7818137977786891,0.5774796193216916,0.485
186,0.3807768717652081,0.779964001002555,0.36607255480344103,0.27,0.47697119323209985,0.7837170523316198,0.5203905217534266,0.4495,0.3918446142810658,0.791451537135272,0.3589030735350102,0.25,0.4865650086267184,0.7818137977786891,0.5792886972610337,0.505
187,0.3813284204101736,0.779964001002555,0.36601205129234965,0.2645,0.4797662164868858,0.7837170523316198,0.5175513938087233,0.4465,0.390215744860988,0.791451537135272,0.35926238411172895,0.27,0.4909476729129809,0.7818137977786891,0.5810225823604251,0.475
188,0.3825541937783446,0.779964001002555,0.3659882092083856,0.266,0.4821929542630008,0.7837170523316198,0.5188945947259739,0.4425,0.389187793994229,0.791451537135272,0.3581114688742062,0.3,0.49774882919668073,0.7818137977786891,0.5801941334968109,0.505
189,0.3847133172665079,0.779964001002555,0.36575664497092053,0.2725,0.48398639451220954,0.7837170523316198,0.5195545687968406,0.451,0.3909745592249861,0.791451537135272,0.35886744639749923,0.265,0.5021011212014621,0.7818137977786891,0.5805406798226372,0.485
190,0.3861401416706579,0.779964001002555,0.3658161961786248,0.2755,0.48654742944727564,0.7837170523316198,0.520189314401757,0.447,0.3924912834075041,0.791451537135272,0.3573783122385905,0.31,0.5060494705251622,0.7818137977786891,0.5796764778499425,0.495
191,0.3880710565767186,0.779964001002555,0.3659248534933747,0.2795,0.48829493337074753,0.7837170523316198,0.5226244651900633,0.4345,0.3903999791480544,0.791451537135272,0.35807961835567254,0.28,0.5102245229235216,0.7818137977786891,0.5803464014970257,0.52
192,0.3889126811708293,0.779964001002555,0.3659590863967158,0.2715,0.49033989487905255,0.7837170523316198,0.521771644403455,0.4545,0.38815861630891896,0.791451537135272,0.3570201187360686,0.315,0.5174532074582602,0.7818137977786891,0.5806434359219323,0.52
193,0.38881889624358323,0.779964001002555,0.3659940613187368,0.2685,0.49311264682774714,0.7837170523316198,0.5214435813950757,0.4575,0.3902339691090665,0.791451537135272,0.35527448900989356,0.3,0.518793031940226,0.7818137977786891,0.5836272173793728,0.5
194,0.3893718070655617,0.779964001002555,0.36588515658871756,0.2725,0.4953659918894729,0.7837170523316198,0.5206036156745423,0.444,0.39035933287691166,0.791451537135272,0.35555114222874,0.26,0.5218009318196141,0.7818137977786891,0.5842025695787375,0.485
195,0.3902767593557344,0.779964001002555,0.3658751214255435,0.2645,0.4966773972215703,0.7837170523316198,0.519103615287441,0.4315,0.3896362572582309,0.791451537135272,0.3551066037663495,0.295,0.5286001356309652,0.7818137977786891,0.5836185015314559,0.525
196,0.3905263869437081,0.779964001002555,0.36582984479599845,0.274,0.4980644521913523,0.7837170523316198,0.5206857475279754,0.445,0.3900102125545222,0.791451537135272,0.356907076050006,0.27,0.5297544313251323,0.7818137977786891,0.5839543764763454,0.51
197,0.3926778698594259,0.779964001002555,0.3658817058622296,0.2645,0.4993549911622812,0.7837170523316198,0.5230855260494319,0.454,0.3915706350445032,0.791451537135272,0.3511431833359761,0.31,0.5326704274281862,0.7818137977786891,0.5868093100161839,0.52
198,0.3933056300611171,0.779964001002555,0.3658588530411192,0.268,0.5009011077717602,0.7837170523316198,0.5237913037462867,0.458,0.3919087102531646,0.791451537135272,0.3510351855830986,0.29,0.5356414284605266,0.7818137977786891,0.5885304141708112,0.49
199,0.3939264079603241,0.779964001002555,0.3657953395300376,0.268,0.5028788571534516,0.7837170523316198,0.5247003030037969,0.472,0.3945515883196078,0.791451537135272,0.3490511449144924,0.3,0.5363945248455689,0.7818137977786891,0.5918272966138768,0.51
200,0.39475950064206095,0.779964001002555,0.3658114154771386,0.266,0.5045919051530522,0.7837170523316198,0.5251535009408541,0.4525,0.39306818387758563,0.791451537135272,0.34787859982327246,0.255,0.5405526154397338,0.7818137977786891,0.5886356208962248,0.565
201,0.39417515984722895,0.779964001002555,0.36581375291455887,0.267,0.5071957791589246,0.7837170523316198,0.523576247683454,0.4605,0.39662519342180835,0.791451537135272,0.34653926291041415,0.29,0.5408296924474346,0.7818137977786891,0.5887175226103226,0.485
202,0.39444955883052046,0.779964001002555,0.36570166213562055,0.264,0.508567058378556,0.7837170523316198,0.525388528299033,0.467,0.39947241230222863,0.791451537135272,0.34358101436730465,0.285,0.5429760917637962,0.7818137977786891,0.5916369393632522,0.515
203,0.3952117916170317,0.779964001002555,0.36575200669263747,0.286,0.5089695446505346,0.7837170523316198,0.5253822017363449,0.4335,0.3995681546694599,0.791451537135272,0.3428093484380789,0.28,0.5446465601508655,0.7818137977786891,0.5905741038048494,0.5
204,0.3960430697959217,0.779964001002555,0.3656140007142973,0.2665,0.5105442597166281,0.7837170523316198,0.5259139203819736,0.452,0.397648694226968,0.791451537135272,0.3448153224541612,0.265,0.5498145192200795,0.7818137977786891,0.5917252907369881,0.48
205,0.39724344286434937,0.779964001002555,0.3655904717619608,0.281,0.5122384416413055,0.7837170523316198,0.5272887218649729,0.451,0.3978462990656666,0.791451537135272,0.348058306030058,0.275,0.5524015596879459,0.7818137977786891,0.5910584744411196,0.53
206,0.397408063676862,0.779964001002555,0.3655767249702697,0.264,0.5141979706634207,0.7837170523316198,0.527442494037457,0.458,0.39865725543199987,0.791451537135272,0.34811674828636074,0.265,0.5543578607013778,0.7818137977786891,0.5931852853312608,0.505
207,0.39935744063102724,0.779964001002555,0.3655649274158172,0.2665,0.5149291862551038,0.7837170523316198,0.5290731411354145,0.4445,0.4011163770325026,0.791451537135272,0.3495809287120696,0.285,0.5549417190183489,0.7818137977786891,0.5916799038062872,0.545
208,0.40115185373665985,0.779964001002555,0.3656605117611165,0.267,0.5166727703233134,0.7837170523316198,0.5311664150108185,0.458,0.40446415513772094,0.791451537135272,0.3488632319778381,0.285,0.5529671636005902,0.7818137977786891,0.5926111451963102,0.535
209,0.4011937756776447,0.779964001002555,0.36560908433523,0.269,0.5178238776469151,0.7837170523316198,0.5311107029226708,0.4575,0.4020604931901212,0.791451537135272,0.3479784102336099,0.285,0.5563353587118683,0.7818137977786891,0.5900054138908721,0.55
210,0.401124080847805,0.779964001002555,0.3655279070541637,0.2625,0.5201300413776219,0.7837170523316198,0.529836922594286,0.444,0.4041307827110472,0.791451537135272,0.34991650220206366,0.25,0.5568862915412639,0.7818137977786891,0.5874539916302169,0.525
211,0.40304684090536336,0.779964001002555,0.3655516991071905,0.2645,0.5205593217428973,0.7837170523316198,0.5284975157854325,0.453,0.4069568222215584,0.791451537135272,0.3505685996428109,0.285,0.5573000923644768,0.7818137977786891,0.5875377532744157,0.515
212,0.4027334022428779,0.779964001002555,0.3655912793244434,0.261,0.5220062432876998,0.7837170523316198,0.5281065893708645,0.467,0.40425186004457936,0.791451537135272,0.34992491194151176,0.275,0.559779892381911,0.7818137977786891,0.5914115272598578,0.505
213,0.4023844535663481,0.779964001002555,0.3655788951867237,0.2695,0.5242217140658078,0.7837170523316198,0.5287867951296593,0.448,0.40578818184953747,0.791451537135272,0.3499747657583259,0.28,0.5628038397406641,0.7818137977786891,0.5888084683834137,0.53
214,0.4037178329750567,0.779964001002555,0.3656215751398246,0.2675,0.5251580409305949,0.7837170523316198,0.5312355695148903,0.4425,0.403961178072773,0.791451537135272,0.34578140307582744,0.275,0.5671137053573883,0.7818137977786891,0.5877840851118963,0.525
215,0.40238918135886614,0.779964001002555,0.3655605328155346,0.271,0.527171308364194,0.7837170523316198,0.5336404408211701,0.458,0.40358227998631935,0.791451537135272,0.3480217031171629,0.255,0.5675299327309596,0.7818137977786891,0.5877298976972796,0.53
216,0.4025425956857984,0.779964001002555,0.3654245608458257,0.277,0.5294644502255642,0.7837170523316198,0.532965361901862,0.441,0.40305147736331665,0.791451537135272,0.34782652559821314,0.275,0.5726768947079602,0.7818137977786891,0.5879039360937691,0.525
217,0.4022812510211841,0.779964001002555,0.36548277632823273,0.2595,0.5310777935796174,0.7837170523316198,0.5302178483036191,0.472,0.4033398826555312,0.791451537135272,0.3463937801227827,0.29,0.5728931666904029,0.7818137977786891,0.5897938794586961,0.5
218,0.40328145196874765,0.779964001002555,0.36554349976952194,0.265,0.5308516647422284,0.7837170523316198,0.5274018305301914,0.458,0.40149583840045133,0.791451537135272,0.34628608023240176,0.28,0.5774283679162115,0.7818137977786891,0.5911263875199865,0.49
219,0.4026760829285829,0.779964001002555,0.36563059100155265,0.2565,0.532182199728712,0.7837170523316198,0.5297939928790426,0.4525,0.3991673659191099,0.791451537135272,0.341875754140743,0.3,0.5800019624254587,0.7818137977786891,0.5893642021351257,0.55
220,0.4024602254338901,0.779964001002555,0.3656033060305045,0.257,0.5341392272671701,0.7837170523316198,0.5313039910459293,0.4675,0.39627163626269346,0.791451537135272,0.3434378994755344,0.26,0.5822713857488659,0.7818137977786891,0.588428597548947,0.555
221,0.4035767430646361,0.779964001002555,0.36563420683708525,0.2705,0.5347586784759207,0.7837170523316198,0.5317240206288997,0.4615,0.3946280574149407,0.791451537135272,0.3421692108594889,0.285,0.5867080056329772,0.7818137977786891,0.5939091447220647,0.51
222,0.40379602572008294,0.779964001002555,0.3657034658595184,0.258,0.535069314862445,0.7837170523316198,0.5343779358717269,0.4385,0.3992729867208095,0.791451537135272,0.3414872021978939,0.285,0.5848774081878083,0.7818137977786891,0.5957566313662421,0.505
223,0.4031119746028727,0.779964001002555,0.3657073939771112,0.2575,0.5366498957490354,0.7837170523316198,0.5322238869907997,0.475,0.3999778069010184,0.791451537135272,0.34153806888921323,0.27,0.5866689897780499,0.7818137977786891,0.5996731065641382,0.52
224,0.40317892815190953,0.779964001002555,0.3657377949080643,0.27,0.5371943103709843,0.7837170523316198,0.5327724280259001,0.4655,0.3976711620134738,0.791451537135272,0.3381177033234951,0.305,0.5896119805075191,0.7818137977786891,0.5990085960673,0.515
225,0.40367376937904864,0.779964001002555,0.36562758759560443,0.264,0.5383320690809733,0.7837170523316198,0.516026024967103,0.462,0.39454198353116804,0.791451537135272,0.33829169806371945,0.27,0.5927081328314584,0.7818137977786891,0.6003959455081481,0.515
226,0.40429393629236376,0.779964001002555,0.3656295241346448,0.268,0.5386264481237932,0.7837170523316198,0.5036734919980244,0.4375,0.3938858775963604,0.791451537135272,0.34156441275311616,0.24,0.5945613811189986,0.7818137977786891,0.5991438208581945,0.525
227,0.4051057081518914,0.779964001002555,0.36544164393930884,0.278,0.5390570669439796,0.7837170523316198,0.4919337003635736,0.433,0.3902067774671176,0.791451537135272,0.3452086905399627,0.255,0.6005757201045115,0.7818137977786891,0.5966687284572846,0.535
228,0.4054817711365281,0.779964001002555,0.36534452212942087,0.2625,0.5379511166831195,0.7837170523316198,0.48061626530628826,0.431,0.3915520608539721,0.791451537135272,0.34583268189341543,0.245,0.5995227418379695,0.7818137977786891,0.5978076134794054,0.5
229,0.4054628912321522,0.779964001002555,0.3653209945468751,0.2755,0.5379834091884892,0.7837170523316198,0.4723932802994551,0.414,0.3922632285300256,0.791451537135272,0.347051669216012,0.28,0.5990524030564189,0.7818137977786891,0.594481232122191,0.545
230,0.4056174023564567,0.779964001002555,0.3652378189783146,0.274,0.5369005983816489,0.7837170523316198,0.46551605559905357,0.412,0.3921226603492207,0.791451537135272,0.34990884944674994,0.255,0.5996715485217731,0.7818137977786891,0.5910447991621041,0.52
231,0.40656171287316084,0.779964001002555,0.36508287047672383,0.277,0.5361130659637398,0.7837170523316198,0.45999005449965497,0.3775,0.39026076048572067,0.791451537135272,0.3508510425992176,0.265,0.6005906421577812,0.7818137977786891,0.5798281636394612,0.535
232,0.4080667941597135,0.779964001002555,0.3649614374083348,0.2705,0.5357626199931117,0.7837170523316198,0.4540677494667678,0.3945,0.3912783574976876,0.791451537135272,0.35139515564520557,0.255,0.5987957035859592,0.7818137977786891,0.5718892323332061,0.535
233,0.40858413912387953,0.779964001002555,0.36494103600489886,0.2695,0.5344289067438337,0.7837170523316198,0.44926412342327937,0.386,0.39132065989806786,0.791451537135272,0.3513340102141082,0.26,0.5983815079754822,0.7818137977786891,0.563757335811539,0.52
234,0.4084869507950164,0.779964001002555,0.364792758749952,0.277,0.5329224739763271,0.7837170523316198,0.44499277008259375,0.383,0.3899148864080287,0.791451537135272,0.3500669039580041,0.31,0.5991268842946842,0.7818137977786891,0.5552905216773382,0.5
235,0.40978436383482886,0.779964001002555,0.36476928965593935,0.2785,0.5298305078201034,0.7837170523316198,0.44110244702267337,0.3735,0.3914742564111478,0.791451537135272,0.35129329388169056,0.275,0.5968725185764382,0.7818137977786891,0.5487017655698181,0.495
236,0.40951130924127166,0.779964001002555,0.3647921202978634,0.278,0.5291527115190684,0.7837170523316198,0.437252238699279,0.377,0.3934752768369995,0.791451537135272,0.3514897895288459,0.3,0.5930031676571267,0.7818137977786891,0.5433674908785386,0.485
237,0.4102050090581152,0.779964001002555,0.3647369766911984,0.2795,0.5288931611172905,0.7837170523316198,0.43290370757359686,0.3875,0.395383439312888,0.791451537135272,0.35236016560127836,0.29,0.5915334106391321,0.7818137977786891,0.5412295963167142,0.465
238,0.41060464446128875,0.779964001002555,0.3647271420429072,0.28,0.5271963542201925,0.7837170523316198,0.43040686564758757,0.366,0.39704846997213694,0.791451537135272,0.3547087988767876,0.27,0.5909524181530774,0.7818137977786891,0.53329208684606,0.5
239,0.41033313659421033,0.779964001002555,0.36480825735349576,0.285,0.52434893257107,0.7837170523316198,0.4280692683880888,0.3675,0.3963512823552114,0.791451537135272,0.3584078638791823,0.27,0.5878178035624178,0.7818137977786891,0.5253179052862177,0.505
240,0.40996457811375886,0.779964001002555,0.36484785315639606,0.2685,0.5227320257599981,0.7837170523316198,0.42567668244945805,0.376,0.39793553213185917,0.791451537135272,0.35786880721573655,0.285,0.587182382611786,0.7818137977786891,0.5120529161525523,0.5
241,0.4104750086758145,0.779964001002555,0.3647528447064148,0.279,0.5202583383117905,0.7837170523316198,0.4236553185367298,0.368,0.39883784883528656,0.791451537135272,0.3569693509013285,0.305,0.5850966599448028,0.7818137977786891,0.5034001539623071,0.48
242,0.41027606782135606,0.779964001002555,0.36474220536723995,0.2795,0.51760343263524,0.7837170523316198,0.4218032165376631,0.3595,0.3960898434003588,0.791451537135272,0.355958674783144,0.305,0.5839017647983806,0.7818137977786891,0.4960465826739272,0.475
243,0.41037887460453465,0.779964001002555,0.3646168617124515,0.2755,0.5165579286605425,0.7837170523316198,0.419446199419805,0.3695,0.3978443865381569,0.791451537135272,0.35028407654876725,0.32,0.58159698139578,0.7818137977786891,0.4933870636732913,0.46
244,0.410982159836718,0.779964001002555,0.36445688942276205,0.2765,0.5160262408468449,0.7837170523316198,0.41693383933308825,0.3645,0.39940398128058996,0.791451537135272,0.3503274072599287,0.27,0.579584490540072,0.7818137977786891,0.4924617681468335,0.455
245,0.4102666007912003,0.779964001002555,0.3642790819184978,0.2785,0.5141749996938286,0.7837170523316198,0.4152030271299522,0.3455,0.39830442235702845,0.791451537135272,0.35194611773191575,0.245,0.5810330914934293,0.7818137977786891,0.48871218489548085,0.415
246,0.4114895775902541,0.779964001002555,0.3641535580344645,0.274,0.5119457580076034,0.7837170523316198,0.41383689393764117,0.3445,0.4021179067450655,0.791451537135272,0.3539947161019322,0.255,0.5771043927299621,0.7818137977786891,0.48104649485421885,0.47
247,0.41221564067803373,0.779964001002555,0.3642432399031021,0.28,0.5099747064843059,0.7837170523316198,0.41192264357180197,0.3525,0.40134174103049497,0.791451537135272,0.35464719622084623,0.305,0.5766433473162912,0.7818137977786891,0.4849483269311915,0.395
248,0.41272207098829894,0.779964001002555,0.36424860249391466,0.285,0.5084699893717043,0.7837170523316198,0.41044477293022363,0.346,0.403816691179279,0.791451537135272,0.3548785585501129,0.275,0.5734017155718127,0.7818137977786891,0.479471021518249,0.445
249,0.41254656523912,0.779964001002555,0.36426370023381555,0.2765,0.505350009143247,0.7837170523316198,0.408889457978841,0.355,0.40602419803182194,0.791451537135272,0.3540113687440059,0.29,0.5692343989857047,0.7818137977786891,0.4741909078621483,0.45
250,0.4133645524222188,0.779964001002555,0.3642673650573198,0.2825,0.5046206890707119,0.7837170523316198,0.40743103079938064,0.351,0.40857725498696906,0.791451537135272,0.35494686286632776,0.305,0.5622567699598556,0.7818137977786891,0.47462193545005393,0.43
251,0.4136934226303256,0.779964001002555,0.3643010718413729,0.282,0.5015749851463948,0.7837170523316198,0.4059764737401954,0.3535,0.4083543139520529,0.791451537135272,0.35376486462681195,0.285,0.5586736446992906,0.7818137977786891,0.47035455951909166,0.445
252,0.4145228181402071,0.779964001002555,0.36430749025968623,0.279,0.49971118413374216,0.7837170523316198,0.40465343985220475,0.35,0.40860027311185426,0.791451537135272,0.3533750098568694,0.315,0.5573246601056777,0.7818137977786891,0.4643926420697073,0.46
253,0.41365454314968114,0.779964001002555,0.3644326174782493,0.276,0.49737210831870127,0.7837170523316198,0.40265543427727846,0.358,0.40908277427813877,0.791451537135272,0.3526509735781729,0.315,0.5573679457928901,0.7818137977786891,0.4693760560108833,0.39
254,0.41323910045143886,0.779964001002555,0.36425748719224094,0.291,0.49596792287451563,0.7837170523316198,0.401185981986142,0.3415,0.4096092675492056,0.791451537135272,0.35369235970412305,0.275,0.555830209822697,0.7818137977786891,0.46368637200542906,0.445
255,0.41356146494914753,0.779964001002555,0.3642501028669746,0.287,0.4949249273840282,0.7837170523316198,0.40003152456784197,0.333,0.4095377936271399,0.791451537135272,0.35558074113291177,0.29,0.5517714457276063,0.7818137977786891,0.4568985376787189,0.44
256,0.41454843683877507,0.779964001002555,0.36418130171439805,0.275,0.49359390745976695,0.7837170523316198,0.3986806767239231,0.3455,0.4081115854406073,0.791451537135272,0.35507452843215875,0.285,0.5516948951586241,0.7818137977786891,0.4544948042001534,0.405
257,0.4143392399793834,0.779964001002555,0.36421125623065426,0.291,0.4921565485565529,0.7837170523316198,0.39741136348886763,0.35,0.40541378826153407,0.791451537135272,0.3527866995079193,0.325,0.5513123464989464,0.7818137977786891,0.45620469856566265,0.415
258,0.4148932908394818,0.779964001002555,0.3642440652825104,0.2885,0.4897774114127992,0.7837170523316198,0.39657840726635396,0.3135,0.40666317182064965,0.791451537135272,0.35398687947416496,0.295,0.5465703972481375,0.7818137977786891,0.4541033531631415,0.395
259,0.41527565248347087,0.779964001002555,0.36414170300384874,0.2865,0.48844298997574703,0.7837170523316198,0.39492069609761793,0.35,0.40442472972032684,0.791451537135272,0.3556214686812577,0.285,0.5474762697543681,0.7818137977786891,0.455346957504117,0.415
260,0.41497343686437826,0.779964001002555,0.36400890860689544,0.2955,0.48791769602616836,0.7837170523316198,0.39386816379696454,0.326,0.40563847229761046,0.791451537135272,0.35921680248938176,0.285,0.5450438576508903,0.7818137977786891,0.4485822555246702,0.405
261,0.414999143497938,0.779964001002555,0.3639841811388378,0.2905,0.4862779167472635,0.7837170523316198,0.3930897853422326,0.347,0.4100775020550433,0.791451537135272,0.36144539655864966,0.315,0.5414541171778682,0.7818137977786891,0.44438671698787147,0.43
262,0.41488534545166933,0.779964001002555,0.36397612249625816,0.279,0.4847263128861342,0.7837170523316198,0.39195254276719566,0.338,0.40653379889905267,0.791451537135272,0.36248975874580014,0.3,0.5406149706199277,0.7818137977786891,0.45199318674688144,0.365
263,0.4152207301295825,0.779964001002555,0.36386765806221544,0.291,0.482886277958383,0.7837170523316198,0.3911574661373657,0.325,0.40494084639315936,0.791451537135272,0.36413775731219306,0.29,0.5405050915205979,0.7818137977786891,0.44637717896708784,0.445
264,0.41635905426543146,0.779964001002555,0.3638773511918456,0.297,0.4809031375158662,0.7837170523316198,0.3905227709444417,0.3285,0.4056990543880115,0.791451537135272,0.3675317681211537,0.3,0.5403821395520663,0.7818137977786891,0.43946053097731097,0.41
265,0.4175791373371595,0.779964001002555,0.36389672095905223,0.2985,0.4788092010105458,0.7837170523316198,0.3900684544997264,0.3305,0.4054010181227995,0.791451537135272,0.36966361997571423,0.285,0.5372605076394659,0.7818137977786891,0.43674126965976123,0.425
266,0.41729028252974176,0.779964001002555,0.36387875346188475,0.2895,0.47859337242263394,0.7837170523316198,0.38921128714390246,0.3245,0.407343730747222,0.791451537135272,0.37059613197305374,0.315,0.5351966030638392,0.7818137977786891,0.43119534123778314,0.395
267,0.4166643844081454,0.779964001002555,0.363756402928649,0.2905,0.47730431322961236,0.7837170523316198,0.3884333306673869,0.323,0.4076714002256064,0.791451537135272,0.3732823543947115,0.31,0.5318984963422713,0.7818137977786891,0.42806837021779964,0.385
268,0.4164633485267801,0.779964001002555,0.36378100734627183,0.2775,0.4764248968349784,0.7837170523316198,0.38767924669116416,0.316,0.40881521714119884,0.791451537135272,0.3738001804743869,0.325,0.5304984396499042,0.7818137977786891,0.4325426829087885,0.36
269,0.41619057335514686,0.779964001002555,0.36381361951027463,0.2935,0.47468217939054236,0.7837170523316198,0.387104040023012,0.329,0.4125378931735597,0.791451537135272,0.37571237305449806,0.32,0.5272474607726446,0.7818137977786891,0.4293105429956249,0.4
270,0.41626096466513696,0.779964001002555,0.3637968030922294,0.2855,0.47334738987394476,0.7837170523316198,0.3859450641340465,0.3285,0.41432347825289434,0.791451537135272,0.3763267885749277,0.315,0.5232715877236727,0.7818137977786891,0.4347788536619535,0.34
271,0.41469385325286445,0.779964001002555,0.3636595893448705,0.29,0.47187171191815463,0.7837170523316198,0.3854675014917652,0.3225,0.4154267140269856,0.791451537135272,0.37795325519704437,0.29,0.5186286258108894,0.7818137977786891,0.4261679345575635,0.39
272,0.4141251561821726,0.779964001002555,0.3636506006752515,0.292,0.47039315336553317,0.7837170523316198,0.3850416365336043,0.3305,0.4174943906189241,0.791451537135272,0.37750026533141323,0.295,0.5199673116195112,0.7818137977786891,0.42646594050844167,0.375
273,0.41457483294480457,0.779964001002555,0.36380972787495247,0.2965,0.4700374446428667,0.7837170523316198,0.38449846954546246,0.3145,0.4140002500341592,0.791451537135272,0.37893880860400087,0.32,0.5220291681125883,0.7818137977786891,0.42416511915400057,0.385
274,0.4158491580705725,0.779964001002555,0.36394219499708086,0.286,0.4677646667153584,0.7837170523316198,0.38416404766155043,0.318,0.41697129690461376,0.791451537135272,0.37942898575705847,0.32,0.5167978429422747,0.7818137977786891,0.42189811975850394,0.4
275,0.41572314576361497,0.779964001002555,0.36398738702649486,0.2885,0.4675395362302713,0.7837170523316198,0.3838039686687966,0.332,0.4142771178812512,0.791451537135272,0.3813310441666408,0.295,0.5169346863032981,0.7818137977786891,0.416526401865215,0.415
276,0.4141567421558227,0.779964001002555,0.36408776237900486,0.2865,0.4662559872720778,0.7837170523316198,0.38318578751656424,0.327,0.41459570507556864,0.791451537135272,0.38338574358883754,0.31,0.5142449453786595,0.7818137977786891,0.4158070139501236,0.38
277,0.4141036835282052,0.779964001002555,0.3641445955977973,0.2805,0.46410518701842846,0.7837170523316198,0.382956716133084,0.317,0.4169376882528515,0.791451537135272,0.38062311394406984,0.315,0.5094770248097904,0.7818137977786891,0.41543911800760663,0.38
278,0.4137305793702978,0.779964001002555,0.36407761355162044,0.2855,0.4636727157568424,0.7837170523316198,0.3821311764823752,0.322,0.41465652848636403,0.791451537135272,0.3816348439735744,0.325,0.5095399086283271,0.7818137977786891,0.4157650300382953,0.34
279,0.41284707009037436,0.779964001002555,0.36410445491150056,0.29,0.4617003050335721,0.7837170523316198,0.3816678359443437,0.325,0.4147469218566884,0.791451537135272,0.38113366732404763,0.315,0.5070042796512735,0.7818137977786891,0.417692617552132,0.375
280,0.4137567779126095,0.779964001002555,0.3640217335878172,0.293,0.460607381866499,0.7837170523316198,0.38123686332962725,0.327,0.41809523766304657,0.791451537135272,0.38017885661737183,0.335,0.5029068317611347,0.7818137977786891,0.4176667709338442,0.38
281,0.413684539532558,0.779964001002555,0.36398808659525955,0.2775,0.4603694389706227,0.7837170523316198,0.3807913016961285,0.3195,0.41734694268835276,0.791451537135272,0.379508763759847,0.315,0.5033987996076502,0.7818137977786891,0.4183220504981696,0.37
282,0.4145323639799059,0.779964001002555,0.36407710042953234,0.2865,0.4580362059520545,0.7837170523316198,0.3804307163698469,0.319,0.42019842748838776,0.791451537135272,0.3783735108992355,0.33,0.5002888300327362,0.7818137977786891,0.4155484374230685,0.39
283,0.4143606461747016,0.779964001002555,0.3640754803248991,0.296,0.45576136894808755,0.7837170523316198,0.3799300055634933,0.3245,0.41763887922493526,0.791451537135272,0.37435614670837775,0.36,0.5005176999451778,0.7818137977786891,0.4155513312299135,0.355
284,0.41490810788997684,0.779964001002555,0.36398578269910514,0.287,0.4550186300178236,0.7837170523316198,0.379242693604145,0.334,0.4213304388913051,0.791451537135272,0.3722767453929404,0.32,0.49906111406941883,0.7818137977786891,0.41625990645285527,0.355
285,0.41435906923934507,0.779964001002555,0.36395349504914004,0.299,0.45240891632047825,0.7837170523316198,0.37868408872442627,0.3095,0.42157828575896267,0.791451537135272,0.3732420367636734,0.32,0.4975911717187438,0.7818137977786891,0.41994165218371554,0.335
286,0.4138099588345529,0.779964001002555,0.3639030214757947,0.29,0.45158097515717016,0.7837170523316198,0.3779220952438417,0.3215,0.42294705974007835,0.791451537135272,0.3758587340035288,0.31,0.49435100726981884,0.7818137977786891,0.42193052817305693,0.36
287,0.413757058689062,0.779964001002555,0.3638907119174227,0.294,0.4504473634576362,0.7837170523316198,0.37746471701145673,0.3255,0.4177597926473102,0.791451537135272,0.3787295958117316,0.305,0.49217592051340303,0.7818137977786891,0.4205187290357508,0.38
288,0.4136922589722784,0.779964001002555,0.3639023555349582,0.2995,0.4499684986933849,0.7837170523316198,0.3771701990919707,0.3215,0.41807617864116664,0.791451537135272,0.3731696805461647,0.325,0.4920732592032476,0.7818137977786891,0.4190012258937104,0.365
289,0.41341581442790115,0.779964001002555,0.3639442300166192,0.2905,0.44968139243909694,0.7837170523316198,0.37682372424969635,0.3045,0.4139764076066566,0.791451537135272,0.3727420288411558,0.325,0.4956001843167153,0.7818137977786891,0.4184492241726437,0.37
290,0.4147581486759907,0.779964001002555,0.36397170739694606,0.3,0.44962014393330113,0.7837170523316198,0.37659800908345087,0.319,0.41422352582787775,0.791451537135272,0.3763903282307413,0.3,0.49505689472419284,0.7818137977786891,0.41685990248985333,0.385
291,0.4143474452077253,0.779964001002555,0.3637756943265871,0.3015,0.44774180958212084,0.7837170523316198,0.37615667047908374,0.3025,0.41553055004057304,0.791451537135272,0.37756449623262767,0.29,0.4956491707011359,0.7818137977786891,0.4108202609465219,0.385
292,0.4141777289504869,0.779964001002555,0.3637116367182352,0.2885,0.4466314222318112,0.7837170523316198,0.37581685684030053,0.3085,0.41863273570058446,0.791451537135272,0.37791311882221196,0.31,0.4937308296448732,0.7818137977786891,0.4125449946955071,0.355
293,0.41368903363772075,0.779964001002555,0.36372843021298096,0.293,0.445626502263339,0.7837170523316198,0.37525664018874366,0.324,0.4198505321413854,0.791451537135272,0.37851565491337674,0.34,0.48868018943538777,0.7818137977786891,0.416906887051329,0.34
294,0.4144378982204477,0.779964001002555,0.36373742340586157,0.2855,0.4451112831974396,0.7837170523316198,0.3749432103485924,0.314,0.42216686967788564,0.791451537135272,0.3808391211127408,0.275,0.48725988460325165,0.7818137977786891,0.41728836874440295,0.38
295,0.4141716587760762,0.779964001002555,0.36383446933748886,0.28,0.44482574568174,0.7837170523316198,0.37435610428519395,0.3065,0.42473761113985964,0.791451537135272,0.37903819253752025,0.35,0.4844560695991477,0.7818137977786891,0.4200804187498576,0.325
296,0.41508382696647356,0.779964001002555,0.36374425087528717,0.2915,0.4441555626233998,0.7837170523316198,0.37418951473658674,0.3145,0.4251992728957368,0.791451537135272,0.3811909003839996,0.305,0.4824615446070306,0.7818137977786891,0.4157345538489548,0.38
297,0.4153554033005789,0.779964001002555,0.3637015473955754,0.293,0.4434407893840939,0.7837170523316198,0.37374946255352987,0.3245,0.42728665370112695,0.791451537135272,0.38087050733658145,0.325,0.48089618036751963,0.7818137977786891,0.41835792827046736,0.37
298,0.4167296526721768,0.779964001002555,0.3635446354864753,0.298,0.4436107328625629,0.7837170523316198,0.3735013902357804,0.3195,0.42127737420883354,0.791451537135272,0.3830263669866952,0.28,0.4849319851511335,0.7818137977786891,0.4155333399871791,0.365
299,0.41727156792808723,0.779964001002555,0.3637911062979647,0.296,0.4417021534548591,0.7837170523316198,0.3733246581400225,0.2945,0.42229040001197743,0.791451537135272,0.385694628543108,0.315,0.48288986746078794,0.7818137977786891,0.40929936764647046,0.38
300,0.41712265195491777,0.779964001002555,0.36383544484673896,0.2955,0.44043551380309054,0.7837170523316198,0.373183956946912,0.2965,0.4231140539611833,0.791451537135272,0.3863926092922953,0.305,0.48316861978259545,0.7818137977786891,0.40703671645392525,0.385
301,0.4157584026328816,0.779964001002555,0.36402681152941196,0.284,0.4403687358661256,0.7837170523316198,0.3725385408512166,0.3145,0.421922958459291,0.791451537135272,0.3868226207359423,0.325,0.48330047877640675,0.7818137977786891,0.4069244254887544,0.325
302,0.41553915900320904,0.779964001002555,0.3640756167602299,0.293,0.4399720149293833,0.7837170523316198,0.37233393259620756,0.305,0.4240449187857918,0.791451537135272,0.38497091100903136,0.335,0.4801102256331204,0.7818137977786891,0.4084129580273266,0.345
303,0.41416608790600823,0.779964001002555,0.3640364680475398,0.291,0.44157276043598614,0.7837170523316198,0.37163475312661387,0.315,0.42698445496016774,0.791451537135272,0.38113791424136606,0.365,0.4773924188138385,0.7818137977786891,0.41011262673559906,0.35
304,0.41362700639799344,0.779964001002555,0.3639734489257876,0.284,0.44116871730726265,0.7837170523316198,0.3713739055328008,0.3325,0.4293243927644881,0.791451537135272,0.38104470204113494,0.305,0.4765785486808576,0.7818137977786891,0.40717852150442524,0.415
305,0.4133374048717024,0.779964001002555,0.36407131219531863,0.2865,0.44054946665617256,0.7837170523316198,0.3711098907552665,0.3045,0.4287629512814297,0.791451537135272,0.37213889301292674,0.37,0.47672075842117445,0.7818137977786891,0.408115828152787,0.34
306,0.41311480679153273,0.779964001002555,0.36413026832607814,0.2925,0.44017473522190687,0.7837170523316198,0.37075726794649894,0.318,0.42945048039222206,0.791451537135272,0.3750524463729279,0.295,0.4743297849962662,0.7818137977786891,0.40818342621921894,0.37
307,0.412577664218173,0.779964001002555,0.36408658331129334,0.2975,0.43948152668924056,0.7837170523316198,0.37072105689618984,0.3025,0.4303538312750861,0.791451537135272,0.3794717498996812,0.315,0.4746075748976969,0.7818137977786891,0.39868654953785415,0.405
308,0.4124540899667829,0.779964001002555,0.36416365101752296,0.29,0.4388940660645333,0.7837170523316198,0.3706025154581339,0.3105,0.4318758934815986,0.791451537135272,0.38048895974950914,0.37,0.4741829991302453,0.7818137977786891,0.397527997096614,0.365
309,0.41313250554121006,0.779964001002555,0.36405992685965316,0.2935,0.43790253574938254,0.7837170523316198,0.37021056288022397,0.311,0.43256174956579335,0.791451537135272,0.3812105886586466,0.285,0.4720780386986899,0.7818137977786891,0.4048826314354326,0.325
310,0.41331946847144363,0.779964001002555,0.36411345087283603,0.3045,0.43768261418783827,0.7837170523316198,0.3700966072851469,0.306,0.4345434986263361,0.791451537135272,0.38165164890121206,0.335,0.4687377204999577,0.7818137977786891,0.4042726930965552,0.37
311,0.41371398256293995,0.779964001002555,0.36405004033184646,0.2875,0.43695371041505643,0.7837170523316198,0.3699048548997445,0.3045,0.4321125445267301,0.791451537135272,0.38362370858600126,0.275,0.4672774685750581,0.7818137977786891,0.4016763567447943,0.365
312,0.4143894573542921,0.779964001002555,0.36417483614706647,0.2925,0.43558455394874573,0.7837170523316198,0.3697516882517901,0.3065,0.43348987589354643,0.791451537135272,0.3816028855654501,0.35,0.46706221937674536,0.7818137977786891,0.40350285387895063,0.36
313,0.4140904147380856,0.779964001002555,0.36422506948464645,0.277,0.4353211672758594,0.7837170523316198,0.3697814065697335,0.308,0.4326632551443827,0.791451537135272,0.38130580957569626,0.345,0.4712719860839078,0.7818137977786891,0.3990578202739343,0.365
314,0.41262675981395563,0.779964001002555,0.3644070185556959,0.295,0.4347597351013442,0.7837170523316198,0.3696270675748268,0.309,0.43013034125001115,0.791451537135272,0.37991157450513413,0.365,0.47447116345024,0.7818137977786891,0.3988609516278727,0.365
315,0.4126162371769442,0.779964001002555,0.36455430344616674,0.293,0.4340914727370024,0.7837170523316198,0.3696020648175625,0.3135,0.43304520234627036,0.791451537135272,0.38251708665129064,0.31,0.4713120841208107,0.7818137977786891,0.4002327327105889,0.36
316,0.4128041386007793,0.779964001002555,0.36453207862074677,0.2885,0.434189886179815,0.7837170523316198,0.3691805125375538,0.298,0.4323983139150741,0.791451537135272,0.377284147979436,0.345,0.46928082566051654,0.7818137977786891,0.4028488975574496,0.345
317,0.41246594880688753,0.779964001002555,0.36451674128950423,0.297,0.4339350071781268,0.7837170523316198,0.3687874836443828,0.308,0.4322254972074761,0.791451537135272,0.3748154482715166,0.345,0.46873816378571603,0.7818137977786891,0.41104570208090685,0.325
318,0.4123466873945069,0.779964001002555,0.36468566771135974,0.2865,0.4336063770869187,0.7837170523316198,0.3687883151784566,0.3115,0.43049449457039207,0.791451537135272,0.3758235921289957,0.29,0.47143598033067585,0.7818137977786891,0.4120539888009225,0.365
319,0.41267540556937277,0.779964001002555,0.3648164226091706,0.2895,0.43306670454607893,0.7837170523316198,0.3686451097500397,0.309,0.4288105761113936,0.791451537135272,0.3744094842424454,0.33,0.47205816004806167,0.7818137977786891,0.4066458582959184,0.38
320,0.41171680691072693,0.779964001002555,0.3648783920974528,0.2955,0.4338013612427104,0.7837170523316198,0.368545542756877,0.308,0.42876339449650624,0.791451537135272,0.3778699695656034,0.305,0.46961357565368567,0.7818137977786891,0.40765329504456077,0.36
321,0.41146237696696625,0.779964001002555,0.365108601479362,0.2805,0.43252116392708667,0.7837170523316198,0.3681477132246157,0.308,0.43000919432646856,0.791451537135272,0.37455380909389435,0.315,0.46841918087356765,0.7818137977786891,0.4114435888837457,0.33
322,0.4123913179911351,0.779964001002555,0.3652396164301404,0.2815,0.431677727882527,0.7837170523316198,0.3678227131238672,0.31,0.4309883630063041,0.791451537135272,0.3731521905458087,0.33,0.47062613117494784,0.7818137977786891,0.41396354640875316,0.33
323,0.41307881472461316,0.779964001002555,0.36528880740142555,0.2985,0.43139844139272693,0.7837170523316198,0.36779683961404613,0.294,0.43110409472848743,0.791451537135272,0.37789520357741746,0.3,0.4723171624637137,0.7818137977786891,0.4101902791949309,0.375
324,0.4133733743762239,0.779964001002555,0.36534458745846404,0.2735,0.4308143187627928,0.7837170523316198,0.36745804300640755,0.3135,0.43567556695712967,0.791451537135272,0.3752258493977182,0.33,0.46890193233323585,0.7818137977786891,0.4123423313890014,0.335
325,0.413605080712792,0.779964001002555,0.3655010753099987,0.2915,0.43085401098307063,0.7837170523316198,0.36719418139507376,0.3055,0.4327719183317958,0.791451537135272,0.36980539207309393,0.36,0.4673415033400583,0.7818137977786891,0.41262655571434254,0.345
326,0.41411225151644526,0.779964001002555,0.3656675304963801,0.2955,0.429991151360597,0.7837170523316198,0.36668650872026126,0.3125,0.43446666125138766,0.791451537135272,0.36826265339691977,0.335,0.4690362870691882,0.7818137977786891,0.41332215628710955,0.355
327,0.4137893435690566,0.779964001002555,0.36570120557380387,0.2915,0.42914263818738996,0.7837170523316198,0.3664889437763592,0.3045,0.4317146838988611,0.791451537135272,0.36310101017121504,0.35,0.46929765756879815,0.7818137977786891,0.41686993216454055,0.325
328,0.4132435360695366,0.779964001002555,0.36572563668373637,0.2785,0.42902091298257206,0.7837170523316198,0.3665315426505553,0.297,0.4313680799638045,0.791451537135272,0.3625301967759508,0.33,0.4656270812205118,0.7818137977786891,0.41381483832360827,0.37
329,0.4137651870122875,0.779964001002555,0.3658593864600729,0.2975,0.4298816888635859,0.7837170523316198,0.3663787043534618,0.304,0.4292531085650421,0.791451537135272,0.3611408493958897,0.34,0.4652035548269587,0.7818137977786891,0.4137848157376499,0.365
330,0.4140031103274285,0.779964001002555,0.36595096538627236,0.3,0.4293180349640332,0.7837170523316198,0.3661748617916724,0.3055,0.4292742457068025,0.791451537135272,0.36399054284532073,0.31,0.46795362651061106,0.7818137977786891,0.417510540111136,0.325
331,0.41491379517374016,0.779964001002555,0.3660544769373656,0.305,0.42881263513527806,0.7837170523316198,0.36587041998120984,0.319,0.42815843629660444,0.791451537135272,0.36588907063198073,0.34,0.46970763472393157,0.7818137977786891,0.42111690997043816,0.33
332,0.41600734384071764,0.779964001002555,0.3660418868351934,0.3065,0.4291724695209475,0.7837170523316198,0.36576621188205627,0.2875,0.4271163250811511,0.791451537135272,0.37029568337975294,0.295,0.4663133907001229,0.7818137977786891,0.4216437832742022,0.345
333,0.41583518446935863,0.779964001002555,0.36603533717803904,0.285,0.42857021782669763,0.7837170523316198,0.36564724775931173,0.301,0.4275504424113475,0.791451537135272,0.36963383420129636,0.31,0.4684277309500293,0.7818137977786891,0.41581048979279184,0.395
334,0.4152485027702376,0.779964001002555,0.36614150807335866,0.287,0.4278863238638634,0.7837170523316198,0.36552178031100774,0.316,0.429978663857199,0.791451537135272,0.3700683690356001,0.315,0.4667095107252839,0.7818137977786891,0.4157550258112014,0.345
335,0.41608232560726643,0.779964001002555,0.36613784526452625,0.3025,0.427825438595075,0.7837170523316198,0.3654873898925911,0.3005,0.43014082240942175,0.791451537135272,0.37459996727236894,0.285,0.4678010888324845,0.7818137977786891,0.41345899771328426,0.36
336,0.41608651745044417,0.779964001002555,0.3662801701448957,0.305,0.42770901153318874,0.7837170523316198,0.3653264150551406,0.308,0.4309780362420319,0.791451537135272,0.37992601080578575,0.305,0.46687580953153884,0.7818137977786891,0.41489157959767453,0.345
337,0.41641887694989876,0.779964001002555,0.3663510708398984,0.2965,0.4267845243293342,0.7837170523316198,0.36517938777205494,0.301,0.4304475416615513,0.791451537135272,0.38471244535616017,0.325,0.46750377781817215,0.7818137977786891,0.4177055752365686,0.34
338,0.41619763010421473,0.779964001002555,0.3661812050973655,0.308,0.426272773601904,0.7837170523316198,0.3651798339841693,0.2955,0.4294782142342971,0.791451537135272,0.3888474709846902,0.285,0.4668059769706665,0.7818137977786891,0.41486033886591256,0.4
339,0.4159053034923393,0.779964001002555,0.3661585036324836,0.2865,0.4250570103530961,0.7837170523316198,0.365122529918354,0.309,0.42725720621444296,0.791451537135272,0.38961523998986614,0.295,0.4674119009802821,0.7818137977786891,0.4131159647461729,0.355
340,0.41611554391527983,0.779964001002555,0.3663738993992695,0.292,0.42567943352222126,0.7837170523316198,0.3649750610635854,0.3035,0.4269919604964595,0.791451537135272,0.3872505042079969,0.315,0.4661320153585414,0.7818137977786891,0.41283796944708157,0.39
341,0.4171748055268346,0.779964001002555,0.3664872976317296,0.2925,0.42398888297951054,0.7837170523316198,0.3645418593950138,0.308,0.42817213047549485,0.791451537135272,0.3838354813187725,0.345,0.4630160807941944,0.7818137977786891,0.4159710570391774,0.315
342,0.4174454146639451,0.779964001002555,0.36659869229388425,0.3165,0.42312919347719713,0.7837170523316198,0.3644526232327616,0.304,0.42669684940238733,0.791451537135272,0.38219076833371174,0.34,0.4637517598108497,0.7818137977786891,0.4137237015418713,0.38
343,0.41758624447430737,0.779964001002555,0.36657896116457567,0.2935,0.42236202567796244,0.7837170523316198,0.36448947249403774,0.303,0.42882733099826004,0.791451537135272,0.3805895057651793,0.31,0.4631718669334139,0.7818137977786891,0.41251594031842825,0.375
344,0.41844589766940493,0.779964001002555,0.3666092251243284,0.294,0.42107609556442166,0.7837170523316198,0.3644387829900493,0.2915,0.4298912587906825,0.791451537135272,0.38106588876903463,0.325,0.46097890318825674,0.7818137977786891,0.4153581651615692,0.325
345,0.41797746682811443,0.779964001002555,0.3665917209609427,0.299,0.42113392653570203,0.7837170523316198,0.3645954835609849,0.302,0.4307821157466456,0.791451537135272,0.38500364065174675,0.29,0.4625417052813689,0.7818137977786891,0.41252242864525307,0.375
346,0.41797725157529353,0.779964001002555,0.36659547114318175,0.301,0.42102108240789426,0.7837170523316198,0.36452858632971663,0.2945,0.4305042925115945,0.791451537135272,0.3870827106708068,0.32,0.46163309832054944,0.7818137977786891,0.40605652907182344,0.38
347,0.41764383557003143,0.779964001002555,0.3666417881311559,0.2845,0.4208328202581949,0.7837170523316198,0.3643657642335617,0.2975,0.4338750589963853,0.791451537135272,0.3918830719961052,0.3,0.45846904409964234,0.7818137977786891,0.4071671856128683,0.355
348,0.4178240231764496,0.779964001002555,0.36668570786813626,0.292,0.42183396917557797,0.7837170523316198,0.36423829451176687,0.304,0.4359764062169311,0.791451537135272,0.3867036556744457,0.34,0.4564258177861476,0.7818137977786891,0.40937812890123076,0.365
349,0.4185358858691017,0.779964001002555,0.36674368063189716,0.2965,0.42170391859762596,0.7837170523316198,0.36417925946588203,0.2875,0.43890423753424407,0.791451537135272,0.38772577988088663,0.325,0.45629967751362577,0.7818137977786891,0.40663613636617646,0.365
350,0.4186355298101048,0.779964001002555,0.3668649525740692,0.312,0.4214727727126798,0.7837170523316198,0.36414821972410355,0.2895,0.44029792239522086,0.791451537135272,0.3883439016386934,0.35,0.4542851559176884,0.7818137977786891,0.4021352619465015,0.375
351,0.41849046186026156,0.779964001002555,0.3668652518833127,0.275,0.4214095014138608,0.7837170523316198,0.36424808900913846,0.3115,0.44460363057997526,0.791451537135272,0.3895046376870229,0.305,0.4530824925445584,0.7818137977786891,0.39734134394227566,0.395
352,0.4184360299424321,0.779964001002555,0.3669212720390885,0.3045,0.4207813493347649,0.7837170523316198,0.36436952443208004,0.2915,0.44495467706324054,0.791451537135272,0.38662994918933036,0.38,0.4545989817174134,0.7818137977786891,0.3905900075858761,0.395
353,0.41788913606818473,0.779964001002555,0.3669341982079004,0.301,0.4208701393465422,0.7837170523316198,0.3643167867199995,0.291,0.44510975614166626,0.791451537135272,0.3854152321614077,0.345,0.4538348221803071,0.7818137977786891,0.3853622811421723,0.375
354,0.4164422406317938,0.779964001002555,0.3670734882453204,0.282,0.420853973647087,0.7837170523316198,0.36411202307669943,0.302,0.4456699429787504,0.791451537135272,0.3853768908914927,0.335,0.4549764956853526,0.7818137977786891,0.3926214542549561,0.31
355,0.41630410434053366,0.779964001002555,0.36709699710046123,0.2985,0.4213127822783374,0.7837170523316198,0.36408509940001527,0.3005,0.44595504504149697,0.791451537135272,0.3917659618231145,0.29,0.4524479215403215,0.7818137977786891,0.3923345286036158,0.355
356,0.4161907169593134,0.779964001002555,0.36725420146171844,0.3075,0.4210806010171168,0.7837170523316198,0.3641826441689256,0.2865,0.44619062143764443,0.791451537135272,0.3854582910004054,0.365,0.4554382967052635,0.7818137977786891,0.39367968354227495,0.305
357,0.4170752840680549,0.779964001002555,0.367367400057641,0.2885,0.4218904009380521,0.7837170523316198,0.36407687354203483,0.304,0.44918689833775227,0.791451537135272,0.38501029411674276,0.32,0.45483769205056623,0.7818137977786891,0.3928052937525904,0.36
358,0.4185725491261663,0.779964001002555,0.36740034414838085,0.2995,0.42053857458955063,0.7837170523316198,0.3639505893829895,0.291,0.45014685873573207,0.791451537135272,0.3852210576759725,0.32,0.4534368095717127,0.7818137977786891,0.393289794140653,0.345
359,0.4183311726864512,0.779964001002555,0.36750187635152487,0.2985,0.42047091109870743,0.7837170523316198,0.3638811596851628,0.294,0.45525292213495283,0.791451537135272,0.3846767726181317,0.35,0.44823466992310734,0.7818137977786891,0.3919094466033573,0.345
360,0.4193307149915416,0.779964001002555,0.36754860009645135,0.295,0.42113482313666195,0.7837170523316198,0.3636256777178457,0.3045,0.45367061988414614,0.791451537135272,0.384026051780579,0.345,0.4501922598506595,0.7818137977786891,0.3956049857593789,0.32
361,0.41918061204812324,0.779964001002555,0.3675876066376392,0.3025,0.4208459265217328,0.7837170523316198,0.3637977330464846,0.293,0.4539305497645655,0.791451537135272,0.385024069109184,0.305,0.44737748459566795,0.7818137977786891,0.3983752885193019,0.34
362,0.42052255088390794,0.779964001002555,0.3677463331685984,0.301,0.4204724402509031,0.7837170523316198,0.3638783474276898,0.293,0.4548667743944772,0.791451537135272,0.3831326765081931,0.355,0.4448574401879189,0.7818137977786891,0.3988619213537612,0.36
363,0.42103702535380744,0.779964001002555,0.36777068179120337,0.3065,0.4200210058641314,0.7837170523316198,0.3637984210402738,0.293,0.4506394119873435,0.791451537135272,0.3828610189804422,0.345,0.44540537951245696,0.7818137977786891,0.3982398377117496,0.36
364,0.42154355942900523,0.779964001002555,0.36787294876706284,0.2875,0.4202127760499024,0.7837170523316198,0.36370224426926484,0.2985,0.44938541327764275,0.791451537135272,0.3845826863466321,0.31,0.44820045263920405,0.7818137977786891,0.39715487628971174,0.37
