,state,action,reward,next_state,fare,comm_rate,discount,Marketing
0,[[0 0]],1,0.0,[[0 0]],1.2,0.05,0.0,True
1,[[0 0]],0,10.90808,[[19  1]],1.2,0.1,0.0,True
2,[[19  1]],0,48.386759999999995,[[47  4]],1.2,0.15,0.0,True
3,[[47  4]],1,54.42088,[[71 12]],1.2,0.1,0.0,True
4,[[71 12]],1,25.58264,[[74  9]],1.2,0.05,0.0,True
5,[[74  9]],0,64.0044,[[81 17]],1.2,0.1,0.0,True
6,[[81 17]],1,34.32068,[[92  3]],1.2,0.05,0.0,True
7,[[92  3]],2,44.3188,[[127  12]],1.2,0.05,0.0,True
8,[[127  12]],2,50.09958,[[132  21]],1.2,0.05,0.0,True
9,[[132  21]],0,77.96484,[[108   9]],1.2,0.1,0.0,True
10,[[108   9]],2,100.31436,[[135  10]],1.2,0.1,0.0,True
11,[[135  10]],1,56.7706,[[154  16]],1.2,0.05,0.0,True
12,[[154  16]],1,0.0,[[154  20]],1.2,0.0,0.0,True
13,[[154  20]],1,0.0,[[161  16]],1.2,0.0,0.0,True
14,[[161  16]],2,0.0,[[167  16]],1.2,0.0,0.0,True
15,[[167  16]],0,56.49056,[[152  14]],1.2,0.05,0.0,True
16,[[152  14]],2,65.82028000000001,[[184  17]],1.2,0.05,0.0,True
17,[[184  17]],1,0.0,[[150  14]],1.2,0.0,0.0,True
18,[[150  14]],2,0.0,[[152  13]],1.2,0.0,0.0,True
19,[[152  13]],0,53.5499,[[146  10]],1.2,0.05,0.0,True
20,[[146  10]],2,54.10814,[[152  20]],1.2,0.05,0.0,True
21,[[152  20]],1,0.0,[[167  17]],1.2,0.0,0.0,True
22,[[167  17]],2,0.0,[[164  22]],1.2,0.0,0.0,True
23,[[164  22]],2,0.0,[[137  19]],1.2,0.0,0.0,True
24,[[137  19]],1,0.0,[[167  19]],1.2,0.0,0.0,True
25,[[167  19]],1,0.0,[[142  17]],1.2,0.0,0.0,True
26,[[142  17]],1,0.0,[[164  19]],1.2,0.0,0.0,True
27,[[164  19]],1,0.0,[[181  22]],1.2,0.0,0.0,True
28,[[181  22]],1,0.0,[[166  20]],1.2,0.0,0.0,True
29,[[166  20]],0,56.47033999999999,[[146  17]],1.2,0.05,0.0,True
30,[[146  17]],0,139.94508000000002,[[183  13]],1.2,0.1,0.0,True
31,[[183  13]],0,194.25828,[[172  20]],1.2,0.15,0.0,True
32,[[172  20]],0,247.62976000000003,[[166   8]],1.2,0.2,0.0,True
33,[[166   8]],0,320.4081,[[162  11]],1.2,0.25,0.0,True
34,[[162  11]],2,313.7678,[[166  14]],1.2,0.25,0.0,True
35,[[166  14]],2,345.5104,[[185  19]],1.2,0.25,0.0,True
36,[[185  19]],2,329.27459999999996,[[168  13]],1.2,0.25,0.0,True
37,[[168  13]],1,247.77896,[[170  18]],1.2,0.2,0.0,True
38,[[170  18]],1,168.53843999999998,[[163  12]],1.2,0.15,0.0,True
39,[[163  12]],0,242.19616000000002,[[160  15]],1.2,0.2,0.0,True
40,[[160  15]],2,229.51512,[[165  14]],1.2,0.2,0.0,True
41,[[165  14]],0,303.2168,[[160  12]],1.2,0.25,0.0,True
42,[[160  12]],1,234.17496,[[171  25]],1.2,0.2,0.0,True
43,[[171  25]],1,172.88219999999998,[[160  17]],1.2,0.15,0.0,True
44,[[160  17]],0,259.43168000000003,[[179  18]],1.2,0.2,0.0,True
45,[[179  18]],0,315.9706,[[173  20]],1.2,0.25,0.0,True
46,[[173  20]],0,360.2154,[[170  12]],1.2,0.3,0.0,True
47,[[170  12]],0,435.98589999999996,[[166  14]],1.2,0.35,0.0,True
48,[[166  14]],2,433.89415999999994,[[176  13]],1.2,0.35,0.0,True
49,[[176  13]],0,554.53616,[[184  14]],1.2,0.4,0.0,True
50,[[184  14]],1,455.97496,[[178   7]],1.2,0.35,0.0,True
51,[[178   7]],2,456.6085999999999,[[188  15]],1.2,0.35,0.0,True
52,[[188  15]],0,426.63599999999997,[[150  20]],1.2,0.4,0.0,True
53,[[150  20]],2,530.98256,[[181  19]],1.2,0.4,0.0,True
54,[[181  19]],0,617.9929199999999,[[191  12]],1.2,0.45,0.0,True
55,[[191  12]],1,566.624,[[196  22]],1.2,0.4,0.0,True
56,[[196  22]],2,485.1352,[[173  23]],1.2,0.4,0.0,True
57,[[173  23]],0,601.62066,[[188  19]],1.2,0.45,0.0,True
58,[[188  19]],2,597.11436,[[182  15]],1.2,0.45,0.0,True
59,[[182  15]],1,502.4488,[[176  14]],1.2,0.4,0.0,True
60,[[176  14]],2,494.1420800000001,[[175  15]],1.2,0.4,0.0,True
61,[[175  15]],2,473.86064,[[172  11]],1.2,0.4,0.0,True
62,[[172  11]],0,578.94372,[[183  17]],1.2,0.45,0.0,True
63,[[183  17]],0,734.9018,[[206  16]],1.2,0.5,0.0,True
64,[[206  16]],0,714.79188,[[177  21]],1.2,0.55,0.0,True
65,[[177  21]],2,716.01464,[[178  17]],1.2,0.55,0.0,True
66,[[178  17]],1,682.4732,[[191  12]],1.2,0.5,0.0,True
67,[[191  12]],2,745.4323999999999,[[212  12]],1.2,0.5,0.0,True
68,[[212  12]],2,674.0272,[[187  17]],1.2,0.5,0.0,True
69,[[187  17]],0,710.51684,[[181  14]],1.2,0.55,0.0,True
70,[[181  14]],1,680.5088,[[194  21]],1.2,0.5,0.0,True
71,[[194  21]],1,551.9268000000001,[[169  18]],1.2,0.45,0.0,True
72,[[169  18]],2,560.41992,[[184  13]],1.2,0.45,0.0,True
73,[[184  13]],1,480.47936000000004,[[172  20]],1.2,0.4,0.0,True
74,[[172  20]],1,452.34475999999995,[[182  21]],1.2,0.35,0.0,True
75,[[182  21]],0,560.0064,[[195  13]],1.2,0.4,0.0,True
76,[[195  13]],0,612.3051,[[194  12]],1.2,0.45,0.0,True
77,[[194  12]],1,538.4535999999999,[[194  11]],1.2,0.4,0.0,True
78,[[194  11]],2,530.18432,[[193  17]],1.2,0.4,0.0,True
79,[[193  17]],1,407.36177999999995,[[174  10]],1.2,0.35,0.0,True
80,[[174  10]],1,367.67171999999994,[[179  13]],1.2,0.3,0.0,True
81,[[179  13]],1,312.7512,[[189  19]],1.2,0.25,0.0,True
82,[[189  19]],2,316.8286,[[188  16]],1.2,0.25,0.0,True
83,[[188  16]],1,299.17192,[[223  12]],1.2,0.2,0.0,True
84,[[223  12]],0,311.1142,[[179  11]],1.2,0.25,0.0,True
85,[[179  11]],1,292.10528,[[206  15]],1.2,0.2,0.0,True
86,[[206  15]],1,224.70342,[[215  18]],1.2,0.15,0.0,True
87,[[215  18]],0,278.97704,[[203  26]],1.2,0.2,0.0,True
88,[[203  26]],2,288.82944,[[204  23]],1.2,0.2,0.0,True
89,[[204  23]],2,309.60328,[[211  16]],1.2,0.2,0.0,True
90,[[211  16]],0,332.5611,[[201  13]],1.2,0.25,0.0,True
91,[[201  13]],0,410.54472,[[201  15]],1.2,0.3,0.0,True
92,[[201  15]],2,493.8267599999999,[[231  19]],1.2,0.3,0.0,True
93,[[231  19]],2,440.32488,[[214  19]],1.2,0.3,0.0,True
94,[[214  19]],1,366.5705,[[214  17]],1.2,0.25,0.0,True
95,[[214  17]],1,253.77632000000003,[[191  20]],1.2,0.2,0.0,True
96,[[191  20]],1,163.29564,[[159  10]],1.2,0.15,0.0,True
97,[[159  10]],1,142.48739999999998,[[204  13]],1.2,0.1,0.0,True
98,[[204  13]],0,221.82216,[[218  23]],1.2,0.15,0.0,True
99,[[218  23]],0,329.00816000000003,[[230  11]],1.2,0.2,0.0,True
100,[[230  11]],0,406.50749999999994,[[225  14]],1.2,0.25,0.0,False
101,[[225  14]],1,324.70824,[[231   8]],1.2,0.2,0.0,False
102,[[231   8]],2,290.9548,[[208  11]],1.2,0.2,0.0,False
103,[[208  11]],0,395.0328,[[219  23]],1.2,0.25,0.0,False
104,[[219  23]],1,294.01136,[[206  14]],1.2,0.2,0.0,False
105,[[206  14]],2,279.1004,[[206  18]],1.2,0.2,0.0,False
106,[[206  18]],0,408.2811,[[234  20]],1.2,0.25,0.0,False
107,[[234  20]],2,364.1497,[[218  16]],1.2,0.25,0.0,False
108,[[218  16]],0,472.08299999999997,[[235  10]],1.2,0.3,0.0,False
109,[[235  10]],2,486.21563999999995,[[240  18]],1.2,0.3,0.0,False
110,[[240  18]],1,361.96959999999996,[[218  11]],1.2,0.25,0.0,False
111,[[218  11]],1,314.22968000000003,[[230  18]],1.2,0.2,0.0,False
112,[[230  18]],1,213.84893999999997,[[211  17]],1.2,0.15,0.0,False
113,[[211  17]],0,337.72752,[[246  19]],1.2,0.2,0.0,False
114,[[246  19]],0,379.5777,[[219  14]],1.2,0.25,0.0,False
115,[[219  14]],0,476.39928,[[233  13]],1.2,0.3,0.0,False
116,[[233  13]],0,553.72408,[[235  13]],1.2,0.35,0.0,False
117,[[235  13]],2,604.65454,[[247  20]],1.2,0.35,0.0,False
118,[[247  20]],0,622.8899200000001,[[233  16]],1.2,0.4,0.0,False
119,[[233  16]],2,608.0398400000001,[[229  16]],1.2,0.4,0.0,False
120,[[229  16]],0,724.2758999999999,[[232  13]],1.2,0.45,0.0,False
121,[[232  13]],1,689.9539199999999,[[249  24]],1.2,0.4,0.0,False
122,[[249  24]],0,779.3469,[[255  19]],1.2,0.45,0.0,False
123,[[255  19]],0,838.93,[[247  10]],1.2,0.5,0.0,False
124,[[247  10]],1,722.95686,[[240  15]],1.2,0.45,0.0,False
125,[[240  15]],0,862.2326,[[251  24]],1.2,0.5,0.0,False
126,[[251  24]],1,657.68868,[[219  14]],1.2,0.45,0.0,False
127,[[219  14]],2,747.14832,[[246  16]],1.2,0.45,0.0,False
128,[[246  16]],1,612.91904,[[226  17]],1.2,0.4,0.0,False
129,[[226  17]],0,761.64786,[[249  15]],1.2,0.45,0.0,False
130,[[249  15]],2,747.8738999999999,[[247  20]],1.2,0.45,0.0,False
131,[[247  20]],1,735.73312,[[263  17]],1.2,0.4,0.0,False
132,[[263  17]],0,807.0489,[[267  18]],1.2,0.45,0.0,False
133,[[267  18]],2,781.2725399999999,[[249  16]],1.2,0.45,0.0,False
134,[[249  16]],1,645.9387200000001,[[241  14]],1.2,0.4,0.0,False
135,[[241  14]],0,647.18424,[[218  14]],1.2,0.45,0.0,False
136,[[218  14]],0,820.5321999999999,[[247  12]],1.2,0.5,0.0,False
137,[[247  12]],0,950.3249800000001,[[251  14]],1.2,0.55,0.0,False
138,[[251  14]],1,878.6053999999999,[[266  21]],1.2,0.5,0.0,False
139,[[266  21]],0,891.3480400000001,[[230  13]],1.2,0.55,0.0,False
140,[[230  13]],2,953.1964200000001,[[252  21]],1.2,0.55,0.0,False
141,[[252  21]],2,998.76964,[[257  18]],1.2,0.55,0.0,False
142,[[257  18]],1,857.3954,[[251  21]],1.2,0.5,0.0,False
143,[[251  21]],1,719.3861999999999,[[238  15]],1.2,0.45,0.0,False
144,[[238  15]],2,810.69462,[[257  19]],1.2,0.45,0.0,False
145,[[257  19]],0,969.1930000000001,[[274  16]],1.2,0.5,0.0,False
146,[[274  16]],0,854.79636,[[243  13]],1.2,0.55,0.0,False
147,[[243  13]],2,978.18094,[[263   8]],1.2,0.55,0.0,False
148,[[263   8]],0,997.74072,[[243  12]],1.2,0.6,0.0,False
149,[[243  12]],2,1015.3019999999999,[[247  21]],1.2,0.6,0.0,False
150,[[247  21]],0,1269.86106,[[285  13]],1.2,0.65,0.0,False
151,[[285  13]],0,1296.82392,[[267  14]],1.2,0.7,0.0,False
152,[[267  14]],1,1216.7331800000002,[[278  17]],1.2,0.65,0.0,False
153,[[278  17]],1,901.41864,[[227  14]],1.2,0.6,0.0,False
154,[[227  14]],2,1075.8996,[[261  16]],1.2,0.6,0.0,False
155,[[261  16]],0,1094.3979800000002,[[251  18]],1.2,0.65,0.0,False
156,[[251  18]],0,1225.9486399999998,[[253  13]],1.2,0.7,0.0,False
157,[[253  13]],0,1203.0924,[[248  16]],1.2,0.75,0.0,False
158,[[248  16]],2,1224.0023999999999,[[241  13]],1.2,0.75,0.0,False
159,[[241  13]],2,1363.8099,[[263  12]],1.2,0.75,0.0,False
160,[[263  12]],1,1254.0460799999996,[[264  20]],1.2,0.7,0.0,False
161,[[264  20]],1,1177.4469199999999,[[269  17]],1.2,0.65,0.0,False
162,[[269  17]],1,1009.7579999999998,[[244  16]],1.2,0.6,0.0,False
163,[[244  16]],0,1065.01226,[[233  18]],1.2,0.65,0.0,False
164,[[233  18]],0,1127.51632,[[236  18]],1.2,0.7,0.0,False
165,[[236  18]],0,1277.004,[[257  19]],1.2,0.75,0.0,False
166,[[257  19]],0,1423.12064,[[254  12]],1.2,0.8,0.0,False
167,[[254  12]],1,1261.6044,[[247  15]],1.2,0.75,0.0,False
168,[[247  15]],1,1213.25148,[[252  15]],1.2,0.7,0.0,False
169,[[252  15]],1,1107.63484,[[241  17]],1.2,0.65,0.0,False
170,[[241  17]],0,1207.3269599999999,[[255  17]],1.2,0.7,0.0,False
171,[[255  17]],0,1403.6961,[[275  14]],1.2,0.75,0.0,False
172,[[275  14]],1,1236.75776,[[256  14]],1.2,0.7,0.0,False
173,[[256  14]],2,1315.3741999999997,[[274  16]],1.2,0.7,0.0,False
174,[[274  16]],2,1308.4657599999998,[[272   8]],1.2,0.7,0.0,False
175,[[272   8]],1,989.41518,[[237  12]],1.2,0.65,0.0,False
176,[[237  12]],2,1197.84652,[[271  26]],1.2,0.65,0.0,False
177,[[271  26]],1,1009.83816,[[252  16]],1.2,0.6,0.0,False
178,[[252  16]],2,1060.7349599999998,[[261  25]],1.2,0.6,0.0,False
179,[[261  25]],0,1209.34112,[[278  14]],1.2,0.65,0.0,False
180,[[278  14]],1,1121.3440799999998,[[284  15]],1.2,0.6,0.0,False
181,[[284  15]],0,1127.11508,[[263  16]],1.2,0.65,0.0,False
182,[[263  16]],0,1211.9869999999999,[[244  15]],1.2,0.7,0.0,False
183,[[244  15]],2,1280.29468,[[272  14]],1.2,0.7,0.0,False
184,[[272  14]],1,1213.6737600000001,[[261   8]],1.2,0.65,0.0,False
185,[[261   8]],2,1172.3158199999998,[[270  21]],1.2,0.65,0.0,False
186,[[270  21]],1,1011.7679999999998,[[251  15]],1.2,0.6,0.0,False
187,[[251  15]],2,1077.4692,[[273  21]],1.2,0.6,0.0,False
188,[[273  21]],1,942.6843800000001,[[256  20]],1.2,0.55,0.0,False
189,[[256  20]],2,1005.2046399999999,[[275  14]],1.2,0.55,0.0,False
190,[[275  14]],2,946.96756,[[251  11]],1.2,0.55,0.0,False
191,[[251  11]],2,999.4738600000001,[[263  13]],1.2,0.55,0.0,False
192,[[263  13]],0,1013.4801599999998,[[248  21]],1.2,0.6,0.0,False
193,[[248  21]],1,900.1784,[[250  18]],1.2,0.55,0.0,False
194,[[250  18]],1,882.7754,[[266  17]],1.2,0.5,0.0,False
195,[[266  17]],2,1059.5288,[[299  20]],1.2,0.5,0.0,False
196,[[299  20]],1,790.86168,[[259  15]],1.2,0.45,0.0,False
197,[[259  15]],2,735.68232,[[259  13]],1.2,0.45,0.0,False
198,[[259  13]],2,761.55516,[[263  19]],1.2,0.45,0.0,False
199,[[263  19]],0,918.8430000000001,[[267  22]],1.2,0.5,0.0,False
200,[[267  22]],1,821.83842,[[276  16]],1.2,0.45,0.0,False
201,[[276  16]],1,736.3462400000001,[[274  16]],1.2,0.4,0.0,False
202,[[274  16]],2,694.0552,[[266  11]],1.2,0.4,0.0,False
203,[[266  11]],0,872.54766,[[282  13]],1.2,0.45,0.0,False
204,[[282  13]],2,855.67878,[[284  23]],1.2,0.45,0.0,False
205,[[284  23]],0,856.2976,[[259  17]],1.2,0.5,0.0,False
206,[[259  17]],1,818.72082,[[268  21]],1.2,0.45,0.0,False
207,[[268  21]],1,679.93984,[[254  11]],1.2,0.4,0.0,False
208,[[254  11]],0,887.7726,[[290  18]],1.2,0.45,0.0,False
209,[[290  18]],1,699.8352,[[258  21]],1.2,0.4,0.0,False
210,[[258  21]],0,843.15402,[[275  11]],1.2,0.45,0.0,False
211,[[275  11]],0,934.8112,[[274  10]],1.2,0.5,0.0,False
212,[[274  10]],2,889.8498,[[261  10]],1.2,0.5,0.0,False
213,[[261  10]],0,1047.5443,[[272  15]],1.2,0.55,0.0,False
214,[[272  15]],2,1039.32026,[[280  19]],1.2,0.55,0.0,False
215,[[280  19]],1,848.9116,[[250  19]],1.2,0.5,0.0,False
216,[[250  19]],2,923.73,[[270  10]],1.2,0.5,0.0,False
217,[[270  10]],2,930.7421999999999,[[279  14]],1.2,0.5,0.0,False
218,[[279  14]],1,798.5469600000001,[[268  11]],1.2,0.45,0.0,False
219,[[268  11]],2,821.46456,[[274  20]],1.2,0.45,0.0,False
220,[[274  20]],0,950.2435999999999,[[272  14]],1.2,0.5,0.0,False
221,[[272  14]],0,899.62708,[[248  16]],1.2,0.55,0.0,False
222,[[248  16]],2,1015.20232,[[275  18]],1.2,0.55,0.0,False
223,[[275  18]],2,951.52046,[[259  22]],1.2,0.55,0.0,False
224,[[259  22]],2,996.49264,[[278  21]],1.2,0.55,0.0,False
225,[[278  21]],0,1133.75232,[[285  15]],1.2,0.6,0.0,False
226,[[285  15]],0,1330.563,[[294  15]],1.2,0.65,0.0,False
227,[[294  15]],0,1321.20912,[[282  16]],1.2,0.7,0.0,False
228,[[282  16]],0,1295.0883,[[258  13]],1.2,0.75,0.0,False
229,[[258  13]],1,1279.76408,[[262  11]],1.2,0.7,0.0,False
230,[[262  11]],0,1435.5369,[[279  14]],1.2,0.75,0.0,False
231,[[279  14]],1,1174.54988,[[259   9]],1.2,0.7,0.0,False
232,[[259   9]],1,1142.0705400000002,[[258  17]],1.2,0.65,0.0,False
233,[[258  17]],2,1123.40618,[[260  19]],1.2,0.65,0.0,False
234,[[260  19]],1,1150.09032,[[283  16]],1.2,0.6,0.0,False
235,[[283  16]],1,1034.02618,[[278  10]],1.2,0.55,0.0,False
236,[[278  10]],2,903.9382,[[248  16]],1.2,0.55,0.0,False
237,[[248  16]],2,970.2396000000001,[[252  18]],1.2,0.55,0.0,False
238,[[252  18]],1,891.7908,[[264  16]],1.2,0.5,0.0,False
239,[[264  16]],2,831.4451999999999,[[255  19]],1.2,0.5,0.0,False
240,[[255  19]],0,990.5284399999999,[[259  16]],1.2,0.55,0.0,False
241,[[259  16]],0,945.9424799999999,[[243  12]],1.2,0.6,0.0,False
242,[[243  12]],2,1150.52448,[[277  16]],1.2,0.6,0.0,False
243,[[277  16]],0,1199.4541,[[268  14]],1.2,0.65,0.0,False
244,[[268  14]],0,1206.30188,[[259  19]],1.2,0.7,0.0,False
245,[[259  19]],0,1471.9739999999997,[[283  13]],1.2,0.75,0.0,False
246,[[283  13]],0,1463.5580799999998,[[271  14]],1.2,0.8,0.0,False
247,[[271  14]],0,1573.32892,[[272  15]],1.2,0.85,0.0,False
248,[[272  15]],2,1510.57954,[[266  14]],1.2,0.85,0.0,False
249,[[266  14]],2,1532.1137799999997,[[269  16]],1.2,0.85,0.0,False
250,[[269  16]],2,1657.7907,[[282  13]],1.2,0.85,0.0,False
251,[[282  13]],0,1774.66176,[[287  16]],1.2,0.9,0.0,False
252,[[287  16]],1,1573.8073,[[263  10]],1.2,0.85,0.0,False
253,[[263  10]],0,1675.5228,[[276  13]],1.2,0.9,0.0,False
254,[[276  13]],0,1854.16212,[[279  18]],1.2,0.95,0.0,False
255,[[279  18]],1,1589.01948,[[263  17]],1.2,0.9,0.0,False
256,[[263  17]],0,1877.8961599999998,[[293  24]],1.2,0.95,0.0,False
257,[[293  24]],2,1653.4145799999997,[[265  12]],1.2,0.95,0.0,False
258,[[265  12]],2,1888.8451,[[286  11]],1.2,0.95,0.0,False
259,[[286  11]],2,1623.74532,[[255  15]],1.2,0.95,0.0,False
260,[[255  15]],2,1623.7890199999997,[[251  17]],1.2,0.95,0.0,False
261,[[251  17]],2,1699.8456399999998,[[268  18]],1.2,0.95,0.0,False
262,[[268  18]],1,1607.38632,[[259  12]],1.2,0.9,0.0,False
263,[[259  12]],0,1762.7299399999997,[[275  14]],1.2,0.95,0.0,False
264,[[275  14]],1,1754.28792,[[277  26]],1.2,0.9,0.0,False
265,[[277  26]],2,1629.82116,[[268  15]],1.2,0.9,0.0,False
266,[[268  15]],2,1533.8332799999998,[[252  15]],1.2,0.9,0.0,False
267,[[252  15]],1,1673.3657599999997,[[298  17]],1.2,0.85,0.0,False
268,[[298  17]],1,1555.88672,[[278   9]],1.2,0.8,0.0,False
269,[[278   9]],2,1609.14752,[[290  16]],1.2,0.8,0.0,False
270,[[290  16]],2,1388.06912,[[251  19]],1.2,0.8,0.0,False
271,[[251  19]],0,1593.70818,[[273  18]],1.2,0.85,0.0,False
272,[[273  18]],2,1705.9754999999998,[[294  18]],1.2,0.85,0.0,False
273,[[294  18]],1,1494.1395200000002,[[272  14]],1.2,0.8,0.0,False
274,[[272  14]],0,1655.5463599999998,[[292  13]],1.2,0.85,0.0,False
275,[[292  13]],2,1614.1153199999999,[[279  17]],1.2,0.85,0.0,False
276,[[279  17]],0,1505.62656,[[250  11]],1.2,0.9,0.0,False
277,[[250  11]],1,1595.61456,[[276   9]],1.2,0.85,0.0,False
278,[[276   9]],2,1614.9109199999998,[[264  22]],1.2,0.85,0.0,False
279,[[264  22]],2,1536.1196599999998,[[271  19]],1.2,0.85,0.0,False
280,[[271  19]],2,1616.4018199999996,[[286  19]],1.2,0.85,0.0,False
281,[[286  19]],2,1516.3626,[[258  16]],1.2,0.85,0.0,False
282,[[258  16]],2,1534.87458,[[252  23]],1.2,0.85,0.0,False
283,[[252  23]],0,1524.4657200000001,[[257  12]],1.2,0.9,0.0,False
284,[[257  12]],2,1814.36328,[[291  11]],1.2,0.9,0.0,False
285,[[291  11]],1,1612.5193599999998,[[275  12]],1.2,0.85,0.0,False
286,[[275  12]],2,1635.73286,[[286  17]],1.2,0.85,0.0,False
287,[[286  17]],0,1506.7843200000002,[[247  15]],1.2,0.9,0.0,False
288,[[247  15]],1,1504.1953600000002,[[266  13]],1.2,0.85,0.0,False
289,[[266  13]],1,1485.70144,[[268  17]],1.2,0.8,0.0,False
290,[[268  17]],1,1293.6687000000002,[[256  20]],1.2,0.75,0.0,False
291,[[256  20]],0,1511.66016,[[279  10]],1.2,0.8,0.0,False
292,[[279  10]],1,1470.246,[[277  10]],1.2,0.75,0.0,False
293,[[277  10]],2,1348.4367,[[261  11]],1.2,0.75,0.0,False
294,[[261  11]],2,1305.6987,[[254  17]],1.2,0.75,0.0,False
295,[[254  17]],1,1240.9233199999999,[[265  18]],1.2,0.7,0.0,False
296,[[265  18]],1,1348.7305000000001,[[298  16]],1.2,0.65,0.0,False
297,[[298  16]],2,1194.96286,[[268  13]],1.2,0.65,0.0,False
298,[[268  13]],2,1144.0457600000002,[[263  13]],1.2,0.65,0.0,False
299,[[263  13]],0,1328.28388,[[281  17]],1.2,0.7,0.0,False
300,[[281  17]],0,1360.2819,[[272  13]],1.2,0.75,0.0,False
301,[[272  13]],2,1347.9324000000001,[[271  16]],1.2,0.75,0.0,False
302,[[271  16]],2,1400.4663,[[268  15]],1.2,0.75,0.0,False
303,[[268  15]],1,1171.25148,[[255   8]],1.2,0.7,0.0,False
304,[[255   8]],2,1343.78972,[[277  18]],1.2,0.7,0.0,False
305,[[277  18]],2,1270.9703999999997,[[264  11]],1.2,0.7,0.0,False
306,[[264  11]],2,1329.3644,[[274  18]],1.2,0.7,0.0,False
307,[[274  18]],1,1183.9204,[[271  10]],1.2,0.65,0.0,False
308,[[271  10]],1,1127.70984,[[277  13]],1.2,0.6,0.0,False
309,[[277  13]],1,1001.7387600000001,[[261  18]],1.2,0.55,0.0,False
310,[[261  18]],1,836.4871999999999,[[248  12]],1.2,0.5,0.0,False
311,[[248  12]],2,893.1687999999999,[[262  13]],1.2,0.5,0.0,False
312,[[262  13]],0,1051.87016,[[274  18]],1.2,0.55,0.0,False
313,[[274  18]],2,989.2174600000001,[[257  18]],1.2,0.55,0.0,False
314,[[257  18]],1,795.1016,[[242  16]],1.2,0.5,0.0,False
315,[[242  16]],0,1083.5917399999998,[[280  20]],1.2,0.55,0.0,False
316,[[280  20]],1,886.6723999999999,[[257  10]],1.2,0.5,0.0,False
317,[[257  10]],0,954.5522800000001,[[254  12]],1.2,0.55,0.0,False
318,[[254  12]],1,818.2876,[[244  19]],1.2,0.5,0.0,False
319,[[244  19]],0,898.7072599999999,[[241  12]],1.2,0.55,0.0,False
320,[[241  12]],1,1030.2938,[[296  17]],1.2,0.5,0.0,False
321,[[296  17]],0,1056.27302,[[283  15]],1.2,0.55,0.0,False
322,[[283  15]],2,1017.25668,[[264  14]],1.2,0.55,0.0,False
323,[[264  14]],0,1161.16536,[[283  13]],1.2,0.6,0.0,False
324,[[283  13]],2,1147.6727999999998,[[285  19]],1.2,0.6,0.0,False
325,[[285  19]],1,960.07494,[[258  19]],1.2,0.55,0.0,False
326,[[258  19]],2,1014.3124200000001,[[270  18]],1.2,0.55,0.0,False
327,[[270  18]],0,973.7990399999999,[[247  20]],1.2,0.6,0.0,False
328,[[247  20]],1,1072.6463,[[286  19]],1.2,0.55,0.0,False
329,[[286  19]],2,933.5044399999999,[[265  10]],1.2,0.55,0.0,False
330,[[265  10]],0,1036.16328,[[265  15]],1.2,0.6,0.0,False
331,[[265  15]],1,1031.3674800000001,[[273  18]],1.2,0.55,0.0,False
332,[[273  18]],2,1005.10652,[[268   8]],1.2,0.55,0.0,False
333,[[268   8]],0,1208.41872,[[296  17]],1.2,0.6,0.0,False
334,[[296  17]],1,1065.7002400000001,[[284  18]],1.2,0.55,0.0,False
335,[[284  18]],2,1087.0849,[[284  15]],1.2,0.55,0.0,False
336,[[284  15]],2,1034.0811800000001,[[277  10]],1.2,0.55,0.0,False
337,[[277  10]],1,891.5071999999999,[[263  19]],1.2,0.5,0.0,False
338,[[263  19]],0,1000.1169200000002,[[271  13]],1.2,0.55,0.0,False
339,[[271  13]],2,946.2679600000001,[[257  25]],1.2,0.55,0.0,False
340,[[257  25]],2,1026.93866,[[274  10]],1.2,0.55,0.0,False
341,[[274  10]],1,939.611,[[281  13]],1.2,0.5,0.0,False
342,[[281  13]],1,797.48514,[[263  14]],1.2,0.45,0.0,False
343,[[263  14]],1,794.7536,[[280  15]],1.2,0.4,0.0,False
344,[[280  15]],1,651.31346,[[275  12]],1.2,0.35,0.0,False
345,[[275  12]],1,530.4700799999999,[[267  22]],1.2,0.3,0.0,False
346,[[267  22]],1,485.9844,[[288  21]],1.2,0.25,0.0,False
347,[[288  21]],1,376.28152,[[280  12]],1.2,0.2,0.0,False
348,[[280  12]],2,355.43304,[[261  14]],1.2,0.2,0.0,False
349,[[261  14]],0,458.6328,[[279  15]],1.2,0.25,0.0,False
350,[[279  15]],1,353.82864,[[258  20]],1.2,0.2,0.0,False
351,[[258  20]],2,381.32944,[[289  13]],1.2,0.2,0.0,False
352,[[289  13]],2,383.35303999999996,[[290   9]],1.2,0.2,0.0,False
353,[[290   9]],0,470.3234,[[280  16]],1.2,0.25,0.0,False
354,[[280  16]],0,557.0996399999999,[[273  21]],1.2,0.3,0.0,False
355,[[273  21]],1,476.26039999999995,[[280  12]],1.2,0.25,0.0,False
356,[[280  12]],2,417.4381,[[248  18]],1.2,0.25,0.0,False
357,[[248  18]],1,370.21672,[[274  20]],1.2,0.2,0.0,False
358,[[274  20]],2,390.43656,[[282  20]],1.2,0.2,0.0,False
359,[[282  20]],0,484.0265,[[280  21]],1.2,0.25,0.0,False
360,[[280  21]],0,543.27612,[[257  18]],1.2,0.3,0.0,False
361,[[257  18]],0,693.02674,[[283  11]],1.2,0.35,0.0,False
362,[[283  11]],0,740.79008,[[274  19]],1.2,0.4,0.0,False
363,[[274  19]],2,717.4443200000001,[[271  11]],1.2,0.4,0.0,False
364,[[271  11]],1,710.9010999999998,[[295  15]],1.2,0.35,0.0,False
365,[[295  15]],0,741.08128,[[275  16]],1.2,0.4,0.0,False
366,[[275  16]],1,676.0061,[[272  14]],1.2,0.35,0.0,False
367,[[272  14]],1,568.9022399999999,[[273  18]],1.2,0.3,0.0,False
368,[[273  18]],0,694.8240599999999,[[294  13]],1.2,0.35,0.0,False
369,[[294  13]],1,614.44596,[[299  18]],1.2,0.3,0.0,False
370,[[299  18]],1,482.48949999999996,[[278  16]],1.2,0.25,0.0,False
371,[[278  16]],2,437.4145,[[257  17]],1.2,0.25,0.0,False
372,[[257  17]],1,397.16456,[[281  16]],1.2,0.2,0.0,False
373,[[281  16]],2,393.62992,[[295  19]],1.2,0.2,0.0,False
374,[[295  19]],1,300.8595,[[295  13]],1.2,0.15,0.0,False
375,[[295  13]],2,300.71178,[[297  24]],1.2,0.15,0.0,False
376,[[297  24]],2,287.87082,[[284  18]],1.2,0.15,0.0,False
377,[[284  18]],0,368.62152000000003,[[270  17]],1.2,0.2,0.0,False
378,[[270  17]],2,417.702,[[303  23]],1.2,0.2,0.0,False
379,[[303  23]],0,475.0277,[[280  19]],1.2,0.25,0.0,False
380,[[280  19]],1,375.00464,[[272  13]],1.2,0.2,0.0,False
381,[[272  13]],0,474.87809999999996,[[279  24]],1.2,0.25,0.0,False
382,[[279  24]],2,489.39469999999994,[[295  15]],1.2,0.25,0.0,False
383,[[295  15]],1,383.22720000000004,[[279  21]],1.2,0.2,0.0,False
384,[[279  21]],1,317.19647999999995,[[301  16]],1.2,0.15,0.0,False
385,[[301  16]],2,297.61709999999994,[[293  25]],1.2,0.15,0.0,False
386,[[293  25]],1,207.17152000000002,[[299  17]],1.2,0.1,0.0,False
387,[[299  17]],0,278.38008,[[273  12]],1.2,0.15,0.0,False
388,[[273  12]],0,380.41056,[[279  17]],1.2,0.2,0.0,False
389,[[279  17]],2,378.92912,[[278  21]],1.2,0.2,0.0,False
390,[[278  21]],1,298.15782,[[287  24]],1.2,0.15,0.0,False
391,[[287  24]],2,292.64676,[[287  23]],1.2,0.15,0.0,False
392,[[287  23]],1,182.56704000000002,[[276  23]],1.2,0.1,0.0,False
393,[[276  23]],0,306.82374,[[293  24]],1.2,0.15,0.0,False
394,[[293  24]],0,427.83432000000005,[[321  17]],1.2,0.2,0.0,False
395,[[321  17]],2,400.62480000000005,[[291  18]],1.2,0.2,0.0,False
396,[[291  18]],0,540.9462,[[312  27]],1.2,0.25,0.0,False
397,[[312  27]],0,580.7742000000001,[[298  27]],1.2,0.3,0.0,False
398,[[298  27]],0,766.9975599999999,[[319  23]],1.2,0.35,0.0,False
399,[[319  23]],0,812.9782399999999,[[310  18]],1.2,0.4,0.0,False
400,[[310  18]],0,858.95982,[[278  20]],1.2,0.45,0.0,False
401,[[278  20]],0,1051.4974,[[313  28]],1.2,0.5,0.0,False
402,[[313  28]],0,1127.92328,[[298  13]],1.2,0.55,0.0,False
403,[[298  13]],0,1165.9847999999997,[[275  15]],1.2,0.6,0.0,False
404,[[275  15]],0,1347.8374,[[301  20]],1.2,0.65,0.0,False
405,[[301  20]],0,1376.1409199999998,[[291  15]],1.2,0.7,0.0,False
406,[[291  15]],2,1500.1576799999998,[[309  15]],1.2,0.7,0.0,False
407,[[309  15]],1,1279.2657800000002,[[296  23]],1.2,0.65,0.0,False
408,[[296  23]],1,1203.8608799999997,[[291  17]],1.2,0.6,0.0,False
409,[[291  17]],2,1201.7810399999998,[[293  17]],1.2,0.6,0.0,False
410,[[293  17]],2,1273.73472,[[324  20]],1.2,0.6,0.0,False
411,[[324  20]],1,1145.9921000000002,[[301  15]],1.2,0.55,0.0,False
412,[[301  15]],2,1130.47506,[[306  19]],1.2,0.55,0.0,False
413,[[306  19]],0,1226.00928,[[295  19]],1.2,0.6,0.0,False
414,[[295  19]],1,1087.44394,[[287  23]],1.2,0.55,0.0,False
415,[[287  23]],0,1252.1531999999997,[[316  25]],1.2,0.6,0.0,False
416,[[316  25]],2,1231.9341599999998,[[301  20]],1.2,0.6,0.0,False
417,[[301  20]],0,1283.62676,[[296  11]],1.2,0.65,0.0,False
418,[[296  11]],0,1353.28396,[[287  19]],1.2,0.7,0.0,False
419,[[287  19]],0,1592.8971,[[313  17]],1.2,0.75,0.0,False
420,[[313  17]],0,1539.98016,[[285  18]],1.2,0.8,0.0,False
421,[[285  18]],0,1949.9618799999998,[[338  18]],1.2,0.85,0.0,False
422,[[338  18]],1,1541.7248,[[284  19]],1.2,0.8,0.0,False
423,[[284  19]],2,1523.4672,[[282  12]],1.2,0.8,0.0,False
424,[[282  12]],1,1496.7060000000001,[[295  16]],1.2,0.75,0.0,False
425,[[295  16]],1,1588.1560799999997,[[321  16]],1.2,0.7,0.0,False
426,[[321  16]],2,1533.7196,[[313  16]],1.2,0.7,0.0,False
427,[[313  16]],0,1442.1324,[[287  11]],1.2,0.75,0.0,False
428,[[287  11]],1,1426.6587999999997,[[302  16]],1.2,0.7,0.0,False
429,[[302  16]],0,1605.6141,[[310   9]],1.2,0.75,0.0,False
430,[[310   9]],1,1477.4941999999996,[[304  15]],1.2,0.7,0.0,False
431,[[304  15]],2,1345.7205999999999,[[296  21]],1.2,0.7,0.0,False
432,[[296  21]],1,1349.86618,[[310  19]],1.2,0.65,0.0,False
433,[[310  19]],1,1123.6120799999999,[[281  18]],1.2,0.6,0.0,False
434,[[281  18]],1,1121.9065,[[305  18]],1.2,0.55,0.0,False
435,[[305  18]],0,1240.73688,[[304  21]],1.2,0.6,0.0,False
436,[[304  21]],2,1321.5763200000001,[[319  17]],1.2,0.6,0.0,False
437,[[319  17]],2,1155.07992,[[289  12]],1.2,0.6,0.0,False
438,[[289  12]],0,1344.0242400000002,[[294  13]],1.2,0.65,0.0,False
439,[[294  13]],0,1441.8479599999998,[[295  15]],1.2,0.7,0.0,False
440,[[295  15]],0,1496.6945999999998,[[294  14]],1.2,0.75,0.0,False
441,[[294  14]],1,1378.0006799999999,[[291  18]],1.2,0.7,0.0,False
442,[[291  18]],1,1291.65634,[[292   8]],1.2,0.65,0.0,False
443,[[292   8]],2,1389.7065,[[303  10]],1.2,0.65,0.0,False
444,[[303  10]],1,1210.1755199999998,[[293  11]],1.2,0.6,0.0,False
445,[[293  11]],1,1054.40346,[[285  19]],1.2,0.55,0.0,False
446,[[285  19]],0,1211.5867199999998,[[302  13]],1.2,0.6,0.0,False
447,[[302  13]],0,1178.0823599999999,[[273  15]],1.2,0.65,0.0,False
448,[[273  15]],2,1217.34158,[[275  12]],1.2,0.65,0.0,False
449,[[275  12]],1,1141.1671199999998,[[281  13]],1.2,0.6,0.0,False
450,[[281  13]],0,1307.5327200000002,[[297  13]],1.2,0.65,0.0,False
451,[[297  13]],1,1263.44808,[[300  13]],1.2,0.6,0.0,False
452,[[300  13]],2,1096.88688,[[279  18]],1.2,0.6,0.0,False
453,[[279  18]],0,1241.7506400000002,[[282  21]],1.2,0.65,0.0,False
454,[[282  21]],0,1392.1653199999998,[[301  17]],1.2,0.7,0.0,False
455,[[301  17]],0,1403.6628,[[269  14]],1.2,0.75,0.0,False
456,[[269  14]],2,1379.6199000000001,[[267  13]],1.2,0.75,0.0,False
457,[[267  13]],0,1637.1465600000001,[[303  15]],1.2,0.8,0.0,False
458,[[303  15]],1,1421.5488,[[274  18]],1.2,0.75,0.0,False
459,[[274  18]],1,1269.3587199999997,[[275  19]],1.2,0.7,0.0,False
460,[[275  19]],0,1406.0405999999998,[[272  21]],1.2,0.75,0.0,False
461,[[272  21]],1,1323.4580799999999,[[272  14]],1.2,0.7,0.0,False
462,[[272  14]],1,1336.5123199999998,[[302  13]],1.2,0.65,0.0,False
463,[[302  13]],2,1223.235,[[282  17]],1.2,0.65,0.0,False
464,[[282  17]],2,1317.32224,[[301  18]],1.2,0.65,0.0,False
465,[[301  18]],2,1319.6713399999999,[[302  14]],1.2,0.65,0.0,False
466,[[302  14]],1,1234.42416,[[297  17]],1.2,0.6,0.0,False
467,[[297  17]],0,1285.84898,[[287  17]],1.2,0.65,0.0,False
468,[[287  17]],0,1463.4521999999997,[[303  14]],1.2,0.7,0.0,False
469,[[303  14]],2,1347.6142399999999,[[280  13]],1.2,0.7,0.0,False
470,[[280  13]],1,1243.64812,[[286  10]],1.2,0.65,0.0,False
471,[[286  10]],0,1343.50328,[[277  13]],1.2,0.7,0.0,False
472,[[277  13]],1,1226.1561,[[282  18]],1.2,0.65,0.0,False
473,[[282  18]],1,1210.31568,[[291  20]],1.2,0.6,0.0,False
474,[[291  20]],0,1242.97524,[[279  10]],1.2,0.65,0.0,False
475,[[279  10]],0,1277.0374399999998,[[271  10]],1.2,0.7,0.0,False
476,[[271  10]],2,1408.1964399999997,[[296  14]],1.2,0.7,0.0,False
477,[[296  14]],1,1334.9934,[[288  17]],1.2,0.65,0.0,False
478,[[288  17]],0,1283.5443599999999,[[267  13]],1.2,0.7,0.0,False
479,[[267  13]],1,1158.02024,[[266  21]],1.2,0.65,0.0,False
480,[[266  21]],0,1331.1328800000001,[[270  19]],1.2,0.7,0.0,False
481,[[270  19]],2,1260.5384399999998,[[261  19]],1.2,0.7,0.0,False
482,[[261  19]],1,1291.56248,[[281  23]],1.2,0.65,0.0,False
483,[[281  23]],1,1073.9709599999999,[[263  13]],1.2,0.6,0.0,False
484,[[263  13]],0,1307.47656,[[282  18]],1.2,0.65,0.0,False
485,[[282  18]],2,1311.5364599999998,[[288  16]],1.2,0.65,0.0,False
486,[[288  16]],1,1215.88344,[[291  19]],1.2,0.6,0.0,False
487,[[291  19]],2,1189.2247200000002,[[276  18]],1.2,0.6,0.0,False
488,[[276  18]],1,1078.0292599999998,[[283  11]],1.2,0.55,0.0,False
489,[[283  11]],0,1096.9444799999999,[[267  20]],1.2,0.6,0.0,False
490,[[267  20]],1,1042.19038,[[281  18]],1.2,0.55,0.0,False
491,[[281  18]],1,956.5836,[[282  16]],1.2,0.5,0.0,False
492,[[282  16]],2,948.8118000000001,[[273   9]],1.2,0.5,0.0,False
493,[[273   9]],2,974.8902,[[282  11]],1.2,0.5,0.0,False
494,[[282  11]],2,1044.1936,[[313  13]],1.2,0.5,0.0,False
495,[[313  13]],0,1056.9328,[[278  15]],1.2,0.55,0.0,False
496,[[278  15]],1,924.595,[[268  14]],1.2,0.5,0.0,False
497,[[268  14]],2,964.261,[[286  15]],1.2,0.5,0.0,False
498,[[286  15]],0,1065.4094,[[280  13]],1.2,0.55,0.0,False
499,[[280  13]],2,987.3655000000001,[[269  14]],1.2,0.55,0.0,False
500,[[269  14]],2,1089.8261,[[283  14]],1.2,0.55,0.0,False
501,[[283  14]],1,877.9871999999999,[[261  16]],1.2,0.5,0.0,False
502,[[261  16]],2,931.5465999999999,[[274  16]],1.2,0.5,0.0,False
503,[[274  16]],2,979.0408,[[286  15]],1.2,0.5,0.0,False
504,[[286  15]],0,1129.9475000000002,[[292  20]],1.2,0.55,0.0,False
505,[[292  20]],1,999.9177999999999,[[286  20]],1.2,0.5,0.0,False
506,[[286  20]],2,1020.6078,[[291  20]],1.2,0.5,0.0,False
507,[[291  20]],0,1082.77158,[[294  11]],1.2,0.55,0.0,False
508,[[294  11]],2,1061.25976,[[278  13]],1.2,0.55,0.0,False
509,[[278  13]],2,1075.83014,[[283  21]],1.2,0.55,0.0,False
510,[[283  21]],0,1238.71248,[[306  11]],1.2,0.6,0.0,False
511,[[306  11]],2,1180.5432,[[278  15]],1.2,0.6,0.0,False
512,[[278  15]],2,1057.1419199999998,[[268  23]],1.2,0.6,0.0,False
513,[[268  23]],0,1425.90344,[[323  13]],1.2,0.65,0.0,False
514,[[323  13]],2,1285.03908,[[288  20]],1.2,0.65,0.0,False
515,[[288  20]],1,1132.51872,[[271  11]],1.2,0.6,0.0,False
516,[[271  11]],1,1078.4166800000003,[[277  14]],1.2,0.55,0.0,False
517,[[277  14]],1,1018.8588,[[297  12]],1.2,0.5,0.0,False
518,[[297  12]],1,862.38864,[[270  18]],1.2,0.45,0.0,False
519,[[270  18]],0,1006.5282,[[291  17]],1.2,0.5,0.0,False
520,[[291  17]],1,771.6457800000001,[[268  17]],1.2,0.45,0.0,False
521,[[268  17]],0,986.0015999999998,[[294  18]],1.2,0.5,0.0,False
522,[[294  18]],2,1066.8004,[[301  24]],1.2,0.5,0.0,False
523,[[301  24]],2,934.1325999999999,[[286  15]],1.2,0.5,0.0,False
524,[[286  15]],0,1128.71374,[[296  24]],1.2,0.55,0.0,False
525,[[296  24]],0,1209.78912,[[286  10]],1.2,0.6,0.0,False
526,[[286  10]],1,1033.02826,[[275  22]],1.2,0.55,0.0,False
527,[[275  22]],1,1031.3436,[[291  16]],1.2,0.5,0.0,False
528,[[291  16]],0,1127.24238,[[303  13]],1.2,0.55,0.0,False
529,[[303  13]],0,1189.3584,[[286  11]],1.2,0.6,0.0,False
530,[[286  11]],0,1237.19908,[[283  20]],1.2,0.65,0.0,False
531,[[283  20]],0,1381.77116,[[295  20]],1.2,0.7,0.0,False
532,[[295  20]],0,1311.7593000000002,[[257  19]],1.2,0.75,0.0,False
533,[[257  19]],0,1518.09888,[[273  13]],1.2,0.8,0.0,False
534,[[273  13]],0,1738.6226399999998,[[300  18]],1.2,0.85,0.0,False
535,[[300  18]],1,1665.31232,[[308  13]],1.2,0.8,0.0,False
536,[[308  13]],1,1523.7240000000002,[[292  23]],1.2,0.75,0.0,False
537,[[292  23]],1,1305.6562399999998,[[280  25]],1.2,0.7,0.0,False
538,[[280  25]],0,1604.7374999999997,[[304  17]],1.2,0.75,0.0,False
539,[[304  17]],0,1571.7516799999999,[[290  14]],1.2,0.8,0.0,False
540,[[290  14]],0,1662.8322199999998,[[277  17]],1.2,0.85,0.0,False
541,[[277  17]],0,1775.14452,[[296  12]],1.2,0.9,0.0,False
542,[[296  12]],0,1818.6503599999999,[[290  13]],1.2,0.95,0.0,False
543,[[290  13]],2,1829.2675599999998,[[280  21]],1.2,0.95,0.0,False
544,[[280  21]],0,1715.3468,[[256  16]],1.2,1.0,0.0,False
545,[[256  16]],2,1959.9443999999999,[[294   8]],1.2,1.0,0.0,False
546,[[294   8]],2,1657.7203999999997,[[250  19]],1.2,1.0,0.0,False
547,[[250  19]],0,1960.3008,[[288  20]],1.2,1.0,0.0,False
548,[[288  20]],2,1971.1116000000002,[[288  13]],1.2,1.0,0.0,False
549,[[288  13]],0,2132.1328,[[308  15]],1.2,1.0,0.0,False
550,[[308  15]],2,1846.0135999999998,[[271  14]],1.2,1.0,0.0,False
551,[[271  14]],0,1952.2095999999997,[[284   9]],1.2,1.0,0.0,False
552,[[284   9]],2,1969.8504,[[294  19]],1.2,1.0,0.0,False
553,[[294  19]],2,1845.462,[[276  12]],1.2,1.0,0.0,False
554,[[276  12]],0,1995.9751999999999,[[277  19]],1.2,1.0,0.0,False
555,[[277  19]],2,1867.9975999999997,[[277  10]],1.2,1.0,0.0,False
556,[[277  10]],2,1805.7928,[[266  13]],1.2,1.0,0.0,False
557,[[266  13]],2,1890.4371999999998,[[275  10]],1.2,1.0,0.0,False
558,[[275  10]],0,1974.2071999999998,[[283  23]],1.2,1.0,0.0,False
559,[[283  23]],0,1907.3975999999998,[[288  12]],1.2,1.0,0.0,False
560,[[288  12]],1,1893.0760199999997,[[291  15]],1.2,0.95,0.0,False
561,[[291  15]],1,1762.25112,[[285  14]],1.2,0.9,0.0,False
562,[[285  14]],2,1674.14616,[[278  13]],1.2,0.9,0.0,False
563,[[278  13]],1,1735.32838,[[299  23]],1.2,0.85,0.0,False
564,[[299  23]],1,1579.9347200000002,[[284  24]],1.2,0.8,0.0,False
565,[[284  24]],2,1672.0374399999998,[[295  14]],1.2,0.8,0.0,False
566,[[295  14]],1,1366.9773,[[271  23]],1.2,0.75,0.0,False
567,[[271  23]],1,1384.41688,[[293  10]],1.2,0.7,0.0,False
568,[[293  10]],2,1391.8601199999998,[[290  15]],1.2,0.7,0.0,False
569,[[290  15]],1,1348.78926,[[297  21]],1.2,0.65,0.0,False
570,[[297  21]],1,1179.74832,[[284  18]],1.2,0.6,0.0,False
571,[[284  18]],1,977.9726,[[265  12]],1.2,0.55,0.0,False
572,[[265  12]],2,977.6976000000001,[[264  17]],1.2,0.55,0.0,False
573,[[264  17]],0,1166.6971199999998,[[289  12]],1.2,0.6,0.0,False
574,[[289  12]],1,990.65648,[[262  19]],1.2,0.55,0.0,False
575,[[262  19]],2,1092.65222,[[286  12]],1.2,0.55,0.0,False
576,[[286  12]],0,1094.7506399999997,[[267   8]],1.2,0.6,0.0,False
577,[[267   8]],1,1054.74534,[[279  18]],1.2,0.55,0.0,False
578,[[279  18]],2,1035.21044,[[277  19]],1.2,0.55,0.0,False
579,[[277  19]],0,1190.0193599999998,[[289  14]],1.2,0.6,0.0,False
580,[[289  14]],0,1327.47992,[[290  13]],1.2,0.65,0.0,False
581,[[290  13]],0,1324.2616799999998,[[285  17]],1.2,0.7,0.0,False
582,[[285  17]],1,1297.2713,[[290  21]],1.2,0.65,0.0,False
583,[[290  21]],2,1271.3058800000001,[[281  16]],1.2,0.65,0.0,False
584,[[281  16]],1,1086.42288,[[274  15]],1.2,0.6,0.0,False
585,[[274  15]],1,1098.1973200000002,[[296  20]],1.2,0.55,0.0,False
586,[[296  20]],1,941.1874,[[283  13]],1.2,0.5,0.0,False
587,[[283  13]],2,971.7714,[[288  15]],1.2,0.5,0.0,False
588,[[288  15]],2,1040.1104,[[302  14]],1.2,0.5,0.0,False
589,[[302  14]],2,1015.5953999999999,[[297  16]],1.2,0.5,0.0,False
590,[[297  16]],0,1077.6458,[[289  21]],1.2,0.55,0.0,False
591,[[289  21]],0,1190.4288000000001,[[275  25]],1.2,0.6,0.0,False
592,[[275  25]],2,1169.9219999999998,[[277  15]],1.2,0.6,0.0,False
593,[[277  15]],1,936.06854,[[256  17]],1.2,0.55,0.0,False
594,[[256  17]],2,1062.5683199999999,[[288  17]],1.2,0.55,0.0,False
595,[[288  17]],1,933.1527999999998,[[271  17]],1.2,0.5,0.0,False
596,[[271  17]],0,996.08278,[[272  14]],1.2,0.55,0.0,False
597,[[272  14]],2,1008.79438,[[275  12]],1.2,0.55,0.0,False
598,[[275  12]],0,1144.3634399999999,[[286   9]],1.2,0.6,0.0,False
599,[[286   9]],1,1083.6238600000001,[[281  12]],1.2,0.55,0.0,False
600,[[281  12]],1,966.0070000000001,[[292  15]],1.2,0.5,0.0,False
601,[[292  15]],2,953.5429999999999,[[278  22]],1.2,0.5,0.0,False
602,[[278  22]],0,1148.84946,[[300  13]],1.2,0.55,0.0,False
603,[[300  13]],2,1008.68284,[[272  18]],1.2,0.55,0.0,False
604,[[272  18]],2,1053.2258000000002,[[289  17]],1.2,0.55,0.0,False
605,[[289  17]],2,1051.2084,[[294  14]],1.2,0.55,0.0,False
606,[[294  14]],0,1222.722,[[297  20]],1.2,0.6,0.0,False
607,[[297  20]],0,1275.3065000000001,[[281  16]],1.2,0.65,0.0,False
608,[[281  16]],1,1160.42664,[[283  11]],1.2,0.6,0.0,False
609,[[283  11]],1,1083.27736,[[284  12]],1.2,0.55,0.0,False
610,[[284  12]],2,1066.4236,[[278  15]],1.2,0.55,0.0,False
611,[[278  15]],1,966.7975999999999,[[287   8]],1.2,0.5,0.0,False
612,[[287   8]],1,942.0229800000001,[[297  17]],1.2,0.45,0.0,False
613,[[297  17]],2,869.7501,[[287  16]],1.2,0.45,0.0,False
614,[[287  16]],1,802.72928,[[295  21]],1.2,0.4,0.0,False
615,[[295  21]],1,645.46832,[[266  16]],1.2,0.35,0.0,False
616,[[266  16]],0,779.64016,[[287  22]],1.2,0.4,0.0,False
617,[[287  22]],1,691.8212,[[284  11]],1.2,0.35,0.0,False
618,[[284  11]],2,697.3513399999999,[[299  15]],1.2,0.35,0.0,False
619,[[299  15]],0,728.88448,[[272  10]],1.2,0.4,0.0,False
620,[[272  10]],0,828.81378,[[269  21]],1.2,0.45,0.0,False
621,[[269  21]],0,957.4300000000001,[[289   9]],1.2,0.5,0.0,False
622,[[289   9]],1,884.37744,[[294  13]],1.2,0.45,0.0,False
623,[[294  13]],2,833.93694,[[274  13]],1.2,0.45,0.0,False
624,[[274  13]],2,889.8298199999999,[[288  23]],1.2,0.45,0.0,False
625,[[288  23]],2,937.86444,[[294  14]],1.2,0.45,0.0,False
626,[[294  14]],1,743.34496,[[281  15]],1.2,0.4,0.0,False
627,[[281  15]],0,786.2184,[[264  16]],1.2,0.45,0.0,False
628,[[264  16]],1,818.2724800000001,[[290  13]],1.2,0.4,0.0,False
629,[[290  13]],2,824.04768,[[294  16]],1.2,0.4,0.0,False
630,[[294  16]],0,829.9044,[[273  15]],1.2,0.45,0.0,False
631,[[273  15]],1,763.9446399999999,[[278  11]],1.2,0.4,0.0,False
632,[[278  11]],0,1003.87044,[[314  20]],1.2,0.45,0.0,False
633,[[314  20]],2,793.91124,[[261  16]],1.2,0.45,0.0,False
634,[[261  16]],0,923.6007999999999,[[265  16]],1.2,0.5,0.0,False
635,[[265  16]],1,823.78908,[[272  15]],1.2,0.45,0.0,False
636,[[272  15]],0,953.847,[[273  13]],1.2,0.5,0.0,False
637,[[273  13]],1,831.4693199999999,[[267  15]],1.2,0.45,0.0,False
638,[[267  15]],0,944.3331999999999,[[274  20]],1.2,0.5,0.0,False
639,[[274  20]],0,1052.12932,[[287  13]],1.2,0.55,0.0,False
640,[[287  13]],1,992.8105999999999,[[287  23]],1.2,0.5,0.0,False
641,[[287  23]],1,858.95982,[[281  15]],1.2,0.45,0.0,False
642,[[281  15]],0,896.9502,[[264  22]],1.2,0.5,0.0,False
643,[[264  22]],0,1184.63202,[[297  21]],1.2,0.55,0.0,False
644,[[297  21]],1,929.7404,[[275  20]],1.2,0.5,0.0,False
645,[[275  20]],1,921.20202,[[286  20]],1.2,0.45,0.0,False
646,[[286  20]],0,1037.1616,[[301  17]],1.2,0.5,0.0,False
647,[[301  17]],1,799.75332,[[253  23]],1.2,0.45,0.0,False
648,[[253  23]],2,866.30382,[[281   8]],1.2,0.45,0.0,False
649,[[281   8]],0,891.1302,[[270  14]],1.2,0.5,0.0,False
650,[[270  14]],0,1097.22316,[[299  15]],1.2,0.55,0.0,False
651,[[299  15]],1,1042.4142,[[300  20]],1.2,0.5,0.0,False
652,[[300  20]],0,995.7450799999999,[[268  19]],1.2,0.55,0.0,False
653,[[268  19]],0,1105.7712,[[275  23]],1.2,0.6,0.0,False
654,[[275  23]],1,969.2009800000001,[[266  13]],1.2,0.55,0.0,False
655,[[266  13]],0,1094.02272,[[258  12]],1.2,0.6,0.0,False
656,[[258  12]],1,1023.74404,[[275  15]],1.2,0.55,0.0,False
657,[[275  15]],1,897.0844,[[265  18]],1.2,0.5,0.0,False
658,[[265  18]],1,919.37232,[[293  13]],1.2,0.45,0.0,False
659,[[293  13]],2,894.4423199999999,[[292  13]],1.2,0.45,0.0,False
660,[[292  13]],1,851.68784,[[298  13]],1.2,0.4,0.0,False
661,[[298  13]],2,856.80528,[[315  16]],1.2,0.4,0.0,False
662,[[315  16]],2,792.35488,[[293  17]],1.2,0.4,0.0,False
663,[[293  17]],1,662.63722,[[280  14]],1.2,0.35,0.0,False
664,[[280  14]],0,713.8686399999999,[[260  22]],1.2,0.4,0.0,False
665,[[260  22]],0,798.8304599999999,[[259  18]],1.2,0.45,0.0,False
666,[[259  18]],2,905.27274,[[300  12]],1.2,0.45,0.0,False
667,[[300  12]],2,837.8033399999999,[[274  19]],1.2,0.45,0.0,False
668,[[274  19]],0,957.2794,[[271  24]],1.2,0.5,0.0,False
669,[[271  24]],2,1078.84,[[310  19]],1.2,0.5,0.0,False
670,[[310  19]],0,1105.58756,[[295  13]],1.2,0.55,0.0,False
671,[[295  13]],0,1240.8352799999998,[[305  11]],1.2,0.6,0.0,False
672,[[305  11]],2,1265.4441599999998,[[299  10]],1.2,0.6,0.0,False
673,[[299  10]],0,1281.9237600000001,[[282  13]],1.2,0.65,0.0,False
674,[[282  13]],0,1315.9924399999998,[[277  20]],1.2,0.7,0.0,False
675,[[277  20]],1,1280.80888,[[286  14]],1.2,0.65,0.0,False
676,[[286  14]],1,1160.17464,[[280  15]],1.2,0.6,0.0,False
677,[[280  15]],1,1073.0020399999999,[[289  19]],1.2,0.55,0.0,False
678,[[289  19]],0,1267.36512,[[308  17]],1.2,0.6,0.0,False
679,[[308  17]],1,1191.71778,[[297  21]],1.2,0.55,0.0,False
680,[[297  21]],1,999.0346,[[295  20]],1.2,0.5,0.0,False
681,[[295  20]],0,1084.83826,[[287  12]],1.2,0.55,0.0,False
682,[[287  12]],1,968.4363999999999,[[283  16]],1.2,0.5,0.0,False
683,[[283  16]],2,1029.5046000000002,[[294  15]],1.2,0.5,0.0,False
684,[[294  15]],1,799.2495,[[268  16]],1.2,0.45,0.0,False
685,[[268  16]],2,915.87564,[[294  18]],1.2,0.45,0.0,False
686,[[294  18]],2,936.8991,[[308  13]],1.2,0.45,0.0,False
687,[[308  13]],0,976.2328,[[271  15]],1.2,0.5,0.0,False
688,[[271  15]],1,885.81276,[[288  12]],1.2,0.45,0.0,False
689,[[288  12]],2,922.96332,[[287  14]],1.2,0.45,0.0,False
690,[[287  14]],1,748.0211200000001,[[272  15]],1.2,0.4,0.0,False
691,[[272  15]],1,675.85462,[[289  18]],1.2,0.35,0.0,False
692,[[289  18]],2,671.0401599999999,[[277  14]],1.2,0.35,0.0,False
693,[[277  14]],1,607.2265199999999,[[290  20]],1.2,0.3,0.0,False
694,[[290  20]],0,631.1877599999999,[[273  13]],1.2,0.35,0.0,False
695,[[273  13]],0,767.38448,[[277   8]],1.2,0.4,0.0,False
696,[[277   8]],0,858.79404,[[290  18]],1.2,0.45,0.0,False
697,[[290  18]],0,933.6505999999999,[[272   8]],1.2,0.5,0.0,False
698,[[272   8]],1,864.9394199999999,[[271  15]],1.2,0.45,0.0,False
699,[[271  15]],0,881.8861999999999,[[260  12]],1.2,0.5,0.0,False
700,[[260  12]],2,907.752,[[264  18]],1.2,0.5,0.0,False
701,[[264  18]],0,1004.5827,[[276  14]],1.2,0.55,0.0,False
702,[[276  14]],1,1021.1456,[[290  16]],1.2,0.5,0.0,False
703,[[290  16]],2,939.6538,[[277  22]],1.2,0.5,0.0,False
704,[[277  22]],0,1072.6713800000002,[[289  16]],1.2,0.55,0.0,False
705,[[289  16]],1,934.2764,[[266  20]],1.2,0.5,0.0,False
706,[[266  20]],2,933.2749999999999,[[269  14]],1.2,0.5,0.0,False
707,[[269  14]],2,1013.7406,[[283  12]],1.2,0.5,0.0,False
708,[[283  12]],0,1053.31072,[[287  17]],1.2,0.55,0.0,False
709,[[287  17]],1,973.7221999999999,[[281  15]],1.2,0.5,0.0,False
710,[[281  15]],1,890.0685,[[288  15]],1.2,0.45,0.0,False
711,[[288  15]],0,984.2701999999999,[[281   8]],1.2,0.5,0.0,False
712,[[281   8]],0,1147.42254,[[297  16]],1.2,0.55,0.0,False
713,[[297  16]],0,1235.6505599999998,[[287  12]],1.2,0.6,0.0,False
714,[[287  12]],1,970.13532,[[267  11]],1.2,0.55,0.0,False
715,[[267  11]],2,1094.01402,[[285  18]],1.2,0.55,0.0,False
716,[[285  18]],2,1099.66714,[[290  15]],1.2,0.55,0.0,False
717,[[290  15]],1,990.8338,[[286  13]],1.2,0.5,0.0,False
718,[[286  13]],2,965.1146,[[278  16]],1.2,0.5,0.0,False
719,[[278  16]],1,765.7982999999999,[[255  11]],1.2,0.45,0.0,False
720,[[255  11]],0,1015.202,[[287  19]],1.2,0.5,0.0,False
721,[[287  19]],0,987.08654,[[259  17]],1.2,0.55,0.0,False
722,[[259  17]],1,901.2539999999999,[[276  22]],1.2,0.5,0.0,False
723,[[276  22]],0,982.3096800000001,[[264   9]],1.2,0.55,0.0,False
724,[[264   9]],1,953.8742,[[269  19]],1.2,0.5,0.0,False
725,[[269  19]],0,1075.84884,[[282  19]],1.2,0.55,0.0,False
726,[[282  19]],1,1041.2954,[[293  15]],1.2,0.5,0.0,False
727,[[293  15]],2,849.5012,[[248  24]],1.2,0.5,0.0,False
728,[[248  24]],2,921.0409999999999,[[269  12]],1.2,0.5,0.0,False
729,[[269  12]],0,1082.99708,[[289  14]],1.2,0.55,0.0,False
730,[[289  14]],1,979.6951999999999,[[293  14]],1.2,0.5,0.0,False
731,[[293  14]],2,946.246,[[277  17]],1.2,0.5,0.0,False
732,[[277  17]],1,868.91634,[[278  21]],1.2,0.45,0.0,False
733,[[278  21]],1,688.90976,[[256  16]],1.2,0.4,0.0,False
734,[[256  16]],2,701.9102399999999,[[255  24]],1.2,0.4,0.0,False
735,[[255  24]],1,676.84498,[[280  19]],1.2,0.35,0.0,False
736,[[280  19]],1,542.328,[[271  15]],1.2,0.3,0.0,False
737,[[271  15]],2,559.7830799999999,[[279  16]],1.2,0.3,0.0,False
738,[[279  16]],1,434.07949999999994,[[256  13]],1.2,0.25,0.0,False
739,[[256  13]],2,484.02779999999996,[[294  15]],1.2,0.25,0.0,False
740,[[294  15]],0,549.3806400000001,[[272  13]],1.2,0.3,0.0,False
741,[[272  13]],1,510.27099999999996,[[284  16]],1.2,0.25,0.0,False
742,[[284  16]],2,488.81269999999995,[[295  16]],1.2,0.25,0.0,False
743,[[295  16]],1,413.32728,[[303  21]],1.2,0.2,0.0,False
744,[[303  21]],0,513.1273,[[296  14]],1.2,0.25,0.0,False
745,[[296  14]],2,488.028,[[285  19]],1.2,0.25,0.0,False
746,[[285  19]],2,489.54409999999996,[[289  21]],1.2,0.25,0.0,False
747,[[289  21]],1,432.33984,[[306  15]],1.2,0.2,0.0,False
748,[[306  15]],2,349.12176,[[264  18]],1.2,0.2,0.0,False
749,[[264  18]],1,291.31812,[[282  11]],1.2,0.15,0.0,False
750,[[282  11]],2,261.41009999999994,[[272  18]],1.2,0.15,0.0,False
751,[[272  18]],0,374.40103999999997,[[275  19]],1.2,0.2,0.0,False
752,[[275  19]],1,301.3461,[[288  14]],1.2,0.15,0.0,False
753,[[288  14]],0,416.91664000000003,[[298  16]],1.2,0.2,0.0,False
754,[[298  16]],2,402.65128,[[289  18]],1.2,0.2,0.0,False
755,[[289  18]],0,518.376,[[297  17]],1.2,0.25,0.0,False
756,[[297  17]],1,399.61824,[[291  16]],1.2,0.2,0.0,False
757,[[291  16]],1,297.93708,[[297  13]],1.2,0.15,0.0,False
758,[[297  13]],1,193.15256,[[283  14]],1.2,0.1,0.0,False
759,[[283  14]],2,196.56088,[[290  13]],1.2,0.1,0.0,False
760,[[290  13]],0,268.19646,[[260  22]],1.2,0.15,0.0,False
761,[[260  22]],1,180.97904,[[277  14]],1.2,0.1,0.0,False
762,[[277  14]],2,204.2854,[[296  22]],1.2,0.1,0.0,False
763,[[296  22]],2,187.0078,[[278  20]],1.2,0.1,0.0,False
764,[[278  20]],2,211.98868000000002,[[302  25]],1.2,0.1,0.0,False
765,[[302  25]],0,294.58932000000004,[[281  25]],1.2,0.15,0.0,False
766,[[281  25]],2,296.14415999999994,[[290  27]],1.2,0.15,0.0,False
767,[[290  27]],1,210.7962,[[297  24]],1.2,0.1,0.0,False
768,[[297  24]],1,100.80806000000001,[[296  29]],1.2,0.05,0.0,False
769,[[296  29]],0,214.80504,[[309  29]],1.2,0.1,0.0,False
770,[[309  29]],2,199.8008,[[289  20]],1.2,0.1,0.0,False
771,[[289  20]],2,193.76636000000002,[[292  28]],1.2,0.1,0.0,False
772,[[292  28]],2,184.09212,[[276  25]],1.2,0.1,0.0,False
773,[[276  25]],2,206.7002,[[307  14]],1.2,0.1,0.0,False
774,[[307  14]],2,220.84996,[[317  31]],1.2,0.1,0.0,False
775,[[317  31]],0,311.55755999999997,[[302  26]],1.2,0.15,0.0,False
776,[[302  26]],2,286.48314,[[291  24]],1.2,0.15,0.0,False
777,[[291  24]],1,214.10412,[[318  28]],1.2,0.1,0.0,False
778,[[318  28]],1,103.71766,[[310  33]],1.2,0.05,0.0,False
779,[[310  33]],2,94.73035999999999,[[284  25]],1.2,0.05,0.0,False
780,[[284  25]],2,103.26584,[[308  31]],1.2,0.05,0.0,False
781,[[308  31]],0,220.95348,[[321  28]],1.2,0.1,0.0,False
782,[[321  28]],1,111.63306,[[327  26]],1.2,0.05,0.0,False
783,[[327  26]],1,0.0,[[326  33]],1.2,0.0,0.0,False
784,[[326  33]],0,110.08959999999999,[[325  32]],1.2,0.05,0.0,False
785,[[325  32]],0,208.82244000000003,[[318  31]],1.2,0.1,0.0,False
786,[[318  31]],0,291.92718,[[295  33]],1.2,0.15,0.0,False
787,[[295  33]],1,242.44648,[[350  31]],1.2,0.1,0.0,False
788,[[350  31]],0,368.32536,[[366  36]],1.2,0.15,0.0,False
789,[[366  36]],2,330.29358,[[323  33]],1.2,0.15,0.0,False
790,[[323  33]],2,327.42102,[[325  30]],1.2,0.15,0.0,False
791,[[325  30]],1,216.21232,[[317  31]],1.2,0.1,0.0,False
792,[[317  31]],2,206.3202,[[309  39]],1.2,0.1,0.0,False
793,[[309  39]],1,110.72576000000001,[[323  34]],1.2,0.05,0.0,False
794,[[323  34]],0,244.41736,[[362  35]],1.2,0.1,0.0,False
795,[[362  35]],1,111.95278,[[340  34]],1.2,0.05,0.0,False
796,[[340  34]],0,215.84684,[[328  29]],1.2,0.1,0.0,False
797,[[328  29]],1,124.45482,[[375  28]],1.2,0.05,0.0,False
798,[[375  28]],1,0.0,[[322  35]],1.2,0.0,0.0,False
799,[[322  35]],0,110.29154,[[323  36]],1.2,0.05,0.0,False
